例文番号,文章,正解ラベル,種類(Syntax固定),構文種
1,Jill is loved by Jack.,ok,Sentence,受動態
2,She was offered a watch.,ok,Sentence,受動態
3,He was elected president.,ok,Sentence,受動態
4,John was talked about. ,ok,Sentence,受動態
5,John was taken advantage of.,ok,Sentence,受動態
6,Your family was very frightened.,ok,Sentence,受動態
7,Ed was worried by her illness.,ok,Sentence,受動態
8,Ed seemed worried by her illness.,ok,Sentence,受動態
9,This island was uninhabited (by humans).,ok,Sentence,受動態
10,There is believed to be a monster in Lock Ness.,ok,Sentence,受動態
11,John is known to be a communist.,ok,Sentence,受動態
12,John is unknown to be communist.,*,Sentence,受動態
13,Bill was told the story.,ok,Sentence,受動態
14,Advantage is easily taken of John.,ok,Sentence,受動態
15,John is considered a fool.,ok,Sentence,受動態
16,Bill was untold the story.,*,Sentence,受動態
17,Advantage sounds easily taken of John.,*,Sentence,受動態
18,John seems considered a fool.,??,Sentence,受動態
19,The door was closed.,ok,Sentence,受動態
20,It is danced by the children.,ok,Sentence,受動態
21,Many hourses are argued for.,*,Sentence,受動態
22,John was talked to Harry about.,*,Verb Phrase,受動態
23,The table was put the mouse on.,*,Sentence,受動態
24,"He has been burned, stuck pins in, beheaded.",ok,Sentence,受動態
25,His ticket has been paid too much for.,*,Sentence,受動態
26,"A: He paid too much for his coat.
B: Well, lots of things are paid too much for nowadays. ",ok,Sentence,受動態
27,He has been told lies about.,ok,Sentence,受動態
28,He has been written lies about.,?,Verb Phrase,受動態
29,He has been published lies about.,*,Verb Phrase,受動態
30,How does it feel to be aimed a gun at?,ok,Sentence,受動態
31,To be eaten potato chips in isn’t the best thing for a bed.,ok,Sentence,受動態
32,John was voted against by almost everyone.,ok,Sentence,受動態
33,It would be a pity for something to happen to him.,ok,Sentence,受動態
34,The bridge was existed under by trolls.,*,Sentence,受動態
35,The hill was grown on by grass.,*,Sentence,受動態
36,I believe John to be happy.,ok,Sentence,受動態
37,Our house is painted.,ok,Sentence,受動態
38,He was run over.,ok,Sentence,受動態
39,He got run over.,ok,Sentence,受動態
40,John was shot by Mary deliberately.,ok,Sentence,受動態
41,John got shot by Mary deliberately.,ok,Sentence,受動態
42,Advantage was taken of Bill by Harry.,ok,Sentence,受動態
43,Advantage got  taken of Bill by Harry.,*,Sentence,受動態
44,John got a present from his mother.,ok,Sentence,受動態
45,John got a present for his mother.,ok,Sentence,受動態
46,George got his girlfriend invited.,ok,Sentence,受動態
47,His girlfriend got invited.,ok,Sentence,受動態
48,John got his feet wet.,ok,Sentence,受動態
49,His feet got wet.,ok,Sentence,受動態
50,The enemy sank the boat.,ok,Sentence,受動態
51,The boat sank.,ok,Sentence,受動態
52,George got invited his girlfriend.,ok,Sentence,受動態
53,The book reads easily.,ok,Sentence,中間態
54,This poem understands easily.,*,Sentence,中間態
55,the city’s destruction by the enemy,ok,Noun Phrase,中間態
56,physics' knowledge by the students,*,Noun Phrase,中間態
57,Physics knows easily.,*,Sentence,中間態
58,German learns easily.,*,Sentence,中間態
59,The formula memorizes easily.,*,Sentence,中間態
60,French acquires easily.,*,Sentence,中間態
61,The traffic jam avoids easily.,*,Sentence,中間態
62,This wire touches easily.,*,Sentence,中間態
63,This fabric launders nicely.,ok,Sentence,中間態
64,This wood splits easily.,ok,Sentence,中間態
65,This glass breaks easily.,ok,Sentence,中間態
66,This bread cuts easily.,ok,Sentence,中間態
67,Chickens kill easily.,ok,Sentence,中間態
68,Bureaucrats bribe easily.,ok,Sentence,中間態
69,Cities destroy easily.,*,Sentence,中間態
70,This book reads easily.,ok,Sentence,中間態
71,She photographs well.,ok,Sentence,中間態
72,This book buys well.,*,Sentence,中間態
73,This book sells well.,ok,Sentence,中間態
74,The car drives easily.,ok,Sentence,中間態
75,These toys assemble easily.,ok,Sentence,中間態
76,FBI agents recognize on the spot.,*,Sentence,中間態
77,The answer knows easily.,*,Sentence,中間態
78,He is driving the car.,ok,Sentence,中間態
79,He is assembling the toys.,ok,Sentence,中間態
80,He is recognizing them.,*,Sentence,中間態
81,He is knowing the answer.,*,Verb Phrase,中間態
82,Glass breaks easily.,ok,Sentence,中間態
83,Bombs explode easily.,ok,Sentence,中間態
84,This applesauce will eat rapidly.,*,Sentence,中間態
85,This applesauce will digest rapidly.,ok,Sentence,中間態
86,"Keep these pills away from the baby. They’re powerful, but they eat like they were candy.",ok,Sentence,中間態
87,How did Alex manage to buy the Jaguar?,ok,Sentence,中間態
88,How did Marie manage to sell the car?,ok,Sentence,中間態
89,"It’s a great car, a real bargain.",ok,Sentence,中間態
90,The wall paints easily.,ok,Sentence,中間態
91,Greek translates easily.,ok,Sentence,中間態
92,the Greek SELF translates easily.,ok,Sentence,中間態
93,Greek translates with a dictionary.,*,Sentence,中間態
94,Greek translates better in the morning.,*,Sentence,中間態
95,This type of bridge builds easily.,*,Sentence,中間態
96,The Eiffel Tower sees easily from my window.,*,Sentence,中間態
97,This kind of crime does not forgive easily.,*,Sentence,中間態
98,This obstacle avoids easily.,*,Sentence,中間態
99,it/there lives self well as secretary in Bonn.,ok,Sentence,中間態
100,it/there dances self well on smooth parquet.,ok,Sentence,中間態
101,John is easy to please.,ok,Sentence,tough 構文
102,It is easy to please John.,ok,Sentence,tough 構文
103,John is difficult for us to please.,ok,Sentence,tough 構文
104,John seems to be honest.,ok,Sentence,tough 構文
105,It seems that John is honest.,ok,Sentence,tough 構文
106,To read this book seems.,*,Sentence,tough 構文
107,To read this book is hard.,ok,Sentence,tough 構文
108,Mary seems.,*,Sentence,tough 構文
109,"John seems to be tall, and Sam also seems.",*,Sentence,tough 構文
110,The test was easy.,ok,Sentence,tough 構文
111,That book is hard.,ok,Sentence,tough 構文
112,Mary is tough.,ok,Sentence,tough 構文
113,"This rock is impossible for me to move, and that one is equally impossible.",ok,Sentence,tough 構文
114,There seems to have been a lot of interest in that problem.,*,Sentence,tough 構文
115,It seems that there was a lot of interest in that problem.,ok,Sentence,tough 構文
116,It seems to be obvious that John will win.,ok,Sentence,tough 構文
117,It seems that it is obvious that John will win.,ok,Sentence,tough 構文
118,There is hard for me to imagine ever being enough snow in New England.,*,Sentence,tough 構文
119,It’s hard for me to imagine there ever being enough snow in New England.,ok,Sentence,tough 構文
120,It's hard for me to imagine ever being obvious that there’s a Level of LF.,*,Sentence,tough 構文
121,It’s hard for me to imagine it ever being obvious that there's a level of LF.,ok,Sentence,tough 構文
122,John is hard for me to imagine ever being nice.,?,Sentence,tough 構文
123,It’s hard for me to imagine John ever being nice.,ok,Sentence,tough 構文
124,To please John is easy.,ok,Sentence,tough 構文
125,It is easy to play sonatas on this violin.,ok,Sentence,tough 構文
126,Sonatas are easy to play on this violin.,ok,Sentence,tough 構文
127,This violin is easy to play sonatas on.,ok,Sentence,tough 構文
128,This knife is very difficult to cut meat with.,ok,Sentence,tough 構文
129,Harry is hard to handle skillfully.,ok,Sentence,tough 構文
130,Harry is hard to handle the horse skillfully.,*,Sentence,tough 構文
131,Bob is hard to arrive.,*,Sentence,tough 構文
132,Jack was difficult for Tony to hit.,ok,Sentence,tough 構文
133,It was difficult for Tony to hit Jack.,ok,Sentence,tough 構文
134,for Tony to hit Jack was difficult,ok,Sentence,tough 構文
135,it for Tony to hit Jack was difficult,ok,Sentence,tough 構文
136,was difficult for Tony to hit Jack,ok,Verb Phrase,tough 構文
137,It was difficult for Tony to hit Jack.,ok,Sentence,tough 構文
138,John was pleased.,ok,Sentence,tough 構文
139,Headway is easy to make on problems like these.,?,Sentence,tough 構文
140,Tabs were easy to keep on Mary.,*,Sentence,tough 構文
141,Advantage was easy to take of Bill.,*,Sentence,tough 構文
142,Attention is difficult to pay to boring lectures.,*,Sentence,tough 構文
143,Mary is pretty to look at.,ok,Sentence,tough 構文
144,The mattress is too thin to sleep on.,ok,Sentence,tough 構文
145,The football is soft enough to kick.,ok,Sentence,tough 構文
146,It is pretty to look at Mary.,*,Sentence,tough 構文
147,The mattress is thin to sleep on.,*,Sentence,tough 構文
148,The football is soft to kick.,*,Sentence,tough 構文
149,I wonder who John saw.,ok,Sentence,tough 構文
150,I wonder who John believed that Mary would claim that Bill would visit.,ok,Sentence,tough 構文
151,I wonder who John believed the claim that Bill would visit.,*,Sentence,tough 構文
152,John is easy for us to please.,ok,Sentence,tough 構文
153,John is easy for us to convince Bill to tell Mary that Tom should meet.,ok,Sentence,tough 構文
154,John is easy for us to convince Bill of the need for him to meet.,*,Sentence,tough 構文
155,John is easy who to please.,ok,Sentence,tough 構文
156,John is easy to tease.,ok,Sentence,tough 構文
157,John is easy for Bill to tease.,ok,Sentence,tough 構文
158,It is easy to tease John.,ok,Sentence,tough 構文
159,It is easy for Bill to tease John.,ok,Sentence,tough 構文
160,It is tough that John will win.,ok,Sentence,tough 構文
161,The part was easy for Brand.,ok,Sentence,tough 構文
162,The puzzle was for me.,ok,Sentence,tough 構文
163,For whom is the rock easy to move?,ok,Sentence,tough 構文
164,"For Bill, the rock is easy to move?",ok,Sentence,tough 構文
165,The rock is easy to move for Bill.,ok,Sentence,tough 構文
166,It is unlikely for John to win.,ok,Sentence,tough 構文
167,For whom is it unlikely to win?,*,Sentence,tough 構文
168,"For Bill, it’s unlikely to win.",*,Sentence,tough 構文
169,It's unlikely to win for Bill.,*,Sentence,tough 構文
170,The room was hard for there to be so many people in.,*,Sentence,tough 構文
171,The was hard for the boss for the secretary to leave early.,*,Sentence,tough 構文
172,It was hard for there to be so many people in the room.,ok,Sentence,tough 構文
173,It was tough for the boss for the secretary to leave early.,ok,Sentence,tough 構文
174,John is easy for Bill to please.,ok,Sentence,tough 構文
175,I wonder what John bought.,ok,Sentence,tough 構文
176,John is easy for Bill to please.,ok,Sentence,tough 構文
177,an easy to take laxative,ok,Noun Phrase,tough 構文
178,a tough to please boss,ok,Noun Phrase,tough 構文
179,an easy to sew pattern,ok,Noun Phrase,tough 構文
180,a concerned about her students teacher,*,Noun Phrase,tough 構文
181,a suspicious of his wife man,*,Noun Phrase,tough 構文
182,an easy to persuade Bill to buy coat,*,Noun Phrase,tough 構文
183,a hard to convince John to marry girl,*,Noun Phrase,tough 構文
184,The book is hard to buy without reading.,ok,Sentence,tough 構文
185,Moby Dick will be easy to have read before I make it to college.,?,Sentence,tough 構文
186,Fennel is easy to often use in pizza.,?,Sentence,tough 構文
187,Fennel is easy to use often in pizza.,?,Sentence,tough 構文
188,John is eager to please.,ok,Sentence,tough 構文
189,Mary is pretty to look at.,ok,Sentence,tough 構文
190,John was clever to punish the dog.,ok,Sentence,tough 構文
191,It is worth considering this issue further.,ok,Sentence,tough 構文
192,This issue is worth considering further.,ok,Sentence,tough 構文
193,This issue is worth considering it further.,*,Sentence,tough 構文
194,John sent Mary a letter.,ok,Sentence,ニ重目的語構文
195,John sent a letter to Mary.,ok,Sentence,ニ重目的語構文
196,I showed John/him himself (in the mirror).,ok,Sentence,ニ重目的語構文
197,I showed himself John (in the mirror).,*,Sentence,ニ重目的語構文
198,I showed every friend of mine his photograph.,ok,Sentence,ニ重目的語構文
199,I showed its trainer every lion.,ok,Sentence,ニ重目的語構文
200,Which worker did you deny his paycheck?,ok,Sentence,ニ重目的語構文
201,Which paycheck did he deny its owner?,*,Sentence,ニ重目的語構文
202,Who did you give which book?,ok,Sentence,ニ重目的語構文
203,Which book did you give who?,*,Sentence,ニ重目的語構文
204,I gave each man the other’s watch.,ok,Sentence,ニ重目的語構文
205,I gave the other’s trainer each lion.,*,Sentence,ニ重目的語構文
206,I gave no one anything.,ok,Sentence,ニ重目的語構文
207,I gave anyone nothing.,*,Sentence,ニ重目的語構文
208,Mary was given a book.,ok,Sentence,ニ重目的語構文
209,A book was given Mary.,??,Sentence,ニ重目的語構文
210,I loaded the hay onto the truck.,ok,Sentence,ニ重目的語構文
211,I loaded the truck with the hay.,ok,Sentence,ニ重目的語構文
212,I gave the meat to Mary raw.,ok,Sentence,ニ重目的語構文
213,I gave the meat to Mary hungry.,*,Sentence,ニ重目的語構文
214,I gave Mary the meat raw.,ok,Sentence,ニ重目的語構文
215,I gave Mary the meat hungry.,*,Sentence,ニ重目的語構文
216,give Mary a book,ok,Verb Phrase,ニ重目的語構文
217,give book to Mary,ok,Verb Phrase,ニ重目的語構文
218,I gave each other's babies to the mothers.,?,Sentence,ニ重目的語構文
219,I showed each other's babies to the mothers.,?,Sentence,ニ重目的語構文
220,I gave each other's mothers the babies.,*,Sentence,ニ重目的語構文
221,I showed each other's mothers the babies.,*,Sentence,ニ重目的語構文
222,Nixon gave Mailer a book.,ok,Sentence,ニ重目的語構文
223,Nixon gave a book to Mailer.,ok,Sentence,ニ重目的語構文
224,John gave Mary a book.,ok,Sentence,ニ重目的語構文
225,John gave a book to Mary.,ok,Sentence,ニ重目的語構文
226,John lives a happy life.,ok,Sentence,同族目的語
227,John lives happily.,ok,Sentence,同族目的語
228,Jones died a gruesome death.,ok,Sentence,同族目的語
229,Harry lived an uneventful life.,ok,Sentence,同族目的語
230,Bill sighed a weary sigh.,ok,Sentence,同族目的語
231,Sam danced a merry dance.,ok,Sentence,同族目的語
232,Sam danced a jig.,ok,Sentence,同族目的語
233,Sam danced a piece from Swan Lake.,ok,Sentence,同族目的語
234,Sam danced something involving lots of pirouettes.,ok,Sentence,同族目的語
235,A gruesome death was died by John.,*,Sentence,同族目的語
236,An uneventful life was lived by Harry.,*,Sentence,同族目的語
237,A weary sigh was sighed by Bill.,*,Sentence,同族目的語
238,A merry dance was danced by Sam.,ok,Sentence,同族目的語
239,John died gruesomely.,ok,Sentence,同族目的語
240,John died.,ok,Sentence,同族目的語
241,John screamed.,ok,Sentence,同族目的語
242,John is a painful death died.,ok,Sentence,同族目的語
243,John screamed this scream we heard today.,*,Sentence,同族目的語
244,John screamed every scream we heard today.,*,Sentence,同族目的語
245,"A painful death, John died.",*,Sentence,同族目的語
246,"A shrill scream, John screamed.",*,Sentence,同族目的語
247,He thanks were smiled by Rilla.,*,Sentence,同族目的語
248,Grateful thanks were smiled by Rilla.,*,Sentence,同族目的語
249,John caused the event [John laugh] to exist by means of [John laugh],ok,Sentence,同族目的語
250,"The big cheery smile, Fran smiled; it was Esie who smiled the inspid smirky smile.",ok,Sentence,同族目的語
251,"Smile a happy smile though Chris did, (everyone could see that her happiness was forced).",ok,Sentence,同族目的語
252,"I wanted Chris to smile a happy smile that day, and smile a happy smile she did that way.",ok,Sentence,同族目的語
253,"Chris smiled a happy smile, and Mary did so, too.",ok,Sentence,同族目的語
254,"Chris smiled a happy smile, and Mary did so a sarcastic smile.",*,Sentence,同族目的語
255,What kind of smile did Chris wonder whether Lee smiled?,ok,Sentence,同族目的語
256,With an life of her own she felt reality breaking into the illusion with which her husband was content.,ok,Sentence,同族目的語
257,Life here had been lived on a scale and in astyle she knew nothing about.,ok,Sentence,同族目的語
258,A gruesome death was died by John.,*,Sentence,同族目的語
259,An uneventful life was lived by Harry.,*,Sentence,同族目的語
260,Mordered killed the knight a gruesome kill.,*,Sentence,同族目的語
261,Ben sneezed a glorious sneeze.,ok,Sentence,同族目的語
262,Ben sneezed that way a glorious sneeze.,*,Sentence,同族目的語
263,Tosca sang.,ok,Sentence,同族目的語
264,Tosca sang an aria.,ok,Sentence,同族目的語
265,Henleigh smiled a wicked smile.,ok,Sentence,同族目的語
266,Mr. Spock bleeds green blood.,ok,Sentence,同族目的語
267,Gabriel sneezed a hefty sneeze.,ok,Sentence,同族目的語
268,Gabriel sneezed his hefty sneeze.,ok,Sentence,同族目的語
269,Gabriel sneezed her hefty sneeze.,*,Sentence,同族目的語
270,King Alfred died a gruesome death.,ok,Sentence,同族目的語
271,Henleigh smiled an unkind smile.,ok,Sentence,同族目的語
272,Hans smiled an evident smile.,*,Sentence,同族目的語
273,Life here had been lived on a scale and in a style she knew nothing about.,ok,Sentence,同族目的語
274,A groan was given by the man on the right.,*,Sentence,同族目的語
275,"She and David were committed now. Not only to a dream, but to those who dreamed the dream.",ok,Sentence,同族目的語
276,Who gave the groan just now?,*,Sentence,同族目的語
277,Mary laughed for an hour.,ok,Sentence,同族目的語
278,Mary laughed in an hour.,*,Sentence,同族目的語
279,Mary laughed a mirthless laugh in one minute.,ok,Sentence,同族目的語
280,Mary laughed a mirthless laugh for one minute.,*,Sentence,同族目的語
281,John ate slowly.,ok,Sentence,同族目的語
282,John died a painful death.,ok,Sentence,同族目的語
283,There is a man in the garden.,ok,Sentence,存在構文
284,There flew through the window that shoe on the table.,ok,Sentence,存在構文
285,"There's a boy on the dock, isn't there?",ok,Sentence,存在構文
286,Is there a boy on the dock?,ok,Sentence,存在構文
287,There was a boy on the dock.,ok,Sentence,存在構文
288,There are some students in the ballroom.,ok,Sentence,存在構文
289,Three men entered the room without identifying themselves.,ok,Sentence,存在構文
290,I met three men last night without identifying themselves.,*,Sentence,存在構文
291,There arrived three men last night without identifying themselves.,ok,Sentence,存在構文
292,Three men came in with their own books.,ok,Sentence,存在構文
293,I found with their own books three men from England.,*,Sentence,存在構文
294,There arrived with their own books three men from England.,ok,Sentence,存在構文
295,Someone is likely to be in the garden.,ok,Sentence,存在構文
296,There is likely to be someone in the garden.,ok,Sentence,存在構文
297,Someone seems to himself to be in the garden.,ok,Sentence,存在構文
298,There seems to himself to be someone in the garden.,*,Sentence,存在構文
299,No NBA team seems to any European team to be beatable.,ok,Sentence,存在構文
300,There seems to any European team to be no NBA team beatable.,*,Sentence,存在構文
301,There is a new house being built next door.,ok,Sentence,存在構文
302,There is being a new house next door.,*,Sentence,存在構文
303,There is a man in the room.,ok,Sentence,存在構文
304,There is the man in the room.,*,Sentence,存在構文
305,There are two books on the table.,ok,Sentence,存在構文
306,There are several people in the room.,ok,Sentence,存在構文
307,There are all dogs in the room.,*,Sentence,存在構文
308,There are most hotels on the island.,?,Sentence,存在構文
309,Every man is intelligent.,ok,Sentence,存在構文
310,Every man has red hair.,ok,Sentence,存在構文
311,A man is intelligent.,*,Sentence,存在構文
312,A man has red hair.,*,Sentence,存在構文
313,There's the University of Stroke.,ok,Sentence,存在構文
314,There is my aunt from Worthing.,ok,Sentence,存在構文
315,There is the newspaper on the table.,ok,Sentence,存在構文
316,There was the most surprising odor in the closet today.,ok,Sentence,存在構文
317,There's the main thesis in chapter nine.,ok,Sentence,存在構文
318,There was never the same problem in America.,ok,Sentence,存在構文
319,There arose a storm here.,ok,Sentence,存在構文
320,There emerged several new facts at the meeting.,ok,Sentence,存在構文
321,There developed several new facts at the meeting.,ok,Sentence,存在構文
322,There sunk three ships last week.,*,Sentence,存在構文
323,There hit the newsstand a book by Chomsky.,ok,Sentence,存在構文
324,Suddenly there entered the door a six-edged troll.,ok,Sentence,存在構文
325,Suddenly there opened the door a six-edged troll.,ok,Sentence,存在構文
326,There are sm men drunk.,ok,Sentence,存在構文
327,There are sm men available.,ok,Sentence,存在構文
328,There are sm men late.,ok,Sentence,存在構文
329,There are sm men intelligent.,*,Sentence,存在構文
330,There are sm men skinny.,*,Sentence,存在構文
331,There are sm men tall.,*,Sentence,存在構文
332,A man is available.,ok,Sentence,存在構文
333,A man is intelligent.,*,Sentence,存在構文
334,There is a man available.,ok,Sentence,存在構文
335,There is a man intelligent.,*,Sentence,存在構文
336,There disappeared a man from in front of us.,*,Sentence,存在構文
337,In the vortex there disappeared ship after ship.,ok,Sentence,存在構文
338,There lurched into the room an old man.,ok,Sentence,存在構文
339,There swam towards me someone carrying a harpoon.,ok,Sentence,存在構文
340,There walked through passport control a well-known actor.,ok,Sentence,存在構文
341,There lurched an old man into the room.,*,Sentence,存在構文
342,There swam someone carrying a harpoon towards me.,*,Sentence,存在構文
343,There walked a well-known actor through passport control.,*,Sentence,存在構文
344,There flew through the window that shoe on the table.,ok,Sentence,存在構文
345,"Thereupon, there ambled into the room my neighbor's frog.",ok,Sentence,存在構文
346,There developed at the meeting many terrible objections.,ok,Sentence,存在構文
347,There stood beside the table a lamp.,ok,Sentence,存在構文
348,Did there walk into the room a man with a long blond hair?,*,Sentence,存在構文
349,Are there students in the room?,ok,Sentence,存在構文
350,Into which room did there come a man?,??,Sentence,存在構文
351,During which meeting did there arise a number of unsolved issues?,ok,Sentence,存在構文
352,John expected there to walk into the garden a man.,??,Sentence,存在構文
353,Bill expected there to arise a controversy.,ok,Sentence,存在構文
354,I doubt that there ran into the kitchen the big rats.,ok,Sentence,存在構文
355,I doubt that there are rats in the kitchen.,ok,Sentence,存在構文
356,There never stepped out in front of my car a pedestrian.,*,Sentence,存在構文
357,There is Harry in the kitchen.,ok,Sentence,存在構文
358,On the bench sat an old lady.,ok,Sentence,場所句倒置
359,Into the room came John.,ok,Sentence,場所句倒置
360,An old lady sat on the bench.,ok,Sentence,場所句倒置
361,John came into the room.,ok,Sentence,場所句倒置
362,Over my windowsill seems to have crawled an entire army of ants.,ok,Sentence,場所句倒置
363,On that hill appears to be located a cathedral.,ok,Sentence,場所句倒置
364,In these villages are likely to be found the best examples of this cuisine.,ok,Sentence,場所句倒置
365,It’s this cuisine that we all believe that can be found in these villages.,*,Sentence,場所句倒置
366,It’s this cuisine that we all believe can be found in these villages.,ok,Sentence,場所句倒置
367,It’s in these villages that we all believe that can be found the best examples of this cuisine.,*,Sentence,場所句倒置
368,It’s in these villages that we all believe can be found the best examples of this cuisine.,ok,Sentence,場所句倒置
369,She’s someone that loves cooking and hates jogging.,ok,Sentence,場所句倒置
370,She’s someone that cooking amuses and jogging bores.,ok,Sentence,場所句倒置
371,She’s someone that cooking amuses and I expect will hate.,ok,Sentence,場所句倒置
372,She’s someone that cooking amuses and hates cooking.,*,Sentence,場所句倒置
373,"That’s the old church, in which is buried a pirate and is likely to be buried a treasure.",ok,Sentence,場所句倒置
374,"That’s the old church, in which workers are digging and a treasure is likely to be buried.",ok,Sentence,場所句倒置
375,"That’s the old graveyard, in which workers are digging and they say is buried a treasure.",ok,Sentence,場所句倒置
376,"That’s the old graveyard, in which workers are digging and is likely to be buried a treasure.",??,Sentence,場所句倒置
377,In San Jose makes me happy.,*,Sentence,場所句倒置
378,I expect in San Jose to please me.,*,Sentence,場所句倒置
379,Did [on the wall] hang a Mexican serape?,*,Sentence,場所句倒置
380,Was [among the ruins] found a skeleton?,*,Sentence,場所句倒置
381,We all witnessed how down the hill came rolling a huge baby carriage.,ok,Sentence,場所句倒置
382,We suddenly saw how into the pond jumped thousands of frogs.,ok,Sentence,場所句倒置
383,John was afraid that into the room next might walk his wife.,ok,Sentence,場所句倒置
384,He didn't think of [that he might be wrong].,*,Verb Phrase,場所句倒置
385,[That he might be wrong] he didn't think of.,ok,Sentence,場所句倒置
386,I expected [on this wall] to be hung a portrait of our founder.,*,Sentence,場所句倒置
387,[On this wall] I expect to be hung a portrait of our founder.,ok,Sentence,場所句倒置
388,"I expect [that John, you won't like].",ok,Sentence,場所句倒置
389,"I expect [for John, you not to like].",*,Verb Phrase,場所句倒置
390,"I anticipate [John, your not liking].",*,Noun Phrase,場所句倒置
391,I expect [that on this wall will be hung a picture of Leonard Pabbs].,ok,Sentence,場所句倒置
392,I expect [for on the wall to be hung a picture of Leonard Pabbs].,*,Sentence,場所句倒置
393,I anticipated [on this wall being a picture].,*,Verb Phrase,場所句倒置
394,Bill walked into the room nude.,ok,Sentence,場所句倒置
395,Bill walked into the room smiling.,ok,Sentence,場所句倒置
396,walk into the room nude,ok,Verb Phrase,場所句倒置
397,"Bill walked into the room smiling, and then",ok,Verb Phrase,場所句倒置
398,John did nude.,ok,Sentence,場所句倒置
399,Jon did.,ok,Sentence,場所句倒置
400,Into which room did John walk nude?,ok,Sentence,場所句倒置
401,Into which room nude did John walk?,*,Sentence,場所句倒置
402,"They said someone might walk into the room nude, and into the room nude walked John.",ok,Sentence,場所句倒置
403,"She had the notion that someone might be standing in front of her smiling. and when she looked in front of her smiling
stood Bill.",ok,Sentence,場所句倒置
404,"Quickly Bill went into the room, and slowly Mary  onto the roof.",*,Sentence,場所句倒置
405,"Into the room nude walked Susan, and out of the room smiling Jack.",ok,Sentence,場所句倒置
406,Into the room nude walked John.,ok,Sentence,場所句倒置
407,"Nude, into the room, walked John.",*,Sentence,場所句倒置
408,In front of her smiling stood Bill.,ok,Sentence,場所句倒置
409,"Smiling, in front of her, stood Bill.",ok,Sentence,場所句倒置
410,Mary walked down the stairs into the kitchen.,ok,Sentence,場所句倒置
411,walked down the stairs into the kitchen,ok,Verb Phrase,場所句倒置
412,Where did Mary walk into the kitchen?,ok,Sentence,場所句倒置
413,Down the stairs into the kitchen walked Mary.,ok,Sentence,場所句倒置
414,An escaped convict ran into the storeroom this morning that Mary was working in.,ok,Sentence,場所句倒置
415,Into the storeroom this morning that Mary was working in ran and escaped cinvict.,ok,Sentence,場所句倒置
416,The plumber came into the room to fix the sink.,ok,Sentence,場所句倒置
417,Into the room to fix the sink came the plumber.,ok,Sentence,場所句倒置
418,Who into the room walked t?,*,Sentence,場所句倒置
419,What down the hill rolled t?,*,Sentence,場所句倒置
420,Which picture on the living room wall hangs?,*,Sentence,場所句倒置
421,The name of any of those composers weren’t called out yet.,*,Sentence,場所句倒置
422,The name weren’t called out yet of any of those composers.,ok,Sentence,場所句倒置
423,In those villages rotting Mary said might be found the carcasses of dozens of animaals.,*,Sentence,場所句倒置
424,In which villages did Mary say could be found the best coffee in the world?,ok,Sentence,場所句倒置
425,In which villages did Mary say there could be found the best coffee in the world?,ok,Sentence,場所句倒置
426,In front of her there sat knitting a woman she didn't know.,ok,Sentence,場所句倒置
427,In front of her sat knitting Mary.,*,Sentence,場所句倒置
428,In front of her sat Mary knitting.,ok,Sentence,場所句倒置
429,In front of whom did Mary say sat knitting a woman she didn't know?,ok,Sentence,場所句倒置
430,In front of whom did Mary say that a woman she didn't know knitting?,*,Sentence,場所句倒置
431,Into whose office did Mary say ran Bill?,*,Sentence,場所句倒置
432,Behind which desk does John think sits Mary?,*,Sentence,場所句倒置
433,Over her shoulder appeared the head of Genny’s mother.,ok,Sentence,場所句倒置
434,"... out of the house came a tiny old lady and three or four
enormous people ...",ok,Sentence,場所句倒置
435,Above the bed hang two faded prints of men playing polo.,ok,Sentence,場所句倒置
436,Onto the ground had fallen a few leaves.,ok,Sentence,場所句倒置
437,Among the guests of honor was seated my mother.,ok,Sentence,場所句倒置
438,In this rainforest can be found the reclusive lyrebird.,ok,Sentence,場所句倒置
439,On the table has been placed a tarte Tatin.,ok,Sentence,場所句倒置
440,On the top floor of the skyscraper broke many windows.,*,Sentence,場所句倒置
441,On the streets of Chicago melted a lot of snow,*,Sentence,場所句倒置
442,On the third floor worked two young women.,ok,Sentence,場所句倒置
443,"At one end, in crude bunks, slept Jed and Henry.",ok,Sentence,場所句倒置
444,... through the enormous round portal gleaned and glistened a beautiful valley shining under sunset gold reflected by surrounding cliffs.,ok,Sentence,場所句倒置
445,In the hall ticked the long-case clock that had been a wedding present from her parents.,ok,Sentence,場所句倒置
446,"Over a Bunsen burner bubbled a big, earthenware dish of stew.",ok,Sentence,場所句倒置
447,"Black across the clouds flapped the cormorant, screaming as it plummeted downward and disappeared into the wood.",ok,Sentence,場所句倒置
448,... and in this lacy leafage fluttered a number of greybirds with black and white stripes and long tails.,ok,Sentence,場所句倒置
449,In front of her was sitting her mother.,ok,Sentence,場所句倒置
450,Was sitting her mother in front of her?,*,Sentence,場所句倒置
451,I said that it was not added to the list.,ok,Sentence,場所句倒置
452,I said that it not was added to the list.,*,Sentence,場所句倒置
453,I propose that it be not added to the list.,*,Sentence,場所句倒置
454,I propose that it not be added to the list.,ok,Sentence,場所句倒置
455,"I propose that to the standard definition of “well-formed labeled bracketing"" be added (8) ...",ok,Sentence,場所句倒置
456,In the first year of Kamehameha II’s reign occurred an eruption of Mauna fortunately for the later condition of the soil which was depleted from overcropping.,ok,Sentence,場所句倒置
457,"Mauna Loa erupted in 1856 but things remained more or less quiet until 1862; in that year occurred two eruptions of Kilauea, destroying several villages.",ok,Sentence,場所句倒置
458,In Xanadu lived a prince of the blood.,ok,Sentence,場所句倒置
459,"(A) What lives in Xanadu?
(B) In Xanadu live all manner of crawly creatures.",ok,Sentence,場所句倒置
460,In Xanadu there lived a prince of the blood. Near him lived a beautiful prince whose name was Divinapreciosa.,ok,Sentence,場所句倒置
461,"On the third floor worked two young women called Maryanne
Thomson and Ava Brent, ...",ok,Sentence,場所句倒置
462,"At one end, in crude bunks, slept Jed and Henry ...",ok,Sentence,場所句倒置
463,Inside swam fish from an iridescent spectrum of colors ...,ok,Sentence,場所句倒置
464,"A: I'm looking for my friend Rose.
B1: # Among the guests of honor is sitting Rose.
B2: Rose is sitting among the guests of honor.",ok,Sentence,場所句倒置
465,Rose? Among the guests of honor was sitting her/she.,*,Sentence,場所句倒置
466,On the wall never hung a picture of U.S. Grant.,*,Sentence,場所句倒置
467,"McPherson proffered the cigar and a fat hand reached forward and accepted it. The round face was expanded in a grin of anticipated pleasure, and into the wide mouth went half the cigar, to be masticated by strong but tobacco-stained teeth.",ok,Sentence,場所句倒置
468,Not till then did he perceive his mistake.,ok,Sentence,否定倒置
469,Never have I seen such a beautiful picture.,ok,Sentence,否定倒置
470,Never have I seen so much rain.,ok,Sentence,否定倒置
471,Nowhere do we see such things.,ok,Sentence,否定倒置
472,Not in any other countries do you see such things.,ok,Sentence,否定倒置
473,In no other countries do you see such things.,ok,Sentence,否定倒置
474,Not even there did it rain.,ok,Sentence,否定倒置
475,Not long ago it rained.,ok,Sentence,否定倒置
476,Not far away it was raining very hard.,ok,Sentence,否定倒置
477,Not infrequently it rains very hard here.,ok,Sentence,否定倒置
478,"No more than three years ago, John was also doing it.",ok,Sentence,否定倒置
479,In not many years will Christmas fall on Sunday.,ok,Sentence,否定倒置
480,In not many years Christmas will fall on Sunday.,ok,Sentence,否定倒置
481,Not even then was there any rain falling.,ok,Sentence,否定倒置
482,At no time will there be any rain even there.,ok,Sentence,否定倒置
483,Not long ago there was any rain falling.,*,Sentence,否定倒置
484,In no time there will be any rain anywhere else.,*,Sentence,否定倒置
485,"With no job would John be happy, would he?",ok,Sentence,否定倒置
486,"With no job would John be happy, wouldn't he?",*,Sentence,否定倒置
487,"In not many years will Christmas fall on a Tuesday, will it?",ok,Sentence,否定倒置
488,In not many years will Christmas fall on a Tuesday. won't it?,*,Sentence,否定倒置
489,"With no job, John would be happy, would he?",*,Sentence,否定倒置
490,"With no job, John would be happy, wouldn't he?",ok,Sentence,否定倒置
491,"In not many years, Christmas will fall on a Tuesday, will it?",*,Sentence,否定倒置
492,"In not many years, Christmas will fall on a Tuesday, won't it?",ok,Sentence,否定倒置
493,"John isn’t here, I don’t think.",ok,Sentence,否定倒置
494,"John is here, I don’t think.",*,Sentence,否定倒置
495,"In not many years will Christmas fall on a Tuesday, I don’t think.",ok,Sentence,否定倒置
496,That John is not happy is obvious to many of his friends.,ok,Sentence,否定倒置
497,For John not to win the race would surprise many oddsmakers.,ok,Sentence,否定倒置
498,"With no job, John would be happy.",ok,Sentence,否定倒置
499,"John would be dull, with no job.",ok,Sentence,否定倒置
500,With no job would John be happy.,ok,Sentence,否定倒置
501,"With no job, would John be happy?",ok,Sentence,否定倒置
502,John would be happy with no job,ok,Sentence,否定倒置
503,John would be happy with no job.,ok,Sentence,否定倒置
504,"This book, I asked Bill to persuade his students to read.",ok,Sentence,否定倒置
505,"This book, I asked Bill to persuade his students that they should read.",*,Sentence,否定倒置
506,Few hotels was John able to convince Bill to stop at.,ok,Sentence,否定倒置
507,Few hotels was John able to convince Bill that he should stop at.,*,Sentence,否定倒置
508,Not many women will John promise Mary not to date.,ok,Sentence,否定倒置
509,Not many women will John promise Mary that he won't date.,*,Sentence,否定倒置
510,With no job would John be happy,ok,Sentence,否定倒置
511,John would be happy with no job,ok,Sentence,否定倒置
512,"John would be happy, with no job.",ok,Sentence,否定倒置
513,With no job John would be happy,ok,Sentence,否定倒置
514,Would John be happy?,ok,Sentence,否定倒置
515,Lee said that at no time would she agree to visit Robin.,ok,Sentence,否定倒置
516,It is apparent that only on Fridays will the be too heavy.,ok,Sentence,否定倒置
517,The fact that on not a single hat was there a propeller indicates how far the beanie has fallen in modern times.,ok,Sentence,否定倒置
518,This is the man who only once did I talk to.,ok,Sentence,否定倒置
519,only I did talk to who only once,ok,Sentence,否定倒置
520,only once I talked to who,ok,Sentence,否定倒置
521,who only once did I talked to,ok,Sentence,否定倒置
522,"This is the book which, to Robin, I gave.",*,Sentence,否定倒置
523,to Robin I gave which,ok,Verb Phrase,否定倒置
524,"These are the people, none of whom had I seen.",ok,Sentence,否定倒置
525,I had seen none og whom,ok,Sentence,否定倒置
526,none of whom had I seen,ok,Noun Phrase,否定倒置
527,none of who had I seen,ok,Noun Phrase,否定倒置
528,Did you go there?,ok,Sentence,否定倒置
529,So am I.,ok,Sentence,否定倒置
530,So monotonously did he speak that everyone left.,ok,Sentence,否定倒置
531,"Had I known more, I would have refused the job.",ok,Sentence,否定倒置
532,"But because with most idioms my judgments of acceptability for determining the normal requirements fluctuate, as do they in cases concerning the data crucial here, ...",ok,Sentence,否定倒置
533,... these phrases are interpreted into the sentence's interpretation by different correspondence rules than are strictly categorized arguments.,ok,Sentence,否定倒置
534,More important has been the establishment of legal services.,ok,Sentence,主語・補語倒置
535,Speaking at today’s lunch will be our local congressman.,ok,Sentence,主語・補語倒置
536,In each hallway is a large poster of Lincoln.,ok,Sentence,主語・補語倒置
537,Her mother was sitting in front of her.,ok,Sentence,主語・補語倒置
538,Sitting in front of her was her mother.,ok,Sentence,主語・補語倒置
539,There was standing at the edge of the park rusting [a large old iron statue].,ok,Noun Phrase,主語・補語倒置
540,There was standing at the edge of the park [a large old iron statue] rusting.,*,Sentence,主語・補語倒置
541,Standing at the edge of the park was rusting [a large old iron statue].,ok,Sentence,主語・補語倒置
542,Standing at the edge of the park was [a large old iron statue] rusting.,ok,Sentence,主語・補語倒置
543,Who sitting at the table was t?,*,Sentence,主語・補語倒置
544,Who discoveed at the scene of the crime was t?,*,Sentence,主語・補語倒置
545,sitting at the table who was,,Noun Phrase,主語・補語倒置
546,Adjoining this room is the Chapel.,ok,Sentence,主語・補語倒置
547,This Chapel is adjoining this room.,*,Sentence,主語・補語倒置
548,At the foot of the stairs was his mother.,ok,Sentence,主語・補語倒置
549,It was his mother that was at the foot of the stairs.,ok,Sentence,主語・補語倒置
550,At the foot of the stairs was she.,*,Sentence,主語・補語倒置
551,At the foot of the stairs was her.,*,Sentence,主語・補語倒置
552,Standing in the doorway was he.,*,Sentence,主語・補語倒置
553,Standing in the doorway was him.,*,Sentence,主語・補語倒置
554,Less fortunate was she.,*,Sentence,主語・補語倒置
555,Less fortunate was her.,*,Sentence,主語・補語倒置
556,On the table was probably a book.,ok,Sentence,主語・補語倒置
557,Waving gaily was a bright flag.,ok,Sentence,主語・補語倒置
558,Burning merrily was an enormous flag,?,Sentence,主語・補語倒置
559,Blowing fatefully was a wind so strong that nothing could withstand it.,ok,Sentence,主語・補語倒置
560,Subsiding gradually was a wind that had caused untold damage.,?,Sentence,主語・補語倒置
561,Marked by Satan were many of the aspirants to heaven.,ok,Sentence,主語・補語倒置
562,Tempted by Satan were many of the aspirants to heaven.,?,Sentence,主語・補語倒置
563,Opposed by all the other parties were the Social Democrats.,ok,Sentence,主語・補語倒置
564,Fought by all the other parties were the Social Democrats.,?,Sentence,主語・補語倒置
565,Forced to kneel were all of the palace guards.,ok,Sentence,主語・補語倒置
566,Forced yield were all of the palace guards.,?,Sentence,主語・補語倒置
567,In the left hemisphere of the brain are centers that control the production of speech.,ok,Sentence,主語・補語倒置
568,Clean this room in 10 minutes.,ok,Sentence,命令文
569,Don’t be late for school.,ok,Sentence,命令文
570,You watched me.,ok,Sentence,命令文
571,You watched myself.,*,Sentence,命令文
572,You watched you.,*,Sentence,命令文
573,You watched yourself.,ok,Sentence,命令文
574,You watched him.,ok,Sentence,命令文
575,You watched himself.,*,Sentence,命令文
576,Watch me!,ok,Sentence,命令文
577,Watch myself!,*,Sentence,命令文
578,Watch you!,*,Sentence,命令文
579,Watch yourself!,ok,Sentence,命令文
580,Watch him!,ok,Sentence,命令文
581,Watch himself!,*,Verb Phrase,命令文
582,"Go home, will you?",ok,Sentence,命令文
583,"Boys, stop.",ok,Sentence,命令文
584,You boys stop.,ok,Sentence,命令文
585,"Siy down, boys.",ok,Sentence,命令文
586,"Sit down, you boys.",ok,Sentence,命令文
587,He stop it.,*,Sentence,命令文
588,A man come here.,*,Sentence,命令文
589,Stop it will boys?,*,Sentence,命令文
590,Stop it will you boys?,ok,Sentence,命令文
591,You and William do the cooking and I’ll provide the wine.,ok,Sentence,命令文
592,Nobody make a noise.,ok,Sentence,命令文
593,"Make a noise, nobody.",ok,Sentence,命令文
594,"John, don't forget his room number.",*,Sentence,命令文
595,Someone lend me his coat.,ok,Sentence,命令文
596,"Rob, take the box, will you?",ok,Sentence,命令文
597,"Rob take the box, will you?",*,Sentence,命令文
598,Rob take the box and Dave bring the suitcase.,ok,Sentence,命令文
599,"John, you hold the room open.",ok,Sentence,命令文
600,"You, you hold the room open.",ok,Sentence,命令文
601,Don't be careless.,ok,Sentence,命令文
602,Do not be careless.,ok,Sentence,命令文
603,Be not careless.,*,Sentence,命令文
604,I don't be careless.,*,Sentence,命令文
605,I do not be careless.,*,Sentence,命令文
606,I am not careless.,ok,Sentence,命令文
607,(You) be quiet.,ok,Sentence,命令文
608,(You) are quiet.,*,Sentence,命令文
609,"Will sign the paper, please.",*,Verb Phrase,命令文
610,Tom can too speak Old English.,ok,Sentence,命令文
611,Tom can so speak Old English.,ok,Sentence,命令文
612,Tom too can speak Old English.,*,Sentence,命令文
613,Tom so can speak Old English.,*,Sentence,命令文
614,"Do too run, please.",*,Sentence,命令文
615,"Do so run, please.",*,Sentence,命令文
616,"Surely, leave for Tokyo tomorrow.",*,Sentence,命令文
617,"In fact, leave for Tokyo tomorrow.",*,Sentence,命令文
618,"Perhaps, leave for Tokyo romorrow.",*,Sentence,命令文
619,Don't you open the door.,ok,Sentence,命令文
620,Don't anyone open the door.,ok,Sentence,命令文
621,John not do go,ok,Verb Phrase,命令文
622,John is not going.,ok,Sentence,命令文
623,Be not silly.,*,Sentence,命令文
624,Don't be silly.,ok,Sentence,命令文
625,Don’t (you) be singing when I come back!,ok,Sentence,命令文
626,Suddenly the rescue makes him escape.,ok,Sentence,命令文
627,He often rides his bicycle.,ok,Sentence,命令文
628,Often don’t ride your bicycle on busy streets.,*,Sentence,命令文
629,Don't her eat my cake!,*,Sentence,命令文
630,Don't that computer (you) use while I am gone.,*,Sentence,命令文
631,That computer don’t (you) use while I am gone.,ok,Sentence,命令文
632,"That classic novel, can’t you read by next week?",*,Sentence,命令文
633,Doncha wanna go now?,ok,Sentence,命令文
634,Doncha hit me!,*/??,Sentence,命令文
635,Don’t you not listen to me!,ok,Sentence,命令文
636,Do not you eat that cake!,*,Sentence,命令文
637,Do you not eat that cake!,*,Sentence,命令文
638,"Don't open that door, do you?",ok,Sentence,命令文
639,"Don't open that door, don't you?",ok,Sentence,命令文
640,Know the poem by heart by the next lesson.,ok,Sentence,命令文
641,Be glad that you escaped without injury.,ok,Sentence,命令文
642,Slice the salami.,ok,Sentence,命令文
643,Be careful.,ok,Sentence,命令文
644,Know the answer.,*,Verb Phrase,命令文
645,Be tall.,*,Verb Phrase,命令文
646,I am listening to the music.,ok,Sentence,命令文
647,I am hearing the music.,*,Sentence,命令文
648,What I did was listen to the music.,ok,Sentence,命令文
649,What I did was hear the music.,*,Sentence,命令文
650,I persuaded John to listen to the music.,ok,Sentence,命令文
651,I persuaded John to hear to the music.,*,Sentence,命令文
652,John listened to the music carefully.,ok,Sentence,命令文
653,John heard the music carefully.,*,Sentence,命令文
654,I listened to the music for John’s sake.,ok,Sentence,命令文
655,I heard the music for John’s sake.,*,Sentence,命令文
656,I listened to the music instead of looking at the painting.,ok,Sentence,命令文
657,I heard the music instead of looking at the painting.,*,Sentence,命令文
658,"I listened to the music, although Bill told me not to do so.",ok,Sentence,命令文
659,"I heard the music, although Bill told me not to do so.",*,Sentence,命令文
660,John is sitting on the chair.,ok,Sentence,命令文
661,Remain seated.,ok,Sentence,命令文
662,The ice was melting.,ok,Sentence,命令文
663,Melt!,*,Verb Phrase,命令文
664,Be a girl!,*,Sentence,命令文
665,Be a good girl.,ok,Sentence,命令文
666,How beautiful New York is!,ok,Sentence,感嘆文
667,What a beautiful city Kobe is!,ok,Sentence,感嘆文
668,It’s amazing what proposal they made.,ok,Sentence,感嘆文
669,It’s wonderful the amount of weight I’ve lost since I started on that diet.,ok,Sentence,感嘆文
670,Is this apple pie ever delicious!,ok,Sentence,感嘆文
671,"What lovely teeth you have, my dear!",ok,Sentence,感嘆文
672,"What lovely teeth do you have, my dear!",ok,Sentence,感嘆文
673,How does Joe save any money?,*,Sentence,感嘆文
674,How Joe saves any money!,ok,Sentence,感嘆文
675,What did you ever do for me?,*,Sentence,感嘆文
676,What you ever do for me!,ok,Sentence,感嘆文
677,It's amazing how very long he can stay under water.,*,Sentence,感嘆文
678,It's amazing how unbeliecably long he can stay under water.,ok,Sentence,感嘆文
679,It's amazing how extremely long he can stay under water.,ok,Sentence,感嘆文
680,I wonder how very long he can stay under water.,ok,Sentence,感嘆文
681,I wonder how unbelievably long he can stay under water.,*,Sentence,感嘆文
682,I wonder how extremely long he can stay under water.,*,Sentence,感嘆文
683,"What a house he lives in, namely a two-room shack!",*,Sentence,感嘆文
684,"What house does he live in, namely a two-room shack?",ok,Sentence,感嘆文
685,What an attractive woman she is!,*,Sentence,感嘆文
686,What a fast car does John drive?,ok,Sentence,感嘆文
687,It isn’t awful what a ghastly disease he has.,*,Sentence,感嘆文
688,It isn’t a tragedy how many children drop out of school.,*,Sentence,感嘆文
689,How did he persuade them?,*,Sentence,感嘆文
690,How he hated!,ok,Sentence,感嘆文
691,How else could she have done it?,ok,Sentence,感嘆文
692,How else they would have admired her!,ok,Sentence,感嘆文
693,You won’t believe who Ed has married.,*,Sentence,感嘆文
694,I wonder who Ed married.,ok,Sentence,感嘆文
695,I know who Ed married.,ok,Sentence,感嘆文
696,It's amazing how old they were.,ok,Sentence,感嘆文
697,It's amazing whether it is possible.,ok,Sentence,感嘆文
698,She’d like to know what you bought.,*,Sentence,感嘆文
699,She’d like to know what a lot you bought.,ok,Sentence,感嘆文
700,She doesn’t know what you bought.,*,Sentence,感嘆文
701,She doesn’t know what a lot you bought.,ok,Sentence,感嘆文
702,I don’t know what you bought.,ok,Sentence,感嘆文
703,I don’t know what a lot you bought.,ok,Sentence,感嘆文
704,John couldn’t believe the height of the building.,*,Sentence,感嘆文
705,It’s awful the prices you have to pay for tomatoes in the winter.,ok,Sentence,感嘆文
706,It’s a disgrace the way he behaves when he’s drunk.,ok,Sentence,感嘆文
707,It's awful a price I paid for tomatoes last week.,ok,Sentence,感嘆文
708,It was never ceases to amaze me the dress my neighbor wears.,*,Sentence,感嘆文
709,It was awful the paint job that exhausted Bill.,*,Sentence,感嘆文
710,It's vital the amount of weight I’ve lost since I started on that diet.,*,Sentence,感嘆文
711,"It's AMAZING, the difference.",*,Sentence,感嘆文
712,It’s AMAZING the DIFFERENCE.,ok,Sentence,感嘆文
713,It’s AMAZING the people you SEE here.,ok,Sentence,感嘆文
714,"They’re red LEATHER, the shoes she’s wearing.",ok,Sentence,感嘆文
715,"It's red LEATHER, the shoes she’s wearing.",ok,Noun Phrase,感嘆文
716,Did you notice the difference when you were in Germany?,*,Sentence,感嘆文
717,"It was AMAZING, in Germany, the difference.",ok,Sentence,感嘆文
718,"It was AMAZING, the difference, in Germany.",ok,Sentence,感嘆文
719,Apparently Grandma took her MEDICATION when she was in GERMANY.,ok,Sentence,感嘆文
720,It was AMAZING in Germany the DIFFERENCE.,ok,Sentence,感嘆文
721,"It was AMAZING the DIFFERENCE, in Germany.",ok,Noun Phrase,感嘆文
722,"Since it was so AMAZING, that difference, he changed his mind.",ok,Sentence,感嘆文
723,"Since it was so amazing, the DIFFERENCE, he changed his mind.",ok,Sentence,感嘆文
724,"Since it was so obvious that there was a DIFFERENCE,  he changed his mind.",*,Sentence,感嘆文
725,The odd people my sister knows are amazing.,ok,Sentence,感嘆文
726,It’s AMAZING the odd people my SISTER knows.,ok,Sentence,感嘆文
727,The people who are verbally abusive to fat people are unbelievable.,ok,Sentence,感嘆文
728,"Just walking in the street [is difficult]. I mean, it’s UNBELIEVABLE the people who are verbally abusive to FAT people.",ok,Sentence,感嘆文
729,It's obvious that he lied.,ok,Sentence,感嘆文
730,Does she have beautiful legs?,ok,Sentence,感嘆文
731,Does she have beautiful legs!,ok,Sentence,感嘆文
732,"Boy, doesshe have beautiful legs!",ok,Sentence,感嘆文
733,Is this cookie delicious?,ok,Sentence,感嘆文
734,"My, is this cookie delicious!",*,Sentence,感嘆文
735,Is syntax easy?,ok,Sentence,感嘆文
736,Is syntax very easy?,ok,Sentence,感嘆文
737,Is syntax quite easy?,ok,Sentence,感嘆文
738,Is syntax extremely easy?,ok,Sentence,感嘆文
739,Is syntax that easy?,ok,Sentence,感嘆文
740,Is syntax easy!,ok,Sentence,感嘆文
741,Is syntax very easy!,ok,Sentence,感嘆文
742,Is syntax quite easy!,*,Sentence,感嘆文
743,Is syntax extremely easy!,*,Sentence,感嘆文
744,Is syntax that easy!,*,Sentence,感嘆文
745,Is Harry ever tall?,*,Sentence,感嘆文
746,Is Harry ever tall!,ok,Sentence,感嘆文
747,Is syntax as easy as phonology?,ok,Sentence,感嘆文
748,Is syntax as easy as phonology!,ok,Sentence,感嘆文
749,Is syntax easier than phonology?,*,Sentence,感嘆文
750,Is syntax easier than phonology!,ok,Sentence,感嘆文
751,Is she the prettiest girl in your class?,*,Sentence,感嘆文
752,Is she the prettiest girl in your class!,ok,Sentence,感嘆文
753,"Boy, can he ever swim!",*,Sentence,感嘆文
754,He is a superb swimmer.,ok,Sentence,感嘆文
755,"Does Harry have a car, namely a Rolls Royce?",ok,Sentence,感嘆文
756,"Does Harry have a car, namely a Rolls Royce!",*,Sentence,感嘆文
757,Does John write?,ok,Sentence,疑問文
758,Did John write?,ok,Sentence,疑問文
759,Will John write?,ok,Sentence,疑問文
760,Would John write?,ok,Sentence,疑問文
761,Will John be writing?,ok,Sentence,疑問文
762,Would John be writing?,ok,Sentence,疑問文
763,Will John have been written?,ok,Sentence,疑問文
764,Would John have been written?,ok,Sentence,疑問文
765,Will John have been writing?,ok,Sentence,疑問文
766,Would John have been writing?,ok,Sentence,疑問文
767,Has John been writing?,ok,Sentence,疑問文
768,Had John been writing?,ok,Sentence,疑問文
769,Has John written?,ok,Sentence,疑問文
770,Had John written?,ok,Verb Phrase,疑問文
771,Is John writing?,ok,Sentence,疑問文
772,Was John writing?,ok,Sentence,疑問文
773,John would have been writing.,ok,Verb Phrase,疑問文
774,Would John have been writing?,ok,Sentence,疑問文
775,Did John write?,ok,Sentence,疑問文
776,John did have left.,*,Sentence,疑問文
777,John did be leaving.,*,Verb Phrase,疑問文
778,Did John have left?,*,Sentence,疑問文
779,Did John be leaving?,*,Sentence,疑問文
780,Does he always snore?,ok,Sentence,疑問文
781,Does he always snore or doesn’t he?,ok,Sentence,疑問文
782,Does he always snore or not?,ok,Sentence,疑問文
783,John will give a book to Mary,ok,Sentence,疑問文
784,will John give a book to Mary,ok,Sentence,疑問文
785,Saw you my master?,ok,Sentence,疑問文
786,"Heard you this, Gonzalo?",ok,Sentence,疑問文
787,Thou seest how diligent I am.,ok,Sentence,疑問文
788,"She taketh most delight in music, instruments and poetry.",ok,Sentence,疑問文
789,"Winter man, woman, and beast.",ok,Noun Phrase,疑問文
790,Isn’t he smiling?,ok,Sentence,疑問文
791,Is he not smiling?,ok,Sentence,疑問文
792,Is not he smiling?,*,Sentence,疑問文
793,Is he n't smiling?,*,Sentence,疑問文
794,Have you will been writing?,ok,Sentence,疑問文
795,Been you have writing?,ok,Sentence,疑問文
796,Been you will have writing?,ok,Sentence,疑問文
797,Been the novel will have written?,ok,Sentence,疑問文
798,Is Mary coming?,ok,Sentence,疑問文
799,Who will they support?,ok,Sentence,疑問文
800,John wonders whether Mary is coming.,ok,Sentence,疑問文
801,The question of whether they will support us is still undecided.,ok,Sentence,疑問文
802,Never have I had to borrow money.,ok,Sentence,疑問文
803,Nothing did I see that I liked.,ok,Sentence,疑問文
804,We talked about how would we escape.,ok,Sentence,疑問文
805,She doesn’t know why weren’t they cooperative.,ok,Sentence,疑問文
806,The papers that did you burn were important.,ok,Sentence,疑問文
807,I asked John where did he go.,ok,Sentence,疑問文
808,He wondered who should she talk to.,ok,Sentence,疑問文
809,I asked had Bill left already.,ok,Sentence,疑問文
810,I asked if had Bill left already.,*,Sentence,疑問文
811,asked if had Bill left already,ok,Verb Phrase,疑問文
812,I wonder whether you gave a book to Mary,ok,Sentence,疑問文
813,did John give a book to Mary,ok,Sentence,疑問文
814,Guess  which book John give to Mary,ok,Sentence,疑問文
815,I wonder did John give a book to Mary,*,Sentence,疑問文
816,I wonder which book did John give to Mary,*,Sentence,疑問文
817,I wonder you saw who.,*,Sentence,疑問文
818,I wonder who you saw.,ok,Sentence,疑問文
819,Who believes Mary went where?,ok,Sentence,疑問文
820,Who believes where Mary went?,*,Sentence,疑問文
821,Mary has seen who?,*,Sentence,疑問文
822,Who Mary has seen?,*,Sentence,疑問文
823,Has Mary seen who?,*,Sentence,疑問文
824,Who has Mary seen?,ok,Sentence,疑問文
825,I wonder Mary has seen who?,*,Sentence,疑問文
826,I wonder who Mary has seen.,ok,Sentence,疑問文
827,I wonder has Mary seen who.,*,Sentence,疑問文
828,I wonder who has Mary seen.,*,Sentence,疑問文
829,She wondered whether would he come back again.,*,Sentence,疑問文
830,She wondered if would he come back again.,*,Sentence,疑問文
831,She wondered whether he would come back again.,ok,Sentence,疑問文
832,She wondered if he would come back again.,ok,Sentence,疑問文
833,It all depends on whether they will support us.,ok,Sentence,疑問文
834,It all depends on if they will support us.,*,Sentence,疑問文
835,He didn’t say whether or not he’ll be staying here.,ok,Sentence,疑問文
836,He didn’t say if or not he’ll be staying here.,*,Sentence,疑問文
837,He didn’t say if he'll be staying here or not.,ok,Sentence,疑問文
838,Who did you believe that John said that she should meet?,ok,Sentence,疑問文
839,Who do you believe Mary thinks Joan talked to?,ok,Sentence,疑問文
840,"Max, whom I believe Mary thinks Joan talked to ...",ok,Noun Phrase,疑問文
841,"Max, to whom I believe Mary thinks Joan talked ...",ok,Noun Phrase,疑問文
842,"Max, who I believe to Mary thinks Joan talked ...",*,Noun Phrase,疑問文
843,"Max, whom I believe to Mary thinks Joan talked ...",*,Noun Phrase,疑問文
844,"Max, who I believe Mary thinks to Joan talked ...",*,Noun Phrase,疑問文
845,"Max, whom I believe Mary thinks to Joan talked ...",*,Noun Phrase,疑問文
846,What did you tell me that Bill saw?,ok,Sentence,疑問文
847,What do you think that John bought?,ok,Sentence,疑問文
848,What did you buy?,ok,Sentence,疑問文
849,What time did John arrive at?,*,Sentence,疑問文
850,Who did you write about?,ok,Sentence,疑問文
851,What did you buy for whom?,ok,Sentence,多重wh疑問文
852,Who bought what when?,ok,Sentence,多重wh疑問文
853,Whom did you buy what for?,*,Sentence,多重wh疑問文
854,What did which people buy?,ok,Sentence,多重wh疑問文
855,What did who give to whom?,ok,Sentence,多重wh疑問文
856,What did you buy where?,ok,Sentence,多重wh疑問文
857,What did you buy when?,ok,Sentence,多重wh疑問文
858,What did you buy why?,*,Sentence,多重wh疑問文
859,What did you buy how?,*,Sentence,多重wh疑問文
860,Who said what to whom?,ok,Sentence,多重wh疑問文
861,What have you hidden where?,ok,Sentence,多重wh疑問文
862,Where have you hidden what?,ok,Sentence,多重wh疑問文
863,Who bought what?,ok,Sentence,多重wh疑問文
864,What did who buy?,*,Sentence,多重wh疑問文
865,Who wonders what who bought?,ok,Sentence,多重wh疑問文
866,who bought what,ok,Sentence,多重wh疑問文
867,what did who buy,*,Sentence,多重wh疑問文
868,what who bought ,ok,Noun Phrase,多重wh疑問文
869,who what bought,ok,Noun Phrase,多重wh疑問文
870,Who did you tell to read what?,ok,Sentence,多重wh疑問文
871,What did you tell who to read?,?*,Sentence,多重wh疑問文
872,Who admires what?,ok,Sentence,多重wh疑問文
873,What does who admire?,*,Sentence,多重wh疑問文
874,What who admires,ok,Noun Phrase,多重wh疑問文
875,Who what bought,ok,Noun Phrase,多重wh疑問文
876,Who weren’t books about what ever read?,?,Sentence,多重wh疑問文
877,Who did pictures of who please?,ok,Sentence,多重wh疑問文
878,who wonders what who bought,ok,Noun Phrase,多重wh疑問文
879,Who believes that who is guilty?,*,Sentence,多重wh疑問文
880,Who believes who to be guilty?,ok,Sentence,多重wh疑問文
881,To whom does it seem who was a spy?,*,Sentence,多重wh疑問文
882,Who seems to whom to be a spy?,ok,Sentence,多重wh疑問文
883,What did you give to whom?,ok,Sentence,多重wh疑問文
884,To whom did you give what?,ok,Sentence,多重wh疑問文
885,What did people from where buy?,ok,Sentence,多重wh疑問文
886,Where did people from buy what?,*,Sentence,多重wh疑問文
887,Mary asked who read what.,ok,Sentence,多重wh疑問文
888,Mary asked what who read.,*,Sentence,多重wh疑問文
889,Mary asked which book which man read.,ok,Sentence,多重wh疑問文
890,What did who admire when?,?,Sentence,多重wh疑問文
891,Where did who put what?,ok,Sentence,多重wh疑問文
892,Do you know what who said to whom?,ok,Sentence,多重wh疑問文
893,I know what John said to Mary.,ok,Sentence,多重wh疑問文
894,I know what who said to Mary.,*,Sentence,多重wh疑問文
895,I know what John said to whom.,*,Sentence,多重wh疑問文
896,We will discuss under what condition who will do that.,ok,Sentence,多重wh疑問文
897,John knows what who saw yesterday.,?,Sentence,多重wh疑問文
898,John knows what who saw in the barn.,?,Sentence,多重wh疑問文
899,What who saw is not clear.,?,Sentence,多重wh疑問文
900,Who remembers what we bought where?,ok,Sentence,多重wh疑問文
901,Who remembers what we bought when?,ok,Sentence,多重wh疑問文
902,Who remembers what we bought why?,*,Sentence,多重wh疑問文
903,Who remembers what we bought how?,*,Sentence,多重wh疑問文
904,From where did he come?,ok,Sentence,多重wh疑問文
905,Since when have you been here?,ok,Sentence,多重wh疑問文
906,For why did he come?,*,Sentence,多重wh疑問文
907,By how did he come?,*,Sentence,多重wh疑問文
908,Which woman loves which man.,ok,Sentence,多重wh疑問文
909,Why Mary did say what?,*,Sentence,多重wh疑問文
910,What did Mary say what?,*,Sentence,多重wh疑問文
911,What did John say why?,*,Sentence,多重wh疑問文
912,What did John say how?,*,Sentence,多重wh疑問文
913,When did John go where?,ok,Sentence,多重wh疑問文
914,Where did John put what?,ok,Sentence,多重wh疑問文
915,Who do you like books that criticize?,*,Sentence,多重wh疑問文
916,What do you think that pictures of are on sale?,*,Sentence,多重wh疑問文
917,What did Mary get angry because I spole about?,*,Sentence,多重wh疑問文
918,What do you remember where we bought?,*,Sentence,多重wh疑問文
919,Who likes books that criticize who?,ok,Sentence,多重wh疑問文
920,Who thinks that pictures of what are on sale?,ok,Sentence,多重wh疑問文
921,Who got angry because I spoke about what?,ok,Sentence,多重wh疑問文
922,Who remembers where we bought what?,ok,Sentence,多重wh疑問文
923,Who knows how John did what?,ok,Sentence,多重wh疑問文
924,Who knows what John did how?,*,Sentence,多重wh疑問文
925,What do you wonder who saw?,ok,Sentence,多重wh疑問文
926,He only likes Mary.,ok,Sentence,多重wh疑問文
927,"Mary, he only likes.",*,Sentence,多重wh疑問文
928,Who does only like?,*,Sentence,多重wh疑問文
929,Someone loves every boy in the room. (ambiguous),ok,Sentence,多重wh疑問文
930,Someone only loves every boy in the room. (unambiguous),ok,Sentence,多重wh疑問文
931,Who only likes what?,ok,Sentence,多重wh疑問文
932,Who wouldn’t his mother do anything for?,*,Sentence,多重wh疑問文
933,His mother wouldn’t do anything for every boy.,*,Sentence,多重wh疑問文
934,What wouldn't his mother do for whom?,ok,Sentence,多重wh疑問文
935,Which of his friends have refused to help whom?,ok,Sentence,多重wh疑問文
936,"Who was against proposals to find a topic to discuss with
whom?",ok,Sentence,多重wh疑問文
937,"Who was against proposals to tell Mary to try to discuss this
with whom?",ok,Sentence,多重wh疑問文
938,Who saw pictures of who?,ok,Sentence,多重wh疑問文
939,Who saw that pictures of who?,*,Sentence,多重wh疑問文
940,"She knows you, doesn’t she?",ok,Sentence,付加疑問文
941,"John isn't smiling, is he?",ok,Sentence,付加疑問文
942,"John isn't smiling, is she?",*,Sentence,付加疑問文
943,"John isn't smiling, is John?",*,Sentence,付加疑問文
944,"You haven’t read my book, have you?",ok,Sentence,付加疑問文
945,"You haven’t read my book, have they?",*,Sentence,付加疑問文
946,"You haven’t read my book, have we?",*,Sentence,付加疑問文
947,"You haven’t read my book, have I?",*,Sentence,付加疑問文
948,"Mary won’t read the book, will she?",ok,Sentence,付加疑問文
949,"Mary won’t read the book, can she?",*,Sentence,付加疑問文
950,"Mary won’t read the book, shall she?",*,Sentence,付加疑問文
951,"Mary won’t read the book, would she?",*,Sentence,付加疑問文
952,"Mary won’t read the book, is she?",*,Sentence,付加疑問文
953,"Mary won’t read the book, has she?",*,Sentence,付加疑問文
954,"Mary won’t read the book, should she?",*,Sentence,付加疑問文
955,"Mary won’t read the book, must she?",*,Sentence,付加疑問文
956,"He likes his job, doesn't he? ",ok,Sentence,付加疑問文
957,"He likes his job, don't he?",*,Sentence,付加疑問文
958,"He likes his job, didn't he?",*,Sentence,付加疑問文
959,"John thinks the war is ending, doesn’t he?",ok,Sentence,付加疑問文
960,"John thinks the war is ending, isn’t it?",*,Sentence,付加疑問文
961,"I suppose the war is ending, isn't it?",ok,Sentence,付加疑問文
962,"I suppose the war is ending, don't I?",*,Sentence,付加疑問文
963,"I like to bake cakes, don’t I?",*,Sentence,付加疑問文
964,"I name this ship the ‘Hercules’, don't I?",*,Sentence,付加疑問文
965,"I name this ship the ‘Hercules’, do I?",*,Sentence,付加疑問文
966,"John saw someone, who did he?",*,Sentence,付加疑問文
967,"Where are you going, are you?",*,Sentence,付加疑問文
968,"John is smiling, isn't he?",ok,Sentence,付加疑問文
969,"John is smiling, is he not?",ok,Sentence,付加疑問文
970,"John is smiling, is not he?",*,Sentence,付加疑問文
971,"John is smiling, is he n’t?",*,Sentence,付加疑問文
972,"Sit down, will you?",ok,Sentence,付加疑問文
973,"What lovely weather, isn't it?",ok,Sentence,付加疑問文
974,"Are you leaving for New York, are you?",*,Sentence,付加疑問文
975,"Did Mary like the movie, did she?",*,Sentence,付加疑問文
976,"Did he go there, did he?",ok,Sentence,付加疑問文
977,"How did he go there, did he?",ok,Sentence,付加疑問文
978,Mary will read the book won’t she?,ok,Sentence,付加疑問文
979,"Mary won’t read the book, will she?",ok,Sentence,付加疑問文
980,"Mary will read the book, will she?",ok,Sentence,付加疑問文
981,"Mary won't read the book, won’t she?",(*),Sentence,付加疑問文
982,"Open the door, won’t you?",ok,Sentence,付加疑問文
983,"Don’t make a noise, will you?",ok,Sentence,付加疑問文
984,"Did John drink beer, did he?",ok,Sentence,付加疑問文
985,"I think inflation won’t stop, will it?",ok,Sentence,付加疑問文
986,"I believe inflation won’t stop, will it?",ok,Sentence,付加疑問文
987,"I suppose inflation won’t stop, will it?",ok,Sentence,付加疑問文
988,"I don't think inflation will stop, will it?",ok,Sentence,付加疑問文
989,"I don't believe inflation will stop, will it?",ok,Sentence,付加疑問文
990,"I don't suppose inflation will stop, will it?",ok,Sentence,付加疑問文
991,I think information won't stop.,ok,Sentence,付加疑問文
992,I believe information won't stop.,ok,Sentence,付加疑問文
993,I suppose information won't stop.,ok,Sentence,付加疑問文
994,I don't think inflation will stop.,ok,Sentence,付加疑問文
995,I don't believe inflation will stop.,ok,Sentence,付加疑問文
996,I don't suppose inflation will stop.,ok,Sentence,付加疑問文
997,"He likes his job, doesn't he? ",ok,Sentence,付加疑問文
998,"He doesn't like his job, does he?",ok,Sentence,付加疑問文
999,"So he likes his job, does he?",ok,Sentence,付加疑問文
1000,"Have some more, will you?",ok,Sentence,付加疑問文
1001,"Have some more, won’t you?",ok,Sentence,付加疑問文
1002,"Don’t have any more, will you?",ok,Sentence,付加疑問文
1003,"Don’t have any more, won’t you?",*,Sentence,付加疑問文
1004,"Who left early, did he?",*,Sentence,付加疑問文
1005,Isn't John smiling?,ok,Sentence,付加疑問文
1006,Is John not smiling?,ok,Sentence,付加疑問文
1007,Is not John smiling?,*,Sentence,付加疑問文
1008,Is John n’t smiling?,*,Sentence,付加疑問文
1009,"Mary won’t buy this dress, will she?",ok,Sentence,付加疑問文
1010,"You were dissatisfied, were you?",ok,Sentence,付加疑問文
1011,"Bill wanted to know whether Mary had come, hadn’t she?",*,Sentence,付加疑問文
1012,"Bill asked if he could date someone, could he?",*,Sentence,付加疑問文
1013,"You have never seen any two-horned unicorn, have you?",ok,Sentence,付加疑問文
1014,"They forgot to attend the lecture, am I right?",ok,Sentence,付加疑問文
1015,"They forgot to attend the lecture, isn't that so?",ok,Sentence,付加疑問文
1016,"They forgot to attend the lecture, don't you think?",ok,Sentence,付加疑問文
1017,"They forgot to attend the lecture, wouldn't you say?",ok,Sentence,付加疑問文
1018,I haven’t ever met any popular musicians at the bar.,ok,Sentence,否定文
1019,I have ever met any popular musicians at the bar.,*,Sentence,否定文
1020,John seldom attends any meetings in our faculty.,ok,Sentence,否定文
1021,"If he drinks any water from that well, he will get dysentery.",ok,Sentence,否定文
1022,John didn’t eat anything.,ok,Sentence,否定文
1023,Anyone didn't eat apples.,*,Sentence,否定文
1024,"If he drinks any water from that well, he will get better.",*,Sentence,否定文
1025,John is a father.,ok,Sentence,否定文
1026,John is a man.,ok,Sentence,否定文
1027,John isn't a man.,ok,Sentence,否定文
1028,John isn't a father.,ok,Sentence,否定文
1029,No man walks.,ok,Sentence,否定文
1030,No father walks.,ok,Sentence,否定文
1031,Every man walks.,ok,Sentence,否定文
1032,Every father walks.,ok,Sentence,否定文
1033,Some man walks.,ok,Sentence,否定文
1034,Some father walks.,ok,Sentence,否定文
1035,No man walks slowly.,ok,Sentence,否定文
1036,Every man walks slowly.,ok,Sentence,否定文
1037,Some man walks slowly.,ok,Sentence,否定文
1038,No student who had ever read anything about phrenology attended the lecture.,ok,Sentence,否定文
1039,Every student who had ever read anything about phrenology attended the lecture.,ok,Sentence,否定文
1040,Some student who had ever read anything about phrenology attended the lecture.,*,Sentence,否定文
1041,No student who attended the lectures had ever read anything about phrenology.,ok,Sentence,否定文
1042,Every student who attended the lectures had ever read anything about phrenology.,*,Sentence,否定文
1043,Some student who attended the lectures had ever read anything about phrenology.,*,Sentence,否定文
1044,Chomsky wasn’t a bit happy about these facts.,ok,Sentence,否定文
1045,Chomsky didn’t talk about these facts yet.,ok,Sentence,否定文
1046,Chomsky didn’t talk about any of these facts.,ok,Sentence,否定文
1047,No one was a bit happy about these facts.,*,Sentence,否定文
1048,No one has talked about these facts yet.,ok,Sentence,否定文
1049,No one talked about any of these facts.,ok,Sentence,否定文
1050,At most three linguists were a bit happy about these facts.,*,Sentence,否定文
1051,At most three linguists have talked about these facts yet.,*,Sentence,否定文
1052,At most three linguists have talked about any of these facts.,ok,Sentence,否定文
1053,No one walk.,ok,Sentence,否定文
1054,No one walk slowly.,ok,Sentence,否定文
1055,At most 3 people walk.,ok,Sentence,否定文
1056,At most 3 people walk slowly.,ok,Sentence,否定文
1057,John doesn’t smoke or drink.,ok,Sentence,否定文
1058,John doesn’t smoke John doesn’t smoke.,ok,Sentence,否定文
1059,No one sings or dances.,ok,Sentence,否定文
1060,No one sings and no one dances.,ok,Sentence,否定文
1061,At most 3 people sing or dance.,ok,Sentence,否定文
1062,At most 3 people sing and at most 3 people dance.,ok,Sentence,否定文
1063,John doesn’t (both) smoke and drink.,ok,Sentence,否定文
1064,John doesn’t smoke or John doesn’t smoke.,ok,Sentence,否定文
1065,No one sings and dances.,ok,Sentence,否定文
1066,No one sings or no one dances.,ok,Sentence,否定文
1067,George didn’t marry her because she was rich.,ok,Sentence,否定文
1068,"NOT CAUSE (she was rich, George married her)",ok,Sentence,否定文
1069,"CAUSE (she was rich, NOT [George married her])",ok,Sentence,否定文
1070,He didn’t budge an inch because he was pushed.,ok,Sentence,否定文
1071,"NOT CAUSE (he was pushed, he budged an inch)",*,Sentence,否定文
1072,"CAUSE (he was pushed, NOT [he budged an inch])",ok,Noun Phrase,否定文
1073,"He didn’t budge an inch because he was pushed, but because he fell.",ok,Sentence,否定文
1074,Anybody didn’t come.,*,Sentence,否定文
1075,Mary didn’t see anyone.,ok,Sentence,否定文
1076,That you will marry any (particular) student is not certain.,ok,Sentence,否定文
1077,A doctor who knew anything about acupuncture wasn’t available.,ok,Sentence,否定文
1078,Jane believes [that Mary respects herself.],ok,Sentence,否定文
1079,Mary not loves no one-ACC,ok,Sentence,否定文
1080,Mary does not love anyone.,ok,Sentence,否定文
1081,not claim-ISG that Mary loves no one-ACC,ok,Verb Phrase,否定文
1082,I do not claim that Mary loves anyone.,ok,Sentence,否定文
1083,Mary saw her.,ok,Sentence,否定文
1084,Mary did not insult someone.,ok,Sentence,否定文
1085,There is a person X such that Mary didn’t insult X.,ok,Sentence,否定文
1086,Mary insulted no one.,*,Sentence,否定文
1087,Mary did not see anyone.,ok,Sentence,否定文
1088,Mary did not say [that she had seen anyone].,ok,Sentence,否定文
1089,Mary did not say anyone that she had seen,ok,Sentence,否定文
1090,Did Mary see anyone?,ok,Sentence,否定文
1091,Did anyone Mary see,ok,Sentence,否定文
1092,"If Mary saw anyone, she will let us know.",ok,Sentence,否定文
1093,I doubt that Mary saw anyone.,ok,Sentence,否定文
1094,Every man who insulted anyone should apologize.,ok,Sentence,否定文
1095,John didn't eat anything,ok,Sentence,否定文
1096,Anyone didn't eat apples,ok,Sentence,否定文
1097,Waldo didn’t report that anyone had left.,ok,Sentence,否定文
1098,I didn’t help him because I have any sympathy for urban guerillas.,ok,Sentence,否定文
1099,"NOT CAUSE ([(I have X)], I helped him)",ok,Noun Phrase,否定文
1100,I don’t have any sympathy for urban guerillas.,ok,Sentence,否定文
1101,I don’t sympathize with them,ok,Sentence,否定文
1102,She was amazed that there was any food left.,ok,Sentence,否定文
1103,She had expected that there wouldn’t be any food left.,ok,Sentence,否定文
1104,We had to kick the mule hard before it budged an inch.,ok,Sentence,否定文
1105,The mule didn’t budge an inch until we kicked it.,ok,Sentence,否定文
1106,"If he gives a damn about his cat, he’ll take it to the vet.",ok,Sentence,否定文
1107,"If he doesn’t take his cat to the vet, then he doesn’t give a damn about it.",ok,Sentence,否定文
1108,Grass isn’t green because it has any chlorophyl.,*,Sentence,否定文
1109,Grass doesn’t have any chlorophyl.,ok,Sentence,否定文
1110,"Grass isn’t green because it has any green paint in it, for heaven’s sake!",ok,Sentence,否定文
1111,Grass doesn’t have any green paint.,ok,Sentence,否定文
1112,Billy the Kid shot him before he ever got his hand on his gun.,ok,Sentence,否定文
1113,He brushed his teeth before he ever went to bed.,#,Sentence,否定文
1114,"If he ever drinks any water from that well, he will get dysentery.",ok,Sentence,否定文
1115,"If he ever takes any medicine, he will get better.",#,Sentence,否定文
1116,John is not an economist. We shouldn’t consult him.,ok,Sentence,否定文
1117,But he is a businessman. We should consult him.,ok,Sentence,否定文
1118,The accused's alibi depends on the preposterous claim that he brushed his teeth while in bed. But the eye-witness testimony of the butler proves that he brushed his teeth before he ever went to bed.,ok,Sentence,否定文
1119,"We hope for his recovery. If he takes medicine, he will get better.",ok,Sentence,否定文
1120,"We hope for his recovery. But if he ever takes any medicine, he will get better.",#,Sentence,否定文
1121,"He is seriously ill and will die sooner or later. We eagerly await his death, because his fortune will then be ours. But if he ever takes any medicine, he will get better. We should prevent that at all costs.",ok,Sentence,否定文
1122,It was Mr. White that gave Joe this ticket.,ok,Sentence,強調構文
1123,Mr. White gave Joe this ticket.,ok,Sentence,強調構文
1124,It was a tax cut that was counted on.,ok,Sentence,強調構文
1125,Was it John that broke the window?,ok,Sentence,強調構文
1126,It was to John that she spoke.,ok,Sentence,強調構文
1127,It is with great pleasure that I present our speaker.,ok,Sentence,強調構文
1128,It's very unhappy that Bill is.,*,Sentence,強調構文
1129,It was too carefully that she spoke.,*,Sentence,強調構文
1130,It is blow up some buildings that you should.,*,Sentence,強調構文
1131,It was to report on time that we failed.,*,Sentence,強調構文
1132,It was that guests left that John drank so much.,*,Sentence,強調構文
1133,It was very carefully that John did it.,ok,Sentence,強調構文
1134,It was intonationally that these linguistic units were separated.,ok,Sentence,強調構文
1135,It was recently that he had an accident.,ok,Sentence,強調構文
1136,"Is it black that you take it, or with cream and sugar?",ok,Sentence,強調構文
1137,The policeman knows the person whom you saw in the park.,ok,Sentence,強調構文
1138,It was the Colonel I was looking for.,ok,Sentence,強調構文
1139,The Colonel was the man I was looking for.,ok,Sentence,強調構文
1140,Fred Schwartz who was playing the harp when you came in has just been hired at Stanford.,*,Sentence,強調構文
1141,It was the battle of Waterloo that decided the fate of Europe.,ok,Sentence,強調構文
1142,She is the girl to whom I sent many letters.,ok,Sentence,強調構文
1143,It was the dog to which I gave the water.,ok,Sentence,強調構文
1144,They are the people live next door.,*,Sentence,強調構文
1145,It was the President himself spoke to me.,ok,Sentence,強調構文
1146,It was because he was ill that we decided to return.,ok,Sentence,強調構文
1147,Whom does she hate?,ok,Sentence,強調構文
1148,She hates whom.,ok,Sentence,強調構文
1149,Which book did John hear a rumor that you had read?,*,Sentence,強調構文
1150,What did you wonder to whom John gave?,*,Sentence,強調構文
1151,This is the book which you accept the claim that they should read t.,*,Sentence,強調構文
1152,This is the book which you wonder where you can buy?,*,Sentence,強調構文
1153,It is this book that I accept the argument that John should read.,*,Sentence,強調構文
1154,It is this book that I wonder who read.,*,Sentence,強調構文
1155,It was a car that John bought.,ok,Sentence,強調構文
1156,What John bought was a car.,ok,Sentence,強調構文
1157,it John bought something was a car.,ok,Sentence,強調構文
1158,It’s me who is responsible,ok,Sentence,強調構文
1159,It’s you who is responsible,ok,Sentence,強調構文
1160,It’s him who is responsible.,ok,Sentence,強調構文
1161,The one who is responsible is me.,ok,Sentence,強調構文
1162,The one who is responsible is you.,ok,Sentence,強調構文
1163,The one who is responsible is him.,ok,Sentence,強調構文
1164,It is with great pride that I accept this nomination.,ok,Sentence,強調構文
1165,How I accept this nomination is with great pride.,*,Sentence,強調構文
1166,it I accept this nomination with great pride is,ok,Sentence,強調構文
1167,it I accept this nomination is with great pride,ok,Sentence,強調構文
1168,"It’s a great place, San Francisco.",ok,Sentence,強調構文
1169,"I like him a lot, your uncle.",ok,Sentence,強調構文
1170,"It was San Francisco, (the place) where we spent our vacation.",ok,Sentence,強調構文
1171,"It was an explosion, what Bill heard.",ok,Sentence,強調構文
1172,It’s apples that I have enough of.,ok,Sentence,強調構文
1173,"It's apples, what I have enough of.",ok,Sentence,強調構文
1174,"They're apples, what I have enough of.",*,Sentence,強調構文
1175,What we need is books.,ok,Sentence,擬似分裂文
1176,What he did was fasten down the carpet.,ok,Sentence,擬似分裂文
1177,It was fasten down the carpet that he did.,*,Sentence,擬似分裂文
1178,Where I gave the cat was to Matt.,*,Sentence,擬似分裂文
1179,It was to Matt that I gave the cat.,ok,Sentence,擬似分裂文
1180,What we have set as our goal is the grammatical capacity of children—a part of their linguistic competence.,ok,Sentence,擬似分裂文
1181,I’ve been bit once already by a German shepherd. It was really scary. IT WAS AN OUTSIDE METER THE WOMAN HAD. I read the gas meter and was walking back out ...,ok,Sentence,擬似分裂文
1182,What the woman had was an outside meter.,ok,Sentence,擬似分裂文
1183,Hi! What my name is is Ellen.,#,Sentence,擬似分裂文
1184,Hi! What I’ve heard about is your work.,#,Sentence,擬似分裂文
1185,"My dear, friends, what we have always wanted to know, but what the government has never wanted to tell us, is what exactly happens at secret conferences like the one you have been reading about in the papers this week. There is one man, however, who has been present at such conferences himself and who is willing to break silence. His name is Robert Fox, and he is the man that we have invited as guest speaker for tonight.",ok,Sentence,擬似分裂文
1186,"A: I hear you’ve got a job at Johnson’s. A nice place that is. I suppose you’re happy now?
B: Well, I don't know. What I’d really like to do is run. a business of my own. But I can’t do that, because I’ve no money to start one.",ok,Sentence,擬似分裂文
1187,The things which are needed are books.,ok,Sentence,擬似分裂文
1188,What I want is this.,ok,Sentence,擬似分裂文
1189,What I want is expensive.,ok,Sentence,擬似分裂文
1190,John is certain to win.,ok,Sentence,擬似分裂文
1191,It is certain that John will win.,ok,Sentence,擬似分裂文
1192,is certain that John to win.,ok,Verb Phrase,擬似分裂文
1193,What John was was certain to be respectable.,ok,Sentence,擬似分裂文
1194,John hates himself.,ok,Sentence,擬似分裂文
1195,John thinks that Mary hates himself.,*,Sentence,擬似分裂文
1196,Tom's mother admires himself.,*,Sentence,擬似分裂文
1197,What John is is important to him.,ok,Sentence,擬似分裂文
1198,What John is is important to himself.,ok,Sentence,擬似分裂文
1199,What he is appears to be important to him.,ok,Sentence,擬似分裂文
1200,What he is appears to be important to himself.,*,Sentence,擬似分裂文
1201,What did they say that what she was looking at appeared to be a picture of?,ok,Sentence,擬似分裂文
1202,Who did they say that what Mary was going to do was give the dog to?,*,Sentence,擬似分裂文
1203,What John is is important to himself.,ok,Sentence,擬似分裂文
1204,What John is is important to himself is,ok,Sentence,擬似分裂文
1205,What John bought was a skunk.,ok,Sentence,擬似分裂文
1206,What John bought a skunk was,ok,Noun Phrase,擬似分裂文
1207,John sent an expensive book about horned frogs to Horace.,ok,Sentence,擬似分裂文
1208,John sent to Horace an expensive book about horned frogs.,ok,Sentence,擬似分裂文
1209,What kind of frogs did John send to Horace an expensive book about?,*,Sentence,擬似分裂文
1210,What John bought a story about Nixon was,ok,Noun Phrase,擬似分裂文
1211,What John bought was a story about Nixon.,ok,Sentence,擬似分裂文
1212,Who was what John bought a story about?,*,Sentence,擬似分裂文
1213,John’s favorite possession is a book about himself.,ok,Sentence,擬似分裂文
1214,John’s biggest worry is that photograph of himself which was taken last year.,ok,Sentence,擬似分裂文
1215,Mitchell seems to be a cretin.,ok,Sentence,繰上げ構文
1216,I believe him to be a genius.,ok,Sentence,繰上げ構文
1217,It seems that Mitchell is a cretin.,ok,Sentence,繰上げ構文
1218,I believe that he is a genius.,ok,Sentence,繰上げ構文
1219,John seems to be a nice fellow.,ok,Sentence,繰上げ構文
1220,John is likely to be a nice fellow.,ok,Sentence,繰上げ構文
1221,NP seems John to be a nice fellow.,ok,Verb Phrase,繰上げ構文
1222,Np is likely John to be a nice fellow.,ok,Sentence,繰上げ構文
1223,it seems that John to be a nice fellow.,ok,Sentence,繰上げ構文
1224,it is likely that John is a nice fellow.,ok,Sentence,繰上げ構文
1225,I believe John to have convinced Bill.,ok,Sentence,繰上げ構文
1226,I believe Bill to have been convinced by John.,ok,Sentence,繰上げ構文
1227,I compelled the doctor to examine John.,ok,Sentence,繰上げ構文
1228,I compelled John to be examined by the doctor.,ok,Sentence,繰上げ構文
1229,Everybody believes there to be three chairs in the room.,ok,Sentence,繰上げ構文
1230,Jack believed Joan to be famous.,ok,Sentence,繰上げ構文
1231,For Joan to be (have been) famous was believed by Jack.,ok,Sentence,繰上げ構文
1232,Joan to be (have been) famous was believed by Jack.,*,Sentence,繰上げ構文
1233,Joan was believed to have been famous by Jack.,ok,Sentence,繰上げ構文
1234,Jack believed (that) himself was immortal.,ok,Sentence,繰上げ構文
1235,Jack believed himself to be immortal.,ok,Sentence,繰上げ構文
1236,They believed (that) each other were honest.,*,Sentence,繰上げ構文
1237,They believed each other to be honest.,ok,Sentence,繰上げ構文
1238,I believe that someone insulted Arthur.,ok,Sentence,繰上げ構文
1239,I believe someone to have insulted Arthur.,ok,Sentence,繰上げ構文
1240,I believe that there is someone who insulted Arthur.,ok,Sentence,繰上げ構文
1241,There is someone who I believe insulted Arthur.,ok,Sentence,繰上げ構文
1242,"Jane proved that Bob, unfortunately, was a werewolf.",ok,Sentence,繰上げ構文
1243,"Jane proved Bob, unfortunately, to be a werewolf.",ok,Sentence,繰上げ構文
1244,I have found that Bob recently has been morose.,ok,Sentence,繰上げ構文
1245,I have found Bob recently to be morose.,ok,Sentence,繰上げ構文
1246,I can prove that Bob easily outweighed Martha’s goat.,ok,Sentence,繰上げ構文
1247,I can prove Bob easily to have outweighed Martha’s goat.,ok,Sentence,繰上げ構文
1248,Perhaps - John - read - the - book - intelligently,ok,Verb Phrase,繰上げ構文
1249,John - received -the book,ok,Verb Phrase,繰上げ構文
1250,John - regards - Bill - as friend,ok,Verb Phrase,繰上げ構文
1251,John - painted - the wall - gray,ok,Verb Phrase,繰上げ構文
1252,John - expect - the food - to be good to eat,ok,Verb Phrase,繰上げ構文
1253,The food is expected to be good to eat by John.,ok,Sentence,繰上げ構文
1254,The candidates expected each other to win.,ok,Sentence,繰上げ構文
1255,The candidates expected that each other would win.,*,Sentence,繰上げ構文
1256,The candidates expected to defeat each other.,ok,Sentence,繰上げ構文
1257,The men expected the soldier to shoot each other.,*,Sentence,繰上げ構文
1258,They never mentioned it to the candidate that the job was poorly paid.,ok,Sentence,繰上げ構文
1259,We demand it of our employees that they wear a tie.,ok,Sentence,繰上げ構文
1260,I dislike it for him to be so cruel.,ok,Sentence,繰上げ構文
1261,John resented it that Mary was leaving.,ok,Sentence,繰上げ構文
1262,I hate it when she does that to me.,ok,Sentence,繰上げ構文
1263,I can’t believe it how nice everybody’s been to me.,ok,Sentence,繰上げ構文
1264,I proved conclusively him to be a liar.,*,Sentence,繰上げ構文
1265,I believe irrefutably him to be a liar.,*,Sentence,繰上げ構文
1266,I suspect strongly him to be a liar.,*,Sentence,繰上げ構文
1267,I proved him conclusively to be a liar.,?,Sentence,繰上げ構文
1268,I believe him irrefutably to be a liar.,ok,Sentence,繰上げ構文
1269,I suspect him strongly to be a liar.,ok,Sentence,繰上げ構文
1270,Linda believes herself to be popular.,ok,Sentence,繰上げ構文
1271,The DA proved the defendants to be guilty during each other's trials.,?,Sentence,繰上げ構文
1272,The DA accused the defendants during each other's trials.,?,Sentence,繰上げ構文
1273,The DA accused that the defendants were guilty during each other's trials.,?*,Sentence,繰上げ構文
1274,I believe that John won.,ok,Sentence,繰上げ構文
1275,I believe him to be incompetent.,ok,Sentence,繰上げ構文
1276,Beans I don’t like.,ok,Sentence,話題化
1277,I don't like beans.,ok,Sentence,話題化
1278,"“What can you tell me about John?”
“John Mary kissed.”",ok,Sentence,話題化
1279,"“What can you tell me about John?”
“Nothing. Bill Mary kissed.”",ok,Sentence,話題化
1280,John he CALLED.,ok,Sentence,話題化
1281,JOHN he called.,ok,Sentence,話題化
1282,What about John?,ok,Sentence,話題化
1283,Who did he call?,ok,Sentence,話題化
1284,"(As for) John, he CALLED him.",ok,Sentence,話題化
1285,It was John that he called.,ok,Sentence,話題化
1286,Olga ate the duck but the cabbage she didn’t EAT.,ok,Sentence,話題化
1287,Olga ate the duck but the CABBAGE she didn’t eat.,ok,Sentence,話題化
1288,Jim I’m going to invite ANYWAY.,ok,Sentence,話題化
1289,JIM I’m going to invite anyway.,??,Sentence,話題化
1290,A certain monkey I SAW.,*,Sentence,話題化
1291,A certain MONKEY I saw.,ok,Sentence,話題化
1292,The book John rejected [the claim that he had asked Tom to take back to the library].,*,Sentence,話題化
1293,The book [that John had asked Tom to take back to the library] is clear.,*,Sentence,話題化
1294,The book [Mary will ask Tom to take the magazine] and [I’m going to ask him to take].,*,Sentence,話題化
1295,The book I’m going to ask Tom to take [and the magazine] back to the library.,*,Noun Phrase,話題化
1296,Beans [I don’t think [you’ll be able to convince me [Harry has ever tasted in his life]]].,ok,Sentence,話題化
1297,"This book, I asked Bill to get his students to read.",ok,Sentence,話題化
1298,"This book, to whom should we give?",*,Sentence,話題化
1299,John said that [this book] he thought you would like,ok,Sentence,話題化
1300,"That book, to John, Mary handed.",??,Sentence,話題化
1301,"To John, that book, Mary handed.",??,Sentence,話題化
1302,"To Mary, Bill thinks that that book, John handed.",??,Sentence,話題化
1303,"He’s a man to whom liberty, we could never grant.",ok,Sentence,話題化
1304,"He’s a man to whom liberty, we could never grant it.",*,Sentence,話題化
1305,"That this solution, I proposed last year is widely known.",ok,Sentence,話題化
1306,"That this solution, I proposed it last year is widely known.",*,Sentence,話題化
1307,"John, Mary, he likes.",ok,Sentence,話題化
1308,"John, Mary, he likes her.",*,Sentence,話題化
1309,Who do you think this book likes?,*,Sentence,話題化
1310,"John, this book, likes.",*,Sentence,話題化
1311,To ROBIN I gave a book.,ok,Sentence,話題化
1312,"To Robin, I gave a book.",ok,Sentence,話題化
1313,Which books did Lee say that on the TABLE she had put?,ok,Sentence,話題化
1314,What did Lee say that on the TABLE she had put?,ok,Sentence,話題化
1315,"Which books did Lee say that, on the table, she had put?",*,Sentence,話題化
1316,John said that this book Mary should have read,ok,Sentence,話題化
1317,"John regretted that Gone with the Wind, we went to see.",*,Sentence,話題化
1318,John regrets that he fired Mary,ok,Sentence,話題化
1319,John regrets Mary that he fired,*,Sentence,話題化
1320,"Himself, Tony always buys things for.",ok,Sentence,話題化
1321,"Him, Tony said Harry insulted.",*,Sentence,話題化
1322,"Him, John keeps a snake near.",*,Sentence,話題化
1323,"Near him, John keeps a snake.",ok,Sentence,話題化
1324,"Sonya, she denies that Hirschel admires.",*,Sentence,話題化
1325,"Sonya, she denies that Hirschel admires her.",ok,Sentence,話題化
1326,"Your friend John, I saw him last night.",ok,Sentence,転位構文
1327,"He’s a complete idiot, that brother of yours.",ok,Sentence,転位構文
1328,I saw your friend John last night.,ok,Sentence,転位構文
1329,That brother of yours is a complete idiot.,ok,Sentence,転位構文
1330,"“What can you tell me about John?”
“Nothing. But Bill, Mary kissed him.”",ok,Sentence,転位構文
1331,"“What can you tell me about John?”
“John, Mary kissed him.”",*,Sentence,転位構文
1332,"John, Mary was bitten by him.",?,Sentence,転位構文
1333,"He told a number of lies to the Grand Jury, Ed Reinecke.",ok,Sentence,転位構文
1334,"I told HER to leave instantly, the woman that did an obscene imitation of me on the Merv show.",ok,Sentence,転位構文
1335,Do you know what else the girl who did an imitation of me on Merv Griffith did?,ok,Sentence,転位構文
1336,"Do you know what else she did, the girl who did an imitation of me on Merv Griffith?",ok,Sentence,転位構文
1337,"This room, it really depresses me.",ok,Sentence,転位構文
1338,"Women, I’ll never be able to figure them out.",ok,Sentence,転位構文
1339,"About this room, it really depresses me.",ok,Sentence,転位構文
1340,"As for women, I’ll never be able to figure them out.",ok,Sentence,転位構文
1341,"My first book, I paid half of each trick to [the person who gave it to me].",ok,Sentence,転位構文
1342,"My father, [the man he works with in Boston] is going to tell the police that that traffic expert has set that light on the corner of Murk Street far too slow.",ok,Sentence,転位構文
1343,"My father, [that he’s lived here all his life] is well-known to the cops.",ok,Sentence,転位構文
1344,"My father, I hardly ever see [him and my mother] when they’re not glaring at each other.",ok,Sentence,転位構文
1345,"My wife, somebody stole [her handbag] last night.",ok,Sentence,転位構文
1346,"[The boy who hates him] is insane, Charley.",*,Sentence,転位構文
1347,"[That they spoke to the janitor about that robbery yesterday] is terrible, the cops.",?*,Sentence,転位構文
1348,"I saw [Mary and him] downtown yesterday, your friend from Keokuk. ",ok,Sentence,転位構文
1349,"I noticed [his car] in the driveway last night, your friend from Keokuk.",ok,Sentence,転位構文
1350,"Charley, he’s out of his mind.",ok,Sentence,転位構文
1351,"As for Charley, he's out of his mind.",ok,Sentence,転位構文
1352,"Those petunias, what did Joanne do with them?",ok,Sentence,転位構文
1353,"Those petunias, when did Joanne plant them?",ok,Sentence,転位構文
1354,"He’s real smart, John.",ok,Sentence,転位構文
1355,"He’s real smart, John is.",ok,Sentence,転位構文
1356,"As for this book, I think you should read it.",ok,Sentence,転位構文
1357,"(As for) John, who do you think saw him?",ok,Sentence,転位構文
1358,"John, he's real smart.",ok,Sentence,転位構文
1359,John considers Mary a genius.,ok,Sentence,小節
1360,John considers that Mary is a genius.,ok,Sentence,小節
1361,John considers Mary to be a genius.,ok,Sentence,小節
1362,John considers [himself the best candidate].,ok,Sentence,小節
1363,I consider [John very stupid].,ok,Verb Phrase,小節
1364,I expect [the sailor off my ship].,ok,Noun Phrase,小節
1365,I feared [John killed by the enemy].,ok,Sentence,小節
1366,[Workers angry about the pay] is just the situation that the ad campaign was designed to avoid.,ok,Sentence,小節
1367,I consider [the manor myself very stupid].,*,Verb Phrase,小節
1368,I want [him very much off my ship].,*,Verb Phrase,小節
1369,John arrived dead.,ok,Sentence,小節
1370,John considers [Bill [Bob's friend]].,ok,Sentence,小節
1371,What does John consider [Bill]?,ok,Sentence,小節
1372,Who does John consider [stupid]?,ok,Sentence,小節
1373,Someone seems [sick].,ok,Sentence,小節
1374,Someone seems [to be sick].,ok,Sentence,小節
1375,We consider [Mary proud of ourselves].,*,Verb Phrase,小節
1376,We saw [Mary embarrass ourselves].,*,Verb Phrase,小節
1377,They consider [John each other's friend].,ok,Sentence,小節
1378,They want [the wind away from each other].,ok,Verb Phrase,小節
1379,"[How proud of each other], they consider John.",*,Noun Phrase,小節
1380,"[Criticize himself], John thinks his wife will not.",*,Sentence,小節
1381,"[How much criticism of himself], John thinks his wife will tolerate.",ok,Sentence,小節
1382,"[How far from each other's boat], do they want John.",ok,Sentence,小節
1383,I consider [John to be off my ship].,ok,Verb Phrase,小節
1384,I consider [John off my ship].,*,Verb Phrase,小節
1385,He is expected [to be very angry].,ok,Sentence,小節
1386,He is expected [very angry].,*,Sentence,小節
1387,I consider [John very stupid].,ok,Verb Phrase,小節
1388,I consider [John Bill’s best friend].,ok,Verb Phrase,小節
1389,I consider [your daughters all grown up].,ok,Sentence,小節
1390,I expect [that sailor very stupid].,*,Noun Phrase,小節
1391,I expect [John the best candidate].,*,Verb Phrase,小節
1392,I expect [that sailor off my ship].,ok,Noun Phrase,小節
1393,I expect [this mess cleared up immediately].,ok,Verb Phrase,小節
1394,They all felt [the plan unwise].,ok,Sentence,小節
1395,We have never felt [ourselves their masters].,ok,Sentence,小節
1396,I felt [myself off the land].,*,Verb Phrase,小節
1397,I felt [something crawling up my arm].,ok,Sentence,小節
1398,John considers [someone to be sick].,ok,Verb Phrase,小節
1399,John considers [someone sick].,ok,Verb Phrase,小節
1400,John wants [to be dead].,ok,Verb Phrase,小節
1401,John wants [dead].,*,Verb Phrase,小節
1402,I found [[people] to be fascination [who had tons of money] when I was still a child.,?,Sentence,小節
1403,I found [[people] fascination [who had tons of money] when I was still a child.,?*,Sentence,小節
1404,"John considers [Mary probably to be scared of snakes] certainly, she is scared of snakes.",ok,Sentence,小節
1405,"John considers [Mary probably scared of snakes] certainly, she is scared of snakes.",*,Sentence,小節
1406,He finds you very brave.,ok,Sentence,小節
1407,Phil regarded the fondue as too liquid.,ok,Sentence,小節
1408,He takes you for a fool.,ok,Sentence,小節
1409,Who do you consider him as?,ok,Sentence,小節
1410,Who do you take me for?,ok,Sentence,小節
1411,The rat considers the kinds as all hopeless cases.,ok,Sentence,小節
1412,find [[you BE very brave]],ok,Verb Phrase,小節
1413,regard [as [the fondue BE too liquid]],ok,Verb Phrase,小節
1414,take [for [you BE a fool]],ok,Verb Phrase,小節
1415,I expect that sailor off my ship (by midnight).,ok,Sentence,小節
1416,I expect him honest.,*,Sentence,小節
1417,I expect that island off the route.,*,Sentence,小節
1418,I expect that man dead by tomorrow.,ok,Sentence,小節
1419,John considers Mary smart.,ok,Sentence,小節
1420,"Unfortunately, our pilot considers that island off the route.",ok,Sentence,小節
1421,The doctor considers that patient dead by tomorrow.,*,Sentence,小節
1422,I consider that sailor off my ship by midnight.,*,Sentence,小節
1423,I found that she is Mexican.,ok,Sentence,小節
1424,I found her to be Mexican.,ok,Sentence,小節
1425,I found her Mexican.,ok,Sentence,小節
1426,"When I looked in the files, I found that she was Mexican.",ok,Sentence,小節
1427,"When I looked in the files, I found her to be Mexican.",?,Sentence,小節
1428,"When I looked in the files, I found her Mexican.",*,Sentence,小節
1429,John considers her to be knowledgeable enough to handle the situation.,ok,Sentence,小節
1430,John considers her to be briefed well enough to handle the situation.,ok,Sentence,小節
1431,John considers her knowledgeable enough to handle the situation.,ok,Sentence,小節
1432,John considers her briefed well enough to handle the situation.,(?),Sentence,小節
1433,"I am going to present a problem to you, but first let me set up some assumption.
Let assume that Mary is eager to join the Air Force.",ok,Sentence,小節
1434,"I am going to present a problem to you, but first let me set up some assumption.
Let assume Mary to be eager to join the Air Force.",(?),Sentence,小節
1435,"I am going to present a problem to you, but first let me set up some assumption.
Let assume Mary eager to join the Air France.",?,Sentence,小節
1436,I want him to be president.,ok,Sentence,小節
1437,I want him president.,*,Sentence,小節
1438,I expect him to be intelligent.,ok,Sentence,小節
1439,I expect him intelligent.,*,Sentence,小節
1440,I consider him to be intelligent.,ok,Sentence,小節
1441,I consider him intelligent.,ok,Sentence,小節
1442,They appointed him to be president.,ok,Sentence,小節
1443,They appointed him president.,ok,Sentence,小節
1444,The newspaper reported that the president was assassinated.,ok,Sentence,that節
1445,That the president was assassinated was reported in the newspaper.,ok,Sentence,that節
1446,It was reported in the newspaper that the president was assassinated.,ok,Sentence,that節
1447,"The president was assassinated, as the newspaper reported.",ok,Sentence,that節
1448,Mary regrets that the president was assassinated.,ok,Sentence,that節
1449,Mary does not regret that the president was assassinated.,ok,Sentence,that節
1450,I want to make clear the fact that I don’t intend to participate.,ok,Sentence,that節
1451,I assert the fact that I don’t intend to participate.,*,Sentence,that節
1452,I regret having agreed to the proposal.,ok,Sentence,that節
1453,I believed having agreed to the proposal.,*,Verb Phrase,that節
1454,I resent Mary to have been the one who did it.,*,Sentence,that節
1455,I believe Mary to have been the one who did it.,ok,Sentence,that節
1456,"If I regret later that I have not told the truth, I will confess it to everyone.",ok,Sentence,that節
1457,"If I realize later that I have not told the truth, I will confess it to everyone.",ok,Sentence,that節
1458,I exclaimed that never in my life had I seen such a crowd.,ok,Sentence,that節
1459,I think that never in my life had I seen such a crowd.,ok,Sentence,that節
1460,It's probable that seldom did he drive that car.,*,Sentence,that節
1461,He was surprised that never in my life had I seen a hippopotamus.,*,Sentence,that節
1462,I found out that never before had he had to borrow money.,ok,Sentence,that節
1463,"I say that Hannah is the best wrestler, isn’t she?",*,Sentence,that節
1464,"I guess that it’s a waste of time to read so many comic books, isn’t it?",ok,Sentence,that節
1465,I like it that Alice lays chess.,ok,Sentence,that節
1466,I like that Alice plays chess.,ok,Sentence,that節
1467,I like for Alice to play chess.,ok,Sentence,that節
1468,I know that Jo received an award.,ok,Sentence,that節
1469,I know that Jo is a female.,ok,Sentence,that節
1470,Bill expects that Diane will receive the award.,ok,Sentence,that節
1471,Bill expects that Diane will be a female.,*,Sentence,that節
1472,It took place that Bo received the awards.,ok,Sentence,that節
1473,It took place that Bo sneezed.,ok,Sentence,that節
1474,It took place that Bo was a female.,*,Sentence,that節
1475,Sue desires that Rose shall receive an award.,ok,Sentence,that節
1476,Sue desires that Rose shall sneeze.,*,Sentence,that節
1477,Sue desires that Rose shall be a female.,*,Sentence,that節
1478,I regret that Rod left.,ok,Sentence,that節
1479,I foresaw that Rod’d leave.,ok,Sentence,that節
1480,It developed that they left.,ok,Sentence,that節
1481,I managed to leave.,ok,Sentence,that節
1482,I believe that he locked it.,ok,Sentence,that節
1483,I expect that he’ll lock it.,ok,Sentence,that節
1484,I tend to lock it.,ok,Sentence,that節
1485,I commanded him to lock it.,ok,Sentence,that節
1486,I hope that he locked up.,ok,Sentence,that節
1487,I preferred that the money be returned.,ok,Sentence,that節
1488,I like for him to lock up.,ok,Sentence,that節
1489,I allowed him to lock up.,ok,Sentence,that節
1490,He claimed it was no good.,ok,Sentence,that節
1491,She gushed she simply loved it.,*,Sentence,that節
1492,They came to the conclusion they had to act.,ok,Sentence,that節
1493,They stressed the conclusion they had to act.,*,Sentence,that節
1494,I asked you be there.,*,Sentence,that節
1495,I demanded you be there.,ok,Sentence,that節
1496,"What I heard was, he turned them down.",ok,Sentence,that節
1497,They maintain they were not responsible.,ok,Sentence,that節
1498,"They maintain, you want me to believe. they were not responsible.",*,Sentence,that節
1499,It’s right they should have the money.,ok,Sentence,that節
1500,It's wrong they should have the money.,*,Sentence,that節
1501,He objected I had been so slow in replying.,*,Sentence,that節
1502,He was never able to grasp his powers were not equal to the task.,*,Sentence,that節
1503,I'm sorry time is short.,?,Sentence,that節
1504,I'm sorry the time is short.,ok,Sentence,that節
1505,I'm sorry time is so short.,ok,Sentence,that節
1506,I'm sorry that time is short.,ok,Sentence,that節
1507,Bill thinks that they’re gonna win. It is a lie --- they're not.,ok,Sentence,that節
1508,John rejoices that they came to the party. It is a lie --- they didn’t.,*,Sentence,that節
1509,What did he mumble that John did ___?,*,Sentence,that節
1510,He mumbled John did it.,*,Sentence,that節
1511,What is it unlikely that he enjoys doing ___?,?,Sentence,that節
1512,It is unlikely he did it.,*,Sentence,that節
1513,What does he grieve that his son stole ___?,*,Sentence,that節
1514,He grieves his son stole the money.,*,Sentence,that節
1515,"Bill said: “I regret that children cannot be accommodated."" It is a lie --- they can; special beds have been set up for them.",ok,Sentence,that節
1516,What did he regret that you did ___?,ok,Sentence,that節
1517,He regretted you did it.,*,Sentence,that節
1518,She knew all along is likely.,*,Sentence,that節
1519,That she knew all along is likely.,ok,Sentence,that節
1520,She discussed the claim that he had done it.,ok,Sentence,that節
1521,She discussed the claim he had done it.,*,Sentence,that節
1522,The teacher was lying was hardly obvious.,*,Sentence,that節
1523,The teacher was lying Ben already knew.,*,Sentence,that節
1524,I distrust the claim Bill had left the party.,*,Sentence,that節
1525,Bill muttered Denny was playing too much poker.,*,Sentence,that節
1526,I believe [that he’s right] and [you’re wrong].,ok,Sentence,that節
1527,I hope [that you can come] and [Harry can too].,ok,Sentence,that節
1528,The Ancients believed the world was round.,ok,Sentence,that節
1529,the world is round was known to the Ancients.,*,Sentence,that節
1530,Sue's confirmation the world is round.,*,Noun Phrase,that節
1531,The Ancients were aware the world was round.,ok,Sentence,that節
1532,the hypothesis the earth is flat,ok,Noun Phrase,that節
1533,the hypothesis that the earth is flat,*,Noun Phrase,that節
1534,the news John was assassinated,ok,Sentence,that節
1535,the news that John was assassinated,*,Noun Phrase,that節
1536,I hope that this book you will read.,ok,Sentence,that節
1537,I hope this book you will read.,*,Sentence,that節
1538,She prayed that next Wednesday the check would arrive.,ok,Sentence,that節
1539,She prayed next Wednesday the check would arrive.,*,Sentence,that節
1540,I hope this book that you will read.,*,Sentence,that節
1541,She prayed next Wednesday that the check would arrive.,*,Sentence,that節
1542,I hope he is right and that you are wrong.,ok,Sentence,that節
1543,She walked slowly and with great care.,ok,Sentence,that節
1544,I think that he's awake.,ok,Sentence,that節
1545,I think he's awake.,ok,Sentence,that節
1546,I am aware that he's awake.,ok,Sentence,that節
1547,I am aware he's awake.,ok,Sentence,that節
1548,We must show the proof that he's correct.,ok,Sentence,that節
1549,We must show the proof he's correct.,*,Sentence,that節
1550,He is similar to her in that he's left-handed.,ok,Sentence,that節
1551,He is similar to her in he's left-handed.,*,Sentence,that節
1552,That he's awake is certain.,ok,Sentence,that節
1553,He's awake is certain.,*,Sentence,that節
1554,"That he's awake, I don't know.",ok,Sentence,that節
1555,"He's awake, I don't know.",*,Sentence,that節
1556,"I am sure, because I have been at home, that he's awake.",ok,Sentence,that節
1557,"I am sure, because I have been at home, he's awake.",*,Sentence,that節
1558,"John believes that Bill, Mary doesn't like.",ok,Sentence,that節
1559,"John believes Bill, Mary doesn't like.",*,Sentence,that節
1560,"John wonders whether Bill, Mary likes.",?,Sentence,that節
1561,"John wonders if Bill, Mary likes.",?*,Sentence,that節
1562,Lee believes that at no time at all would Robin volunteer.,ok,Sentence,that節
1563,Lee believes at no time at all would Robin volunteer.,*,Sentence,that節
1564,Lee wonders whether at no time at all would Robin volunteer.,?,Sentence,that節
1565,Lee wonders if at no time at all would Robin volunteer.,*,Sentence,that節
1566,It is that I was planning to leave that I asserted.,ok,Sentence,that節
1567,It is I was planning to leave that I asserted.,*,Sentence,that節
1568,It is whether you were planning to leave that I asked you.,ok,Sentence,that節
1569,It is if you were planning to leave that I asked you.,*,Sentence,that節
1570,That he is ill is certain.,ok,Sentence,that節
1571,It is certain that he is ill.,ok,Sentence,that節
1572,It’s likely enough that John did it [ to convince me we ought to question him].,ok,Sentence,that節
1573,It seems enough that John dies [to upset me].,*,Sentence,that節
1574,[That he will leave] is likely.,ok,Sentence,that節
1575,[That Ralph already skimmed the milk] seemed.,*,Sentence,that節
1576,[That the president will be elected] and [that he will be preached] are equally likely at this point.,ok,Sentence,that節
1577,[That UNO will be elected] and [that sanctions will be lifted] is now likely.,ok,Sentence,that節
1578,[That UNO will be elected] and [that sanctions will be lifted] are now likely.,??,Sentence,that節
1579,It seems equally likely at this point [that the president will be elected] and [that he will be preached].,ok,Sentence,that節
1580,It seem equally likely at this point [that the president will be elected] and [that he will be preached].,*,Sentence,that節
1581,It is now likely [that UNO will be elected] and [that sanctions will be lifted].,ok,Sentence,that節
1582,It are now likely [that UNO will be elected] and [that sanctions will be lifted].,*,Sentence,that節
1583,There is a man and five women in the garden.,ok,Sentence,that節
1584,There are a man and five women in the garden.,*,Sentence,that節
1585,John asked when the plane would arrive.,ok,Sentence,間接疑問文
1586,Sue wondered whether Mary bought an apple.,ok,Sentence,間接疑問文
1587,John asked the plane’s arrival time.,ok,Sentence,間接疑問文
1588,"John said, “when will she leave?”",ok,Sentence,間接疑問文
1589,John asked when she would leave.,ok,Sentence,間接疑問文
1590,Fred will ask whether he is a fool.,ok,Sentence,間接疑問文
1591,John will ask what a fool he is.,*,Sentence,間接疑問文
1592,It’s amazing what a fool he is.,ok,Sentence,間接疑問文
1593,It's amazing whether he is a fool.,*,Sentence,間接疑問文
1594,John asked what height the building is.,ok,Sentence,間接疑問文
1595,John asked the height of the building.,ok,Sentence,間接疑問文
1596,You’d be surprised at what big cars he buys.,ok,Sentence,間接疑問文
1597,You’d be surprised at the big cars he buys.,ok,Sentence,間接疑問文
1598,I wonder what answer he gave.,ok,Sentence,間接疑問文
1599,I wonder the answer he gave.,*,Sentence,間接疑問文
1600,I don’t care what height the plants grow to.,ok,Sentence,間接疑問文
1601,I don’t care the height the plants grow to.,*,Sentence,間接疑問文
1602,It was asked when Mary would be there.,ok,Sentence,間接疑問文
1603,It was wondered when John went.,*,Sentence,間接疑問文
1604,John asked the time.,ok,Sentence,間接疑問文
1605,John wondered the time.,*,Sentence,間接疑問文
1606,Bill wondered about John’s whereabouts.,ok,Sentence,間接疑問文
1607,John is uncertain about the time.,ok,Sentence,間接疑問文
1608,Bill asked whether Mary had been seeing John.,ok,Sentence,間接疑問文
1609,the question whether I have the right to do it,ok,Noun Phrase,間接疑問文
1610,We argued about whether Mary had been seeing John.,ok,Sentence,間接疑問文
1611,Bill asked if Mary had been seeing John.,ok,Sentence,間接疑問文
1612,the question if I have the right to do it,*,Noun Phrase,間接疑問文
1613,We argued about if Mary had been seeing John.,*,Sentence,間接疑問文
1614,[Whether Mary had been seeing John] is not clear to me.,ok,Noun Phrase,間接疑問文
1615,Is [whether John wins or not] of any great importance?,ok,Sentence,間接疑問文
1616,I think that he's awake.,ok,Sentence,間接疑問文
1617,I think he's awake.,ok,Sentence,間接疑問文
1618,I wonder whether he's awake.,ok,Sentence,間接疑問文
1619,I wonder if he's awake.,ok,Sentence,間接疑問文
1620,I am sure that he's awake.,ok,Sentence,間接疑問文
1621,I am sure he's awake.,ok,Sentence,間接疑問文
1622,I am not sure whether he's awake.,ok,Sentence,間接疑問文
1623,I am not sure if he's awake.,ok,Sentence,間接疑問文
1624,We must show the proof that this is correct.,ok,Sentence,間接疑問文
1625,We must show the proof this is correct.,*,Sentence,間接疑問文
1626,We must answer the question whether this is correct.,ok,Sentence,間接疑問文
1627,We must answer the question if this is correct.,*,Sentence,間接疑問文
1628,They are similar the proof that this is correct.,ok,Sentence,間接疑問文
1629,They are similar the proof this is correct.,*,Sentence,間接疑問文
1630,Our success depends upon whether it will be fine.,ok,Sentence,間接疑問文
1631,Our success depends upon if it will be fine.,*,Sentence,間接疑問文
1632,That he's awake is certain.,ok,Sentence,間接疑問文
1633,He's awake is certain.,*,Sentence,間接疑問文
1634,Whether he's awake is not certain.,ok,Sentence,間接疑問文
1635,If he's awake is not certain.,*,Sentence,間接疑問文
1636,"That he’s awake, I don’t know.",ok,Sentence,間接疑問文
1637,"He’s awake, I don’t know.",*,Sentence,間接疑問文
1638,"Whether he’s awake, I don’t know.",ok,Sentence,間接疑問文
1639,"If he’s awake, I don’t know.",*,Sentence,間接疑問文
1640,"I am sure, because I have been at home, that he's awake.",ok,Sentence,間接疑問文
1641,"I am sure, because I have been at home, he's awake.",*,Sentence,間接疑問文
1642,"I am not sure, because I have been at home, whether he's awake.",ok,Sentence,間接疑問文
1643,"I am not sure, because I have been at home, if he's awake.",*,Sentence,間接疑問文
1644,"Incredible as it seems, John was willing to tell me WHY he called but not WHEN.",ok,Sentence,間接疑問文
1645,"Incredible as it seems, John was willing to tell me WHY he called but not WHETHER.",?,Sentence,間接疑問文
1646,"Incredible as it seems, John was willing to tell me WHY he called but not IF.",*,Sentence,間接疑問文
1647,Lee wonders whether at no time at all would Robin volunteer.,?,Sentence,間接疑問文
1648,Lee wonders if at no time at all would Robin volunteer.,*,Sentence,間接疑問文
1649,The place that we had dinner last month was the Marco’s.,ok,Sentence,関係節
1650,I vividly remember the day that we met.,ok,Sentence,関係節
1651,He is not the boy that he used to be.,ok,Sentence,関係節
1652,The kind of philosophy a man adopts depends on the kind of man he is.,ok,Sentence,関係節
1653,I’ll buy what you are selling.,ok,Sentence,関係節
1654,John always wears whatever he should wear.,ok,Sentence,関係節
1655,I was getting ready to leave on the very day that he came (or on which he came).,ok,Sentence,関係節
1656,Every additional time that we read the book we find new meanings and beauties in it.,ok,Sentence,関係節
1657,the month you traveled to France,ok,Noun Phrase,関係節
1658,the day you traveled to France,ok,Noun Phrase,関係節
1659,the year you traveled to France,ok,Noun Phrase,関係節
1660,the month that you traveled to France,ok,Noun Phrase,関係節
1661,the day that you traveled to France,ok,Noun Phrase,関係節
1662,the year that you traveled to France,ok,Noun Phrase,関係節
1663,the vacation you traveled to France,*,Noun Phrase,関係節
1664,the occasion you traveled to France,*,Noun Phrase,関係節
1665,the vacation that you traveled to France,*,Noun Phrase,関係節
1666,the occasion that you traveled to France,*,Noun Phrase,関係節
1667,the way you talk,ok,Noun Phrase,関係節
1668,the way that you talk,ok,Noun Phrase,関係節
1669,the manner you talk,*,Noun Phrase,関係節
1670,the fashion you talk,*,Noun Phrase,関係節
1671,the manner that you talk,*,Noun Phrase,関係節
1672,the fashion that you talk,*,Noun Phrase,関係節
1673,the place you live,ok,Noun Phrase,関係節
1674,the place that you live,ok,Noun Phrase,関係節
1675,the location you live,*,Noun Phrase,関係節
1676,the street you live,*,Noun Phrase,関係節
1677,the location that you live,*,Noun Phrase,関係節
1678,the street that you live,*,Noun Phrase,関係節
1679,the way we are traveling,ok,Noun Phrase,関係節
1680,the direction we are traveling,ok,Noun Phrase,関係節
1681,the way that we are traveling,ok,Noun Phrase,関係節
1682,the direction that we are traveling,ok,Noun Phrase,関係節
1683,the course we are traveling,*,Noun Phrase,関係節
1684,the path we are traveling,*,Noun Phrase,関係節
1685,the course that we are traveling,*,Noun Phrase,関係節
1686,the path that we are traveling,*,Noun Phrase,関係節
1687,I saw John that day.,ok,Sentence,関係節
1688,I saw John that day someplace you’d never guess.,ok,Sentence,関係節
1689,John was headed that way.,ok,Sentence,関係節
1690,Max pronounced my name every way imaginable.,ok,Sentence,関係節
1691,"They have taken up mountains, anywhere that a mule can find a road.",ok,Sentence,関係節
1692,"Everywhere that Shakespeare turned in London, he saw ...",ok,Sentence,関係節
1693,Is this the reason they came?,ok,Sentence,関係節
1694,Is this the reason that they came?,ok,Sentence,関係節
1695,He did not come for this reason.,ok,Sentence,関係節
1696,He did not come this reason.,*,Sentence,関係節
1697,"Upon the next occasion that we meet, ...",ok,Noun Phrase,関係節
1698,spelling the words in the very same manner that they are pronounced by the students,ok,Verb Phrase,関係節
1699,He spoke with the same good-humored ease that he had ever done.,ok,Sentence,関係節
1700,We parted in the same cordial fashion that we met.,ok,Sentence,関係節
1701,John has been working on this table three hours.,ok,Sentence,関係節
1702,John has been working on this table for three hours.,ok,Sentence,関係節
1703,The guests registered here October first.,ok,Sentence,関係節
1704,The guests registered here on October first.,ok,Sentence,関係節
1705,I’ll finish my dessert later in this afternoon.,*,Sentence,関係節
1706,I’ll finish my dessert later this afternoon.,ok,Sentence,関係節
1707,I’ll finish my dessert later in the afternoon.,ok,Sentence,関係節
1708,I’ll finish my dessert later the afternoon.,*,Sentence,関係節
1709,She is not the brilliant dancer that she used to be.,ok,Sentence,関係節
1710,Mary will probably describe you as the character that you were ten ago.,ok,Sentence,関係節
1711,She is a rich woman and she looked it.,ok,Sentence,関係節
1712,"If there could ever be such a thing as a modest Roman, Augustus was not IT. (]T=stressed)",ok,Sentence,関係節
1713,"John didn’t want to become a woman, because she would have been discriminated against.",*,Sentence,関係節
1714,"Her mother was a father to Sue, and Sue was always grateful to him.",*,Sentence,関係節
1715,What he has always been is a teacher.,ok,Sentence,関係節
1716,We were not what we wrought to be.,ok,Sentence,関係節
1717,She stayed on as a doctor.,ok,Sentence,関係節
1718,Can Big Culture transform a suburb into a city?,ok,Sentence,関係節
1719,Like a friend he came to me and exchanged a few words with me.,ok,Sentence,関係節
1720,She is not the brilliant dancer that she was.,ok,Sentence,関係節
1721,She is not the brilliant dancer who she was.,*,Sentence,関係節
1722,"Anna is a vegetarian, which no one else is in our family.",ok,Sentence,関係節
1723,"Anna is a vegetarian, that no one else is in our family.",*,Sentence,関係節
1724,"Anna is a vegetarian, who no one else is in our family.",*,Sentence,関係節
1725,She is the perfect accountant which her predecessor was not.,ok,Sentence,関係節
1726,She is the perfect accountant that her predecessor was not.,*,Sentence,関係節
1727,This is not the type of modern house which my own is.,ok,Sentence,関係節
1728,This is not the type of modern house that my own is.,*,Sentence,関係節
1729,John finally became the doctor that we had wanted Sue to be.,ok,Sentence,関係節
1730,Mary will probably describe you as the character you were ten years ago.,ok,Sentence,関係節
1731,Mary will probably describe you as the character that you were ten years ago.,ok,Sentence,関係節
1732,They thought I was the person that she introduced you as.,ok,Sentence,関係節
1733,He is not the man which his father wants him to be.,ok,Sentence,関係節
1734,He is not the man that his father wants him to be.,ok,Sentence,関係節
1735,He is not the man his father wants him to be.,ok,Sentence,関係節
1736,Bill is the man as who I want to be introduced.,*,Sentence,関係節
1737,Bill is the man as whom I want to be introduced.,*,Sentence,関係節
1738,"John wants to stop being the manager, as which they hired him a year ago.",*,Sentence,関係節
1739,Bill is the man who I want to be introduced as.,?,Sentence,関係節
1740,"John wants to stop being a manager, which they hired him as a year ago.",?,Sentence,関係節
1741,He admired the capable lady into which Marjorie had developed.,ok,Sentence,関係節
1742,"... to become an outcast, as which he would very soon succumb in the struggle for life.",ok,Sentence,関係節
1743,John finally became the doctor that we had wanted Sue to be.,ok,Sentence,関係節
1744,John finally saw the doctor that we had wanted Sue to be.,*,Sentence,関係節
1745,They thought I was the person that she introduced you as.,ok,Sentence,関係節
1746,They thought I met the person that she introduced you as.,*,Sentence,関係節
1747,I remembered the pretty girl that Mary used to be.,ok,Sentence,関係節
1748,I remembered the beautiful woman that Mary had been in her youth.,ok,Sentence,関係節
1749,He wanted to marry the woman that his mother used to be.,ok,Sentence,関係節
1750,He should have married the woman that his mother used to be.,ok,Sentence,関係節
1751,I remembered a pretty girl that Mary used to be.,*,Sentence,関係節
1752,I remembered a beautiful woman that Mary had been in her youth.,*,Sentence,関係節
1753,"I remembered the pretty girls that Mary, Sue, Jane and Angela used to be.",ok,Sentence,関係節
1754,I remembered some pretty girls that Mary and Sue used to be.,*,Sentence,関係節
1755,I remembered a pretty girl that Mary used to be like.,ok,Sentence,関係節
1756,I remembered the pretty girl that Mary used to be like.,ok,Sentence,関係節
1757,What I want is a cup of hot cocoa.,ok,Sentence,関係節
1758,They gladly accepted what money people gave to them.,ok,Sentence,関係節
1759,Whoever did that should admit it frankly.,ok,Sentence,関係節
1760,They welcomed whatever victors came their way.,ok,Sentence,関係節
1761,That’s who you’re looking for.,ok,Sentence,関係節
1762,That's how she works.,ok,Sentence,関係節
1763,That's why I don't go there anymore.,ok,Sentence,関係節
1764,I'll buy what he is selling.,ok,Sentence,関係節
1765,I'll inquire what he is selling.,ok,Sentence,関係節
1766,They asked me what I knew.,ok,Sentence,関係節
1767,Do you remember when we got lost?,ok,Sentence,関係節
1768,What books she has isn’t certain.,ok,Sentence,関係節
1769,What books she has aren’t certain.,*,Sentence,関係節
1770,Whatever books she has are marked up with her notes.,ok,Sentence,関係節
1771,Whatever books she has is marked up with her notes.,*,Sentence,関係節
1772,Can whether you are right or not matter?,?,Sentence,関係節
1773,Can what you want be on the table?,ok,Sentence,関係節
1774,I’d like to know which paper John is working on.,ok,Sentence,関係節
1775,I’d like to know on which paper John is working.,ok,Sentence,関係節
1776,I'll reread whatever paper John has worked on.,ok,Sentence,関係節
1777,I'll reread on whatever paper John has worked.,ok,Sentence,関係節
1778,Alice didn't know what else Albert bought.,ok,Sentence,関係節
1779,Alice didn’t wash what else Albert bought.,*,Sentence,関係節
1780,I'll buy whatever you want to sell.,ok,Sentence,関係節
1781,John will be however tall his father was.,ok,Sentence,関係節
1782,I’ll word my letter however you word yours.,ok,Sentence,関係節
1783,John will leave whenever Mary leaves.,ok,Sentence,関係節
1784,I’ll work on whatever problems John assigns.,ok,Sentence,関係節
1785,I’m interested in whatever subjects I think I should be interested in.,ok,Sentence,関係節
1786,I’m interested in whatever subjects I think I should be interested.,*,Sentence,関係節
1787,I’ll speak to whatever group you’re willing to speak to.,ok,Sentence,関係節
1788,I’ll speak to whatever group you’re willing to speak.,*,Sentence,関係節
1789,John will be arrested by whoever Bill was arrested by.,ok,Sentence,関係節
1790,John will be arrested by whoever Bill was arrested.,*,Sentence,関係節
1791,I’ll throw my books at whatever politician you throw yours at.,ok,Sentence,関係節
1792,I’ll throw my books at whatever politician you throw yours.,ok,Sentence,関係節
1793,He usually arrives at whatever hour his friend arrives at.,ok,Sentence,関係節
1794,He usually arrives at whatever hour his friend arrives.,ok,Sentence,関係節
1795,I wish you would only see things in the light that we see them.,ok,Sentence,関係節
1796,They now find themselves in the same predicament that we once found ourselves.,ok,Sentence,関係節
1797,I’ll live in whatever town you live in.,ok,Sentence,関係節
1798,I’ll live in whatever town you live.,ok,Sentence,関係節
1799,I’ll put my books in whatever cupboard you put yours in.,ok,Sentence,関係節
1800,I’ll put my books in whatever cupboard you put yours.,ok,Sentence,関係節
1801,I’ll move to whatever town you move to.,ok,Sentence,関係節
1802,I’ll move to whatever town you move.,ok,Sentence,関係節
1803,I’ll send my books to whatever bookstore John sends his to.,ok,Sentence,関係節
1804,I’ll send my books to whatever bookstore John sends his.,ok,Sentence,関係節
1805,Mr. Brown died in whatever decade Mr. Smith died in.,*,Sentence,関係節
1806,Mr. Brown died in whatever decade Mr. Smith died.,ok,Sentence,関係節
1807,I’ll leave on whatever date John leaves on.,*,Sentence,関係節
1808,I’ll leave on whatever date John leaves.,ok,Sentence,関係節
1809,The nurse was present at whatever hours the doctor was present at.,*,Sentence,関係節
1810,The nurse was present at whatever hours the doctor was present.,ok,Sentence,関係節
1811,The nurse was present at whatever operations the doctor was present at.,ok,Sentence,関係節
1812,The nurse was present at whatever operations the doctor was present.,ok,Sentence,関係節
1813,I'll move to whatever town you live in.,ok,Sentence,関係節
1814,I'll move to whatever town you live.,*,Sentence,関係節
1815,I’ll live in whatever town you move to.,ok,Sentence,関係節
1816,I’ll live in whatever town you move.,*,Sentence,関係節
1817,She moves closer and closer to wherever she is talking to.,ok,Sentence,関係節
1818,She moves closer and closer to wherever she is talking.,*,Sentence,関係節
1819,I’ll move to wherever you live.,ok,Sentence,関係節
1820,I’ll move wherever you live.,ok,Sentence,関係節
1821,I’ll move to wherever you move to.,ok,Sentence,関係節
1822,I’ll move wherever you move to.,ok,Sentence,関係節
1823,I’ll move to wherever you move.,ok,Sentence,関係節
1824,I’ll move wherever you move.,ok,Sentence,関係節
1825,Put the books wherever you want.,ok,Sentence,関係節
1826,Eat whatever you want.,ok,Sentence,関係節
1827,Whoever the mayor is is unimportant.,ok,Sentence,関係節
1828,However tall the student might be goes on the record.,ok,Sentence,関係節
1829,I never found out who the mayor is.,ok,Sentence,関係節
1830,I never found out whoever the mayor is.,*,Sentence,関係節
1831,She asked about what your name is.,ok,Sentence,関係節
1832,She asked about whatever your name is.,ok,Sentence,関係節
1833,Whatever your name is is unimportant.,ok,Sentence,関係節
1834,Whatever your name is is unknown.,ok,Sentence,関係節
1835,It is unimportant whatever your name is.,*,Sentence,関係節
1836,It is unknown whatever your name is.,*,Sentence,関係節
1837,What your name is is unimportant.,ok,Sentence,関係節
1838,What your name is is unknown.,ok,Sentence,関係節
1839,It is unimportant what your name is.,*,Sentence,関係節
1840,It is unknown what your name is.,*,Sentence,関係節
1841,"Whoever the mayor is, he can’t use public funds for his own political purposes.",ok,Sentence,関係節
1842,"Whatever the reason is, I will not condone your behavior.",ok,Sentence,関係節
1843,"Whatever the reason, I will not condone your behavior.",ok,Sentence,関係節
1844,"I always search out fresh fish, wherever the restaurant is.",ok,Sentence,関係節
1845,"I always search out fresh fish, wherever the restaurant.",ok,Sentence,関係節
1846,"Whenever the concert is, we intend to be there on time to get a good seat.",ok,Sentence,関係節
1847,"Whenever the concert, we intend to be there on time to get a good seat.",ok,Sentence,関係節
1848,"I intend to stay in this town, however expensive the hotel is.",ok,Sentence,関係節
1849,"I intend to stay in this town, however expensive the hotel.",ok,Sentence,関係節
1850,Whoever the mayor is unimportant.,*,Sentence,関係節
1851,Whatever your name is unimportant.,*,Sentence,関係節
1852,However tall the student goes on the record.,*,Sentence,関係節
1853,John is more intelligent than Bill is ___.,ok,Sentence,比較構文
1854,John has as many friends as Bill has ___.,ok,Sentence,比較構文
1855,The desk is as high as it is wide.,ok,Sentence,比較構文
1856,John has more friends than Bill has enemies.,ok,Sentence,比較構文
1857,John is more intelligent than Bill.,ok,Sentence,比較構文
1858,John has as many friends as Bill.,ok,Sentence,比較構文
1859,John is more [than Bill is (intelligent)] intelligent ,ok,Sentence,比較構文
1860,John is more intelligent [than Bill is (intelligent)].,ok,Sentence,比較構文
1861,They do crazier things at higher speeds on McGrath Highway than they do other places.,ok,Sentence,比較構文
1862,John has as [as many friends] as Bill has [x many enemies].,ok,Sentence,比較構文
1863,John is more intelligent than what Bill is.,ok,Sentence,比較構文
1864,John is more intelligent than Mary believes the claim that Bill is ___.,*,Sentence,比較構文
1865,John is more intelligent than Mary knows a man who is ___.,*,Sentence,比較構文
1866,John is more intelligent than that Bill is ___ is likely.,*,Sentence,比較構文
1867,John is more intelligent than Mary wonders whether Bill is ___.,*,Sentence,比較構文
1868,The desk is as high as it is so wide.,*,Sentence,比較構文
1869,John has more friends than Bill has a dozen enemies.,*,Sentence,比較構文
1870,John has [more] friends than B. has [x many] enemies.,ok,Sentence,比較構文
1871,[How many enemies] does Bill have ___?,ok,Sentence,比較構文
1872,[How many] does Bill have ___ enemies?,*,Noun Phrase,比較構文
1873,They have produced as many job applicants as they claim to believe that there are jobs.,ok,Sentence,比較構文
1874,They have produced as many job applicants as they believe the claim that there are jobs.,*,Sentence,比較構文
1875,John invited more men than Bill invited ___.,ok,Sentence,比較構文
1876,John invited more men than Bill invited ___ women.,ok,Sentence,比較構文
1877,[More men than Bill invited] were invited by John.,ok,Sentence,比較構文
1878,More men than Bill invited women were invited by John.,*,Sentence,比較構文
1879,[How many more men than Bill invited] did John invite?,ok,Sentence,比較構文
1880,How many more men than Bill invited women did John invite?,*,Sentence,比較構文
1881,It was [more planes than Bill saw] that John saw.,ok,Sentence,比較構文
1882,It was more planes than Bill saw tanks that John saw.,*,Sentence,比較構文
1883,What John saw was [more planes than Bill saw].,ok,Sentence,比較構文
1884,What John saw was more planes than Bill saw tanks.,?*,Sentence,比較構文
1885,More men than women came to the meeting came to the party.,*,Sentence,比較構文
1886,[More men than came to the meeting] came to the party.,ok,Sentence,比較構文
1887,More men came to the party than women came to the meeting.,ok,Sentence,比較構文
1888,John is more intelligent [than Bill is ___].,ok,Sentence,比較構文
1889,John has as many friends [as Bill has ___].,ok,Sentence,比較構文
1890,John is more intelligent than Bill.,ok,Sentence,比較構文
1891,John has as many friends as Bill.,ok,Sentence,比較構文
1892,John is taller than no one.,ok,Sentence,比較構文
1893,John is taller than no one is.,*,Sentence,比較構文
1894,No man is stronger than himself.,ok,Sentence,比較構文
1895,No man is stronger than himself is.,*,Sentence,比較構文
1896,A taller man than Bill came to the party.,ok,Sentence,比較構文
1897,A taller man than Bill is came to the party.,*,Sentence,比較構文
1898,John ran faster than the world record.,ok,Sentence,比較構文
1899,John ran faster than the world record is.,*,Sentence,比較構文
1900,John ran faster than the world record ran.,*,Sentence,比較構文
1901,Mary eats faster than a tornado.,ok,Sentence,比較構文
1902,Mary eats faster than a tornado is.,*,Sentence,比較構文
1903,Mary eats faster than a tornado ran.,*,Sentence,比較構文
1904,John is taller [than Bill is].,ok,Sentence,比較構文
1905,Who is John taller [than ___ is]?,*,Sentence,比較構文
1906,John is taller than Bill.,ok,Sentence,比較構文
1907,Who is John taller than ___?,?,Sentence,比較構文
1908,John is worried about Bill.,ok,Sentence,比較構文
1909,Who is John worried about ___?,*,Sentence,比較構文
1910,He is the man than whom I would like to run faster ___.,?,Sentence,比較構文
1911,He is the man with whom I would like to go shopping ___.,ok,Sentence,比較構文
1912,She is taller than he is.,ok,Sentence,比較構文
1913,She is taller than him is.,*,Sentence,比較構文
1914,She is taller than him.,ok,Sentence,比較構文
1915,She is taller than he.,??,Sentence,比較構文
1916,"[Than John], certainly no one has done more.",ok,Sentence,比較構文
1917,"[With John], certainly no one has played golf.",ok,Sentence,比較構文
1918,Certainly no one has done more than John has.,ok,Sentence,比較構文
1919,Certainly no one has done more than John has done.,ok,Sentence,比較構文
1920,"Than John has, certainly no one has done more.",*,Sentence,比較構文
1921,"Than John has done, certainly no one has done more.",*,Sentence,比較構文
1922,John constructed a better theory than GB theory.,ok,Sentence,比較構文
1923,John constructed a better theory than Noam Chomsky.,ok,Sentence,比較構文
1924,[A better theory than GB theory] was constructed by John.,ok,Sentence,比較構文
1925,A better theory than Noam Chomsky was constructed by John.,*,Sentence,比較構文
1926,[How much better a theory than GB theory] did John construct?,ok,Sentence,比較構文
1927,How much better a theory than Noam Chomsky did John construct?,*,Sentence,比較構文
1928,It was [a better theory than GB theory] that John constructed.,ok,Sentence,比較構文
1929,It was a better theory than Noam Chomsky that John constructed.,*,Sentence,比較構文
1930,What John constructed was [a better theory than GB theory].,ok,Sentence,比較構文
1931,What John constructed was a better theory than Noam Chomsky.,*,Sentence,比較構文
1932,John constructed a better theory than Chomsky constructed.,ok,Sentence,比較構文
1933,John constructed a better than Chomsky constructed.,*,Sentence,比較構文
1934,[A better theory than Chomsky constructed] was constructed by John.,ok,Sentence,比較構文
1935,[How much better a theory than Chomsky constructed] did John construct?,ok,Sentence,比較構文
1936,It was [a better theory than Chomsky constructed] that John constructed.,ok,Sentence,比較構文
1937,What John constructed was [a better theory than Chomsky constructed].,ok,Sentence,比較構文
1938,More men buy ties than suits.,ok,Sentence,比較構文
1939,What do more men buy ties than ___?,*,Sentence,比較構文
1940,Many men buy ties and suits.,ok,Sentence,比較構文
1941,What do many men buy ties and ___?,*,Sentence,比較構文
1942,John sent more flowers to Mary than [to Susan].,ok,Sentence,比較構文
1943,John invited more men than women.,ok,Sentence,比較構文
1944,John invited more men than he invited women.,ok,Sentence,比較構文
1945,More men than women came to the party.,ok,Sentence,比較構文
1946,More men than women came to the party came to the party.,*,Sentence,比較構文
1947,More men came to the party than women came to the party.,ok,Sentence,比較構文
1948,Which president has Edith published more books about ___ than articles on ___?,ok,Sentence,比較構文
1949,Which president has Edith published more books about ___ and articles on ___?,ok,Sentence,比較構文
1950,Mary was more angry than sad.,ok,Sentence,比較構文
1951,John was singing while he was dancing.,ok,Sentence,副詞節
1952,John was singing while dancing.,ok,Sentence,副詞節
1953,"When Max owned a donkey, he hated it.",ok,Sentence,副詞節
1954,"If Max owns a donkey, he hates it.",ok,Sentence,副詞節
1955,"John treated us as if we were beggars, but Mary did so as if we were aristocrats.",*,Sentence,副詞節
1956,"John came here before I arrived, but Mary did so after I arrived.",ok,Sentence,副詞節
1957,John will attend the class unless he is busy. but Mary will do so even if she is busy.,ok,Sentence,副詞節
1958,"John was telling a lie, because his face turned red, and Mary was doing so, because her attitude was restless.",ok,Sentence,副詞節
1959,"John treated us as if we were animals, and Mary did so. too.",ok,Sentence,副詞節
1960,"John treated us as if we were animals, and Mary treated us as if we were animals, too.",ok,Sentence,副詞節
1961,"John left here before I arrived, and Mary did so, too.",ok,Sentence,副詞節
1962,"John left here before I arrived, and Mary left before I arrived, too.",ok,Sentence,副詞節
1963,"John will attend the class even if it snows, and Mary will do so, too.",ok,Sentence,副詞節
1964,"John will attend the class even if it snows, and Mary will attend the class even if it snows, too.",?,Sentence,副詞節
1965,"John was telling a lie, because his face turned red, and Mary was doing so, too.",ok,Sentence,副詞節
1966,"John was telling a lie, because his face turned red, and Mary was telling a lie, too.",ok,Sentence,副詞節
1967,"John was telling a lie, because his face turned red, and Mary was telling a lie, because his face turned red, too.",*,Sentence,副詞節
1968,It was as if they were dead that they behaved.,ok,Sentence,副詞節
1969,It was because it rained heavily that they stayed home all the day.,ok,Sentence,副詞節
1970,It was so that they might arrive there before the sun set that they left early.,ok,Sentence,副詞節
1971,It was while the meeting was being held that the students began to make a riot.,ok,Sentence,副詞節
1972,It is since my son was born that we have been living here.,ok,Sentence,副詞節
1973,It was unless it rains that we will go on a picnic.,*,Sentence,副詞節
1974,It is since he often tells a lie that he is disliked by many persons.,*,Sentence,副詞節
1975,It is while she resembles her mother that her sister resembles her father.,*,Sentence,副詞節
1976,It was for he conceded his defeat on TV that his defeat was sure.,ok,Sentence,副詞節
1977,It is so that we are now here that we left early.,*,Sentence,副詞節
1978,They didn’t treat us as if we were babies.,ok,Sentence,副詞節
1979,They have not been living here since their father died.,ok,Sentence,副詞節
1980,She is not beautiful whereas her sister is beautiful.,ok,Sentence,副詞節
1981,"He can’t speak Japanese well, because he lived in the U.S. for a long time.",ok,Sentence,副詞節
1982,He behaved as if knowing everything about the matter.,ok,Sentence,副詞節
1983,l read your article while waiting for you.,ok,Sentence,副詞節
1984,I shall be home early tonight unless meeting with unexpected difficulties.,ok,Sentence,副詞節
1985,"He will fail the exam, for wasting time foolishly.",*,Sentence,副詞節
1986,"As if he knows everything about it, he behaves.",(*),Sentence,副詞節
1987,"So that they could arrive there before the sun set, they started early in the morning.",ok,Sentence,副詞節
1988,"While I agree with you up to this point, I cannot agree to your plan as a whole.",ok,Sentence,副詞節
1989,"So that they are now in Paris, they used an airplane.",*,Sentence,副詞節
1990,Did they treat you as if you were a fool?,ok,Sentence,副詞節
1991,Did he leave while the party lasted?,ok,Sentence,副詞節
1992,Is he a Mexican though his wife is an American?,ok,Sentence,副詞節
1993,"Don't they write to each other, although they are brothers?",*,Sentence,副詞節
1994,"He doesn’t like me, because he tries to avoid me whenever he sees me.",ok,Sentence,副詞節
1995,"She asked me whether he left early in the morning, so that he is now in Paris.",*,Sentence,副詞節
1996,Their having started early so that they are now in Paris pleased their parents.,*,Sentence,副詞節
1997,He voted for Reagan whereas his wife voted for Carter.,ok,Sentence,副詞節
1998,I wonder why he voted for Reagan whereas his wife voted for Carter.,ok,Sentence,副詞節
1999,His voting for Reagan whereas his wife voted for Carter astonished me.,*,Sentence,副詞節
2000,He was arrested while he was strolling in the park.,ok,Sentence,副詞節
2001,I can't understand why he was while he was strolling in the park.,ok,Sentence,副詞節
2002,His having been arrested while he was strolling in the park surprised us.,ok,Sentence,副詞節
2003,John fell asleep while PRO reading.,ok,Sentence,副詞節
2004,John behaved as if threatened by someone.,ok,Sentence,副詞節
2005,Ideas thrive when faced with opposition and counterattack.,ok,Sentence,副詞節
2006,"You should appear in court, if required.",ok,Sentence,副詞節
2007,"John made a speech in Russian, for asked by his mother.",*,Sentence,副詞節
2008,He behaved as if unaware that I was present at the party.,ok,Sentence,副詞節
2009,John wrote many letters to his wife while in prison.,ok,Sentence,副詞節
2010,"Though young, John worked hard to support his family.",ok,Sentence,副詞節
2011,"John felt no fear, for a brave man.",*,Sentence,副詞節
2012,"Mary has never felt homesick, although PRO living by herself, far away from home.",ok,Sentence,副詞節
2013,"He told his parents about his fiancée’s career, as if PRO knowing everything about her.",ok,Sentence,副詞節
2014,"Though PRO understanding no Spanish, she was able to communicate with the other students",ok,Sentence,副詞節
2015,"Unless PRO wearing his school uniform, John doesn’t look as old as he actually is.",ok,Sentence,副詞節
2016,"While PRO not actually encouraging it, the school allows students to park their cars up the main drive.",ok,Sentence,副詞節
2017,John passed the entrance exam because studying so hard.,*,Sentence,副詞節
2018,John has been very happy after invited to the party.,*,Sentence,副詞節
2019,John has been in poor health since young.,*,Sentence,副詞節
2020,"Because a man of ingenuity, John invented a lot of wonderful things.",*,Sentence,副詞節
2021,"I'll help you, if necessary.",ok,Sentence,副詞節
2022,Beat the mixture until fluffy.,ok,Sentence,副詞節
2023,File the edges until smooth.,ok,Sentence,副詞節
2024,"Since coming here, life has been much more pleasant.",ok,Sentence,副詞節
2025,"When dining in the restaurant, a jacket and tie are required.",ok,Sentence,副詞節
2026,"When treating patients with language retardation and deviation of language development, the therapy consists, in part, of discussions of the patient’s problems with parents and teachers, with subsequent language teaching carried out by them.",ok,Sentence,副詞節
2027,Each of the managers exploits the secretary who works for him.,ok,Sentence,副詞節
2028,Everyone who owns a donkey likes it.,ok,Sentence,副詞節
2029,"Few congressmen admire Kennedy, and they are very similar.",ok,Sentence,副詞節
2030,Always an old-fashioned critic hates an avant-garde piece.,ok,Sentence,副詞節
2031,Invariably an old-fashioned critic hates an avant-garde piece.,ok,Sentence,副詞節
2032,All old-fashioned critics hate all avant-garde pieces.,ok,Sentence,副詞節
2033,Sometimes an old-fashioned critic attacks an avant-garde piece.,ok,Sentence,副詞節
2034,Often an old-fashioned critic attacks an avant-garde piece.,ok,Sentence,副詞節
2035,Some old-fashioned critics attack some avant-garde pieces.,ok,Sentence,副詞節
2036,"If a man is happy, he talks his dog.",ok,Sentence,副詞節
2037,"Often if a man is happy, he talks to his dog.",ok,Sentence,副詞節
2038,"Almost always if a man is happy, he talks to his dog.",ok,Sentence,副詞節
2039,"Though the house is expensive, we have decided to buy it.",ok,Sentence,譲歩節
2040,"Expensive though the house is, we have decided to buy it.",ok,Sentence,譲歩節
2041,"Intelligent as John is, he can’t figure out how this works.",ok,Sentence,譲歩節
2042,"Good soldier that he was, Sam stood his ground.",ok,Sentence,譲歩節
2043,"Though John is a genius, he can’t tie his shoe laces.",ok,Sentence,譲歩節
2044,"Genius though John is, he can’t tie his shoe laces.",ok,Sentence,譲歩節
2045,"Though the book was on the table, I couldn’t find it.",ok,Sentence,譲歩節
2046,"On the table though the book was, I couldn't find it.",?,Sentence,譲歩節
2047,"Though the concert was in June, we decided to buy the tickets now.",ok,Sentence,譲歩節
2048,"In June though the concert was, we decided to buy the tickets now.",*?,Sentence,譲歩節
2049,"Though John was running down the stairs, they made no attempt at silence.",ok,Sentence,譲歩節
2050,"Running down the stairs though John was, they made no attempt at silence.",*,Sentence,譲歩節
2051,"Running though John was down the stairs, they made no attempt at silence.",*,Sentence,譲歩節
2052,"Though Mary was surprised at John’s remarks, she said nothing.",ok,Sentence,譲歩節
2053,"Though Mary was surprised by John’s remarks, she said nothing.",ok,Sentence,譲歩節
2054,"Surprised at John’s remarks though Mary was, she said nothing.",ok,Sentence,譲歩節
2055,"Surprised by John’s remarks though Mary was, she said nothing.",*,Sentence,譲歩節
2056,"Surprised  though Mary was at John’s remarks, she said nothing.",ok,Sentence,譲歩節
2057,"Surprised though Mary was by John’s remarks, she said nothing.",*,Sentence,譲歩節
2058,"Carefully though the elephant walked into the room, it broke a vase.",ok,Sentence,譲歩節
2059,"Soundly though John was sleeping, the noise eventually woke him.",ok,Sentence,譲歩節
2060,"A genius though John is, he can't tie his shoe laces.",*,Sentence,譲歩節
2061,"Though John is genius, he can't tie his shoe laces.",*,Sentence,譲歩節
2062,"Though my best friend is John, I wouldn’t pick him over Bill.",ok,Sentence,譲歩節
2063,"Though John my best friend is, I wouldn’t pick him over Bill.",*,Sentence,譲歩節
2064,"Though my preference is that book over there, give me this one.",ok,Sentence,譲歩節
2065,"That book over there though my preference is, give me this one.",*,Sentence,譲歩節
2066,"Though the winners might be every American family, we'll take our chances.",ok,Sentence,譲歩節
2067,"Every American family though the winners might be, we’ll take our chances.",*,Sentence,譲歩節
2068,"Though Fred is that tall, he cannot slam dunk.",ok,Sentence,譲歩節
2069,"Though Fred is this tall, he cannot slam dunk.",ok,Sentence,譲歩節
2070,"That tall though he is, he cannot slam dunk.",*,Sentence,譲歩節
2071,"This tall though he is, he cannot slam dunk.",ok,Sentence,譲歩節
2072,"Though Fred is so tall that he can slam dunk, he rarely does it.",ok,Sentence,譲歩節
2073,"So tall though Fred is that he can slam dunk, he rarely does it.",*,Sentence,譲歩節
2074,"So tall that he can slam dunk though Fred is, he rarely does it.",*,Sentence,譲歩節
2075,"Though this was a picture of John, we ignored it.",ok,Sentence,譲歩節
2076,"Though this was a proof of God's existence, we ignored it.",ok,Sentence,譲歩節
2077,"Though this was a story about Susan, we ignored it.",ok,Sentence,譲歩節
2078,"Though this was a attack on morality, we ignored it.",ok,Sentence,譲歩節
2079,"Picture of John though this was, we ignored it.",ok,Sentence,譲歩節
2080,"Proof of God's existence though this was, we ignored it.",ok,Sentence,譲歩節
2081,"Story about Susan though this was, we ignored it.",ok,Sentence,譲歩節
2082,"Attack on morality though this was, we ignored it.",ok,Sentence,譲歩節
2083,"Though John is a king of England, we are not at all impressed.",ok,Sentence,譲歩節
2084,"Though John is a king from England, we are not at all impressed.",ok,Sentence,譲歩節
2085,"King of England though John is, we are not at all impressed.",ok,Sentence,譲歩節
2086,"King form England though John is, we are not at all impressed.",*,Sentence,譲歩節
2087,"Though Susan is married to a genius, she is not intimidated.",ok,Sentence,譲歩節
2088,"A genius though Susan is married to, she is not intimidated.",ok,Sentence,譲歩節
2089,"Genius though Susan is married to, she is not intimidated.",*,Sentence,譲歩節
2090,Though Bill owns a dachshund. he didn’t really want one.,ok,Sentence,譲歩節
2091,"A dachshund though Bill owns, he didn’t really want one.",ok,Sentence,譲歩節
2092,"Dachshund though Bill owns, he didn’t really want one.",*,Sentence,譲歩節
2093,"Though Bill is the tallest guy in the class, no one picks him.",ok,Sentence,譲歩節
2094,"Though Bill is Mary's brother, no one picks him.",ok,Sentence,譲歩節
2095,"Though Bill is the president , no one picks him.",ok,Sentence,譲歩節
2096,The tallest guy in the class though Bill is. no one picks him.,*,Sentence,譲歩節
2097,Mary's brother though Bill is. no one picks him.,*,Sentence,譲歩節
2098,The president though Bill is. no one picks him.,*,Sentence,譲歩節
2099,"Though I believe Mary a genius, they didn't call her.",ok,Sentence,譲歩節
2100,"Though I consider Mary a genius, they didn't call her.",ok,Sentence,譲歩節
2101,"Though I find Mary a genius, they didn't call her.",ok,Sentence,譲歩節
2102,"A genius though I believe Mary, they didn’t call her.",ok,Sentence,譲歩節
2103,"Genius though I believe Mary, they didn’t call her.",*,Sentence,譲歩節
2104,"A genius though I consider Mary, they didn’t call her.",ok,Sentence,譲歩節
2105,"Genius though I consider Mary, they didn’t call her.",*,Sentence,譲歩節
2106,"A genius though I find Mary, they didn’t call her.",ok,Sentence,譲歩節
2107,"Genius though I find Mary, they didn’t call her.",*,Sentence,譲歩節
2108,"Though this problem seems a cinch, it is unsolvable.",ok,Sentence,譲歩節
2109,"A cinch though this problem seems, it is unsolvable.",ok,Sentence,譲歩節
2110,"Cinch though this problem seems, it is unsolvable.",ok,Sentence,譲歩節
2111,"Though I believe Mary intelligent, they didn’t call her.",ok,Sentence,譲歩節
2112,"Though I consider Mary intelligent, they didn’t call her.",ok,Sentence,譲歩節
2113,"Though I find Mary intelligent, they didn’t call her.",ok,Sentence,譲歩節
2114,"Intelligent though I believe Mary, they didn't call her.",*,Sentence,譲歩節
2115,"Intelligent though consider I Mary, they didn't call her.",*,Sentence,譲歩節
2116,"Intelligent though I find Mary, they didn't call her.",*,Sentence,譲歩節
2117,"Though this problem seems easy, it is unsolvable.",ok,Sentence,譲歩節
2118,"Easy though this problem seems, it is unsolvable.",*,Sentence,譲歩節
2119,Rich though he seems. he is not happy.,ok,Sentence,譲歩節
2120,"Sick though he got, he still enjoyed the trip.",ok,Sentence,譲歩節
2121,"Hate those who criticize Carter though he may, it doesn’t matter.",ok,Sentence,譲歩節
2122,Love her though I may. that won’t affect the grade.,ok,Sentence,譲歩節
2123,"Sleeping soundly though he was, the noise eventually woke him",ok,Sentence,譲歩節
2124,"Get sick though he did, he still enjoyed the trip.",ok,Sentence,譲歩節
2125,"Get me in trouble though you did, you are still my friend.",ok,Sentence,譲歩節
2126,"In trouble though he was, he still smiles bravely.",ok,Sentence,譲歩節
2127,"Fortunately though John was saved, he didn't thank us.",*,Sentence,譲歩節
2128,"Happily though Alice cleaned the house, she expects to get paid.",*,Sentence,譲歩節
2129,"Intelligent as John is, he can't figure out how this works.",ok,Sentence,譲歩節
2130,"Quickly as Mary runs, she couldn’t beat Susan.",ok,Sentence,譲歩節
2131,"A genius as John is, he can’t figure out how this works.",ok,Sentence,譲歩節
2132,"Genius as John is, he can’t figure out how this works.",*,Sentence,譲歩節
2133,"Good soldier that he was, Sam stood his ground.",ok,Sentence,譲歩節
2134,"Friend of Mary that she was, Susan kept silent.",ok,Sentence,譲歩節
2135,"Intelligent that John is, he can’t figure out how this works.",*,Sentence,譲歩節
2136,"Quickly that Mary runs, she couldn't beat Susan.",*,Sentence,譲歩節
2137,"So tall as Fred is that he can slam dunk, he rarely does it.",*,Sentence,譲歩節
2138,"John that my best friend is, I wouldn’t pick him over Bill.",*,Sentence,譲歩節
2139,"Rich as he is, he is not happy.",ok,Sentence,譲歩節
2140,"Beautiful swimmer as she is, she refuses to compete.",ok,Sentence,譲歩節
2141,"A beautiful swimmer as she is, she refuses to compete.",*,Sentence,譲歩節
2142,"Soundly as he was sleeping, the noise eventually woke him.",ok,Sentence,譲歩節
2143,"Fortunately as he was saved, he didn’t thank us.",*,Sentence,譲歩節
2144,"In trouble as he is, John still smiles bravely.",ok,Sentence,譲歩節
2145,"Sleeping soundly as he was, the noise eventually woke him.",ok,Sentence,譲歩節
2146,"Asleep as he was, the noise eventually woke him.",*,Sentence,譲歩節
2147,"John as my best friend is, I won’t pick him over Bill.",*,Sentence,譲歩節
2148,In June as the concert was. we decided to buy the ticket.,*,Sentence,譲歩節
2149,"In the park as they played baseball, I couldn’t join them.",*,Sentence,譲歩節
2150,"Get sick as he did, John still enjoyed the trip.",*,Sentence,譲歩節
2151,"Rich as he seems to be, he is not happy.",ok,Sentence,譲歩節
2152,"Rich as he seems, he is not happy.",?,Sentence,譲歩節
2153,"Charming as she was found to be, I didn’t like her.",ok,Sentence,譲歩節
2154,"Charming as she was found, I didn’t like her.",*,Sentence,譲歩節
2155,"As rich as he is, he is not happy.",ok,Sentence,譲歩節
2156,"It’s past ten, I think.",ok,Sentence,挿入節
2157,I think that it’s past ten.,ok,Sentence,挿入節
2158,The two brothers ーthey were twinsー were exactly alike.,ok,Sentence,挿入節
2159,If you are in the wrongーand I am sure you are in the wrongーyou must apologize.,ok,Sentence,挿入節
2160,"I hope, if all goes well, to finish it tomorrow. ",ok,Sentence,挿入節
2161,"This, I say, is the place.",ok,Sentence,挿入節
2162,I holdーand I am glad to say that he agrees with meーthat it is better for Mr. Paradene to devote his money to the rearing and training of such a boy than to spend it on relatives who－may I say－have little future and from whom he can expect－pardon me－but small returns.,ok,Sentence,挿入節
2163,"Max is a Martian, I feel.",ok,Sentence,挿入節
2164,"Max is a Martian, don't you think.",ok,Sentence,挿入節
2165,"Max is a Martian, remember.",ok,Sentence,挿入節
2166,"That, be it remembered, is what she herself did many years ago.",ok,Sentence,挿入節
2167,"That, be it noticed, is what she herself did many years ago.",ok,Sentence,挿入節
2168,"Frogs have souls, I realize that Osbert feels.",ok,Sentence,挿入節
2169,"Max is a Martian, it seems to have been believed.",ok,Sentence,挿入節
2170,"Peace, I think and I am glad to think, is returning to this area.",ok,Sentence,挿入節
2171,"Do extraterrestrials exist, do you think?",ok,Sentence,挿入節
2172,"Drink milk, I beg of you.",ok,Sentence,挿入節
2173,"Peter is fat, John believes.",ok,Sentence,挿入節
2174,"Ortcutt is a spy, Ralph believes, but he isn’t.",ok,Sentence,挿入節
2175,"John would be late, he said.",ok,Sentence,挿入節
2176,"He would be late, John said.",ok,Sentence,挿入節
2177,"John, is taller than he is, he claims.",ok,Sentence,挿入節
2178,"He is taller than he is, John claims.",ok,Sentence,挿入節
2179,"Did you win, is it true?",*,Sentence,挿入節
2180,"Go home, don’t you think?",*,Sentence,挿入節
2181,I think that syntax and semantics are related.,ok,Sentence,挿入節
2182,"Syntax and semantics are related, I think.",ok,Sentence,挿入節
2183,"Many of the applicants are women, it seems.",ok,Sentence,挿入節
2184,"He wants to hire a woman, he says.",ok,Sentence,挿入節
2185,"It was to make ends meet, they discovered.",ok,Sentence,挿入節
2186,"Many of the applicants are women, it's likely.",*,Sentence,挿入節
2187,"It was difficult to make ends meet, they regretted.",*,Sentence,挿入節
2188,I believe right now that Peter is here.,ok,Sentence,挿入節
2189,"Peter is here, I believe right now.",*,Sentence,挿入節
2190,I believe John to be honest.,ok,Sentence,挿入節
2191,"John to be honest, I believe.",*,Sentence,挿入節
2192,I imagine John’s being honest.,ok,Sentence,挿入節
2193,"John's being honest, I imagine.",*,Sentence,挿入節
2194,He proposed that the meeting be postponed.,ok,Sentence,挿入節
2195,"The meeting, he proposed, be postponed.",*,Sentence,挿入節
2196,"Many of the applicants are women, it doesn’t seem.",*,Sentence,挿入節
2197,"He wants to hire a woman, he doesn't say.",*,Sentence,挿入節
2198,"Many of the applicants, I don't deny, are women.",ok,Sentence,挿入節
2199,"He failed, I regret to say, in the examination.",ok,Sentence,挿入節
2200,"The door is closed, I don't think.",*,Sentence,挿入節
2201,"The door isn't closed, I don't think.",ok,Sentence,挿入節
2202,"The earth isn’t flat, I don’t conclude.",*,Sentence,挿入節
2203,We must remind ourselves that it is a world to which we belong again and again.,ok,Sentence,挿入節
2204,"We must remind ourselves again and again it is a
world to which we belong.",ok,Sentence,挿入節
2205,I feel that Max is a Martian.,ok,Sentence,挿入節
2206,Max is a Martian I feel.,ok,Sentence,挿入節
2207,I realize that Osbert feels that frogs have souls.,ok,Sentence,挿入節
2208,"Osbert feels that frogs have souls, I realize.",ok,Sentence,挿入節
2209,"Frogs have souls, I realize feels.",ok,Sentence,挿入節
2210,"Frogs have souls, Osbert feels, I realize.",ok,Sentence,挿入節
2211,"Max has a tuba, I believe that Pete pointed out.",ok,Sentence,挿入節
2212,"Max has a tuba, I believe your claim that Pete pointed out.",*,Sentence,挿入節
2213,"Max has a tuba, Ted is reading a book and will find out.",*,Sentence,挿入節
2214,Max is a Martian I think.,ok,Sentence,挿入節
2215,"Damn it, John thought, the son of a bitch had done it again.",ok,Sentence,挿入節
2216,"John thought that damn it, the son of a bitch had done it again.",*,Sentence,挿入節
2217,"Down with Theodocius, I insist.",ok,Sentence,挿入節
2218,I insist that down with Theodocius.,*,Sentence,挿入節
2219,I do not think that the United States is interfering in Cuba.,ok,Sentence,挿入節
2220,"The United States, I do not think, is interfering in Cuba.",*,Sentence,挿入節
2221,"He would do it, he chuckled.",ok,Sentence,挿入節
2222,He chuckled that he would do it.,*,Sentence,挿入節
2223,"Leander was the man, he accused.",ok,Sentence,挿入節
2224,He accused that Leander was the man.,*,Sentence,挿入節
2225,I believe the world is flat.,ok,Sentence,挿入節
2226,Probably the world is flat.,ok,Sentence,挿入節
2227,I believe the world is flat.,ok,Sentence,挿入節
2228,"He would do it, he said.",ok,Sentence,挿入節
2229,"He would do it, he said chuckling.",ok,Sentence,挿入節
2230,"If it rained, the match would be canceled.",ok,Sentence,仮定法
2231,"If it had mined, the match would have been canceled.",ok,Sentence,仮定法
2232,"lf my grandfather were here now, he would be angry.",ok,Sentence,仮定法
2233,"If I were the President, I would make some changes.",ok,Sentence,仮定法
2234,"If Joe should have the time, he would go to Mexico.",ok,Sentence,仮定法
2235,"If Joe should happen to have the time, he would go to Mexico.",ok,Sentence,仮定法
2236,"If my grandfather should be alive today, he would experience a very different world.",ok,Sentence,仮定法
2237,"If my grandfather should happen to be alive today, he would experience a very different world.",?,Sentence,仮定法
2238,"If John went to that party,  he was trying to infuriate.",ok,Sentence,仮定法
2239,"If John went to that party, then he was trying to infuriate.",ok,Sentence,仮定法
2240,Joyce went there last night.,ok,Sentence,仮定法
2241,"Well, if Joyce went there, she saw what happened.",ok,Sentence,仮定法
2242,Four-legged patients are treated for conditions that just a few years ago would have meant putting them to death.,ok,Sentence,仮定法
2243,"As exposure to the sun’s rays would surely cause him to perish, he stays protected in the satin-lined chamber bearing his family name in silver.",ok,Sentence,仮定法
2244,"A book which went into considerable detail about the ages of samples of children might be fun to write, but it is not this book.",ok,Sentence,仮定法
2245,"A book which went into considerable detail about the ages of samples of children might or might not be fun to write, but it is not this book.",ok,Sentence,仮定法
2246,John might have left a note at home.,ok,Sentence,仮定法
2247,It might explain where he is.,ok,Sentence,仮定法
2248,It explains where he is.,?,Sentence,仮定法
2249,"If John left a note at home, it might explain where he is.",ok,Sentence,仮定法
2250,"If Japanese students were supposed to study English so that they developed competence in English, then such study should begin much earlier than it does.",ok,Sentence,仮定法
2251,"If we measured adult sentences with a ruler, we would find in most cases that the length before the verb was short and the length after the verb was long.",ok,Sentence,仮定法
2252,If we went by car we’d get there in time.,ok,Sentence,仮定法
2253,l said that if we went by car we’d get there in time.,ok,Sentence,仮定法
2254,"I said that if we’d gone by car, we’d have got there in time.",ok,Sentence,仮定法
2255,I should say that this book meets your requirements.,ok,Sentence,仮定法
2256,Does it lead to anything? I should say it did.,ok,Sentence,仮定法
2257,Why did you look at me like that—as if you thought it was useless to go on writing to him?,ok,Sentence,仮定法
2258,"If we went, people would think we were mad.",ok,Sentence,仮定法
2259,"On the basis of this set of data, a grammar that included a rule such as (59) would seem a reasonable choice.",ok,Sentence,仮定法
2260,"... one of the main theoretical issues is precisely whether or not
grammatical relations are relevant, so the acceptance of
[OBJ] in GPSG would be tantamount to an admission that
they were.",ok,Sentence,仮定法
2261,"l wish snow was dry, so that you didn’t get all cold and wet
when you played in it.",ok,Sentence,仮定法
2262,"If they had had a more profound comprehension of language, they would have understood that linguistic phenomena were complex events which could be scrutinized from two equally valid points of view, neither of which was adequate by itself.",ok,Sentence,仮定法
2263,The Lord be praised.,ok,Sentence,仮定法
2264,God save the Queen.,ok,Sentence,仮定法
2265,"But this is not, be it noted, a limitation on quantitative patterns as such.",ok,Sentence,仮定法
2266,"But if that be the case, then how could these highly abstract
principles possibly be learned inductively?",ok,Sentence,仮定法
2267,"No-ly adverbials whether they be analyzed as manner, frequency, or some other kind ... may occur any place in the
sentence.",ok,Sentence,仮定法
2268,"Notice, also, that the rules must be realized in some form in
order that the game be playable.",ok,Sentence,仮定法
2269,The employees have demanded that the manager resign.,ok,Sentence,仮定法
2270,"It is essential that each of the girls be in jeopardy at least
once during every episode.",ok,Sentence,仮定法
2271,"The regulation is that no candidate take a book into the
examination room.",ok,Sentence,仮定法
2272,We recommend that the reader try doing these problems before he proceeds further.,ok,Sentence,仮定法
2273,We recommend that the reader try doing these problems before he proceed further.,*,Sentence,仮定法
2274,"At Pereford, Jeremy was waiting, expecting to find her in good
spirits; he had asked that dinner be held until she arrived.",ok,Sentence,仮定法
2275,"At Pereford, Jeremy was waiting, expecting to find her in good
spirits; he had asked that dinner be held until she arrive.",*,Sentence,仮定法
2276,"We do not require of theoretical work on intuitions that it
guarantee that the grammar of any one individual be explicit or even consistent.",ok,Sentence,仮定法
2277,"John says that the one who wears the ring be offered as a
sacrifice.",?,Sentence,仮定法
2278,The law of the religion says that the one who wears the ring be offered as a sacrifice.,ok,Sentence,仮定法
2279,The widow wrote that Ball be given part of her property.,?,Sentence,仮定法
2280,"Ball is arrested for the murder of a rich widow. The widow
wrote in her will that Ball be given part of her property.",ok,Sentence,仮定法
2281,Bill brought it about that Harry go or be allowed to go.,*,Sentence,仮定法
2282,Bill will bring it about that Harry go or be allowed to go.,*,Sentence,仮定法
2283,"I am asking Bill to bring it about that Harry go or
be allowed to go.",ok,Sentence,仮定法
2284,"I am ordered Bill to bring it about that Harry go or
be allowed to go.",ok,Sentence,仮定法
2285,I asked that I be allowed to see her.,ok,Sentence,仮定法
2286,I asked that I should be allowed to see her.,ok,Sentence,仮定法
2287,I insist that he go.,ok,Sentence,仮定法
2288,I insist that he should go.,ok,Sentence,仮定法
2289,The officer ordered that the men fire the guns.,ok,Sentence,仮定法
2290,The officer ordered that the men should fire the guns.,ok,Sentence,仮定法
2291,It is imperative that you will leave on time.,*,Sentence,仮定法
2292,It is imperative that you can leave on time.,*,Sentence,仮定法
2293,It is imperative that you must leave on time.,*,Sentence,仮定法
2294,It is imperative that you would leave on time.,*,Sentence,仮定法
2295,It is imperative that you could leave on time.,*,Sentence,仮定法
2296,It is imperative that you might leave on time.,*,Sentence,仮定法
2297,She begged that her husband be released.,ok,Sentence,仮定法
2298,She begged that her husband might be released.,ok,Sentence,仮定法
2299,The tribunal has commanded that all copies of the book be destroyed.,ok,Sentence,仮定法
2300,The tribunal has commanded that all copies of the book must be destroyed.,ok,Sentence,仮定法
2301,The regulations specify that calculators may not be used in the examination.,ok,Sentence,仮定法
2302,I insist that John not come so often.,ok,Sentence,仮定法
2303,It is necessary only that the glottis not be wide open.,ok,Sentence,仮定法
2304,I demand that he not have left before I return.,ok,Sentence,仮定法
2305,John demands that Peter does go.,*,Sentence,仮定法
2306,John demands that Peter do go.,*,Sentence,仮定法
2307,They demanded that each other be released.,*,Sentence,仮定法
2308,I suggested that myself be invited.,*,Sentence,仮定法
2309,John is demanded  leave immediately.,*,Sentence,仮定法
2310,John is demanded that leave immediately.,*,Sentence,仮定法
2311,They wanted each other to be happy.,ok,Sentence,仮定法
2312,He wanted himself to be invited first of all.,ok,Sentence,仮定法
2313,The candidates expected that each other would win.,*,Sentence,仮定法
2314,The dog is believed is hungry.,*,Sentence,仮定法
2315,The dog is believed is hungry by me.,*,Sentence,仮定法
2316,John required that they actually be accepted.,ok,Sentence,仮定法
2317,John required that they be actually accepted.,*,Sentence,仮定法
2318,I demand that filthy hippies always be shot.,ok,Sentence,仮定法
2319,I demand that filthy hippies be always shot.,*,Sentence,仮定法
2320,John required that they all be accepted.,ok,Sentence,仮定法
2321,John required that they be all accepted.,*,Sentence,仮定法
2322,John demanded that the boys each be given five dollars.,ok,Sentence,仮定法
2323,John demanded that the boys be each given five dollars.,*,Sentence,仮定法
2324,John and Mary,ok,Noun Phrase,等位構造
2325,A man came into the room and sat down.,ok,Sentence,等位構造
2326,"John left, and he didn’t even say good-bye.",ok,Sentence,等位構造
2327,John left. And he didn’t even say good-bye.,ok,Sentence,等位構造
2328,John left and. He didn’t even say good-bye.,*,Sentence,等位構造
2329,"John bought a book yesterday, and a newspaper.",ok,Sentence,等位構造
2330,John bought a newspaper yesterday a book and.,*,Noun Phrase,等位構造
2331,"John bought a book and yesterday, a newspaper.",*,Sentence,等位構造
2332,"Tom, Dick, Harry and Fred",ok,Noun Phrase,等位構造
2333,Bill and Sam,ok,Noun Phrase,等位構造
2334,"John, Bill and Sam",ok,Noun Phrase,等位構造
2335,"John and Bill, Sam",*,Noun Phrase,等位構造
2336,We talked about Mr. Colson and that he had worked at the White House.,ok,Sentence,等位構造
2337,John expects Perot to run and that he’ll vote for him.,ok,Sentence,等位構造
2338,We talked about that he had worked at the White House and Mr. Colson.,*,Sentence,等位構造
2339,We talked about that he had worked at the White House.,*,Sentence,等位構造
2340,John expects that Perot will run and Bill to vote for him.,*,Sentence,等位構造
2341,Perot expects to run and his wife to vote for him.,*,Sentence,等位構造
2342,John expects Perot to run and his wife to vote for him.,ok,Sentence,等位構造
2343,John is either stupid or a liar.,ok,Sentence,等位構造
2344,John is a Republican and proud of it.,ok,Sentence,等位構造
2345,John is sick and in a foul mood.,ok,Sentence,等位構造
2346,John turned into a fine doctor.,ok,Sentence,等位構造
2347,John turned into happy.,*,Sentence,等位構造
2348,John is happy. John is in the park.,ok,Sentence,等位構造
2349,John is sick and in the park.,*,Sentence,等位構造
2350,John is sick and is in the park.,ok,Sentence,等位構造
2351,Can someone help my wife and I find housing in Texas?,ok,Sentence,等位構造
2352,She and him will drive to the movies.,ok,Sentence,等位構造
2353,Pat was annoyed by the children’s noise and that their parents did nothing to Stop it. ,ok,Sentence,等位構造
2354,Pat was annoyed by that their parents did nothing to stop it.,*,Sentence,等位構造
2355,John criticized and insulted his boss.,ok,Sentence,等位構造
2356,John criticized and insulted the very person who had helped him.,ok,Sentence,等位構造
2357,my friend and colleague John Smith,ok,Noun Phrase,等位構造
2358,my friend from high school and beloved colleague John Smith,ok,Noun Phrase,等位構造
2359,Ann and John are erudite.,ok,Sentence,等位構造
2360,Ann and John are similar.,ok,Sentence,等位構造
2361,Ann is erudite and John is erudite.,ok,Sentence,等位構造
2362,Ann is similar and John is similar.,*,Sentence,等位構造
2363,Who and who are erudite?,*,Sentence,等位構造
2364,Who and who are similar?,ok,Sentence,等位構造
2365,Who is erudite and who is erudite?,*,Sentence,等位構造
2366,Ann and John are similar.,ok,Sentence,等位構造
2367,John and Bill left.,ok,Sentence,等位構造
2368,John left and Bill left.,ok,Sentence,等位構造
2369,A man came into the room and sat down.,ok,Sentence,等位構造
2370,No student got an F and passed the course.,ok,Sentence,等位構造
2371,A man came into the room and a man sat down.,ok,Sentence,等位構造
2372,No student got an F and no student passed the course.,ok,Sentence,等位構造
2373,John talked to Mary and asked her for a date.,ok,Sentence,等位構造
2374,John talked to Mary today and will ask her for a date tomorrow.,ok,Sentence,等位構造
2375,left.,*,Verb Phrase,等位構造
2376,John said that stole the car,*,Sentence,等位構造
2377,Every student must be in his respective home.,ok,Sentence,等位構造
2378,Every student must be in her respective home.,ok,Sentence,等位構造
2379,"Every student left early, and he went home.",*,Sentence,等位構造
2380,Every left early this evening and must be in his respective home by now.,ok,Sentence,等位構造
2381,Every left early this evening and must be in her respective home by now.,ok,Sentence,等位構造
2382,The robber just ran out of the bank and will be arrested by the police.,ok,Sentence,等位構造
2383,The criminal will be arrested and confess to the crime.,ok,Sentence,等位構造
2384,How many courses can we expect our graduate students to teach and finish a dissertation on time?,ok,Sentence,等位構造
2385,How many courses can we expect our graduate students to teach and still finish a dissertation on time?,ok,Sentence,等位構造
2386,One more can of beer and I'm leaving.,ok,Sentence,等位構造
2387,You drink another can of beer and I’m leaving.,ok,Sentence,等位構造
2388,Big Louise sees you with the loot and he puts out a contract on you.,ok,Sentence,等位構造
2389,"If you have one more can of beer, I’m leaving.",ok,Sentence,等位構造
2390,"If you drink another can of beer, I’m leaving.",ok,Sentence,等位構造
2391,"If Big Louise sees you with the loot, he’ll put out a contract on you.",ok,Sentence,等位構造
2392,You’ve drunk another can of beer and I’ve left.,ok,Sentence,等位構造
2393,"Big Louise puts out a contract on you, Big Louise sees you with the loot and.",*,Sentence,等位構造
2394,Another picture of himself appears in the newspaper and Susan thinks John will definitely go out and get a lawyer.,ok,Sentence,等位構造
2395,"If another picture of himself appears in the newspaper, Susan thinks John will definitely go out and get a lawyer.",ok,Sentence,等位構造
2396,"Another picuture of himself has appeared in the newspaper, and Susan thinks John will definitely go out and get a lawyer.",*,Sentence,等位構造
2397,You give anyone too much money and he will go crazy.,ok,Sentence,等位構造
2398,"If you give anyone too much money, he will go crazy.",ok,Sentence,等位構造
2399,You gave anyone too much money and he went crazy.,*,Sentence,等位構造
2400,"Speak one word, and you are a dead man.",ok,Sentence,等位構造
2401,What sofa will he put the chair between some table and?,*,Sentence,等位構造
2402,What table will he put the chair between and some sofa?,*,Sentence,等位構造
2403,some table and some sofa,ok,Noun Phrase,等位構造
2404,The lute which Henry plays and sings madrigals is warped.,*,Sentence,等位構造
2405,plays the lute and sings madrigals,ok,Verb Phrase,等位構造
2406,What did Mary cook the pie and Jane eat?,*,Sentence,等位構造
2407,What did Mary cook the pie?,ok,Sentence,等位構造
2408,What did Jane eat?,ok,Sentence,等位構造
2409,the man who Bill saw and John hit,ok,Noun Phrase,等位構造
2410,Which man did John interview before expecting us to fire?,ok,Sentence,等位構造
2411,Which man did John interview before reading the book you gave to?,*,Sentence,等位構造
2412,Which man did John interview and expect us to hire?,ok,Sentence,等位構造
2413,Which man did John interview and read the book you gave to?,*,Sentence,等位構造
2414,How tired can one be without feeling?,*,Sentence,等位構造
2415,How tired can one be but not feel?,*,Sentence,等位構造
2416,How many kilos does he say that he weighs without believing that he weighs?,*,Sentence,等位構造
2417,How many kilos does he say he weighs but not believe that he weighs?,*,Sentence,等位構造
2418,John is easy to please.,ok,Sentence,等位構造
2419,One hundred kilos is difficult for everyone to weigh.,*,Sentence,等位構造
2420,Which book did you send the man?,ok,Sentence,等位構造
2421,Books are hard to send the library?,*?,Sentence,等位構造
2422,Which book did you send Paul without giving Mary?,*?,Sentence,等位構造
2423,Which book did you send Paul and give Mary?,*,Sentence,等位構造
2424,This is the loot that you just identify and we arrest the thief on the spot.,?,Sentence,等位構造
2425,This is the thief that you just point out and we arrest on the spot.,??,Sentence,等位構造
2426,All is not gold that glitters.,ok,Sentence,外置構文
2427,All that glitters is not gold.,ok,Sentence,外置構文
2428,A gun which I had cleaned went off.,ok,Sentence,外置構文
2429,A gun went off which I had cleaned.,ok,Sentence,外置構文
2430,I gave a gun to my brother which I had cleaned.,ok,Sentence,外置構文
2431,I saw it in a magazine yesterday which was lying on the table.,ok,Sentence,外置構文
2432,No one puts things in the sink that would block it who wants to go on being a friend of mine.,ok,Sentence,外置構文
2433,The claim that the rain was causing the accident was made by John.,ok,Sentence,外置構文
2434,The claim was made by John that the rain was causing the accident.,ok,Sentence,外置構文
2435,A review of this article came out yesterday.,ok,Sentence,外置構文
2436,A review came out yesterday of this article.,ok,Sentence,外置構文
2437,"John said he would meet a man at the party from Philadelphia, and meet a man at the party from Philadelphia he did.",ok,Sentence,外置構文
2438,"John said he would meet a man at the party who was from Philadelphia, and meet a man at the party from Philadelphia he did.",ok,Sentence,外置構文
2439,"John said he would meet a man at the party from Philadelphia, and meet a man at the party who was from Philadelphia he did.",ok,Sentence,外置構文
2440,"John said he would meet a man at the party who was from Philadelphia, and meet a man at the party who was from Philadelphia he did.",ok,Sentence,外置構文
2441,"They said that a man would come in who had lived in Boston, and come in a man did who had lived in Boston.",ok,Sentence,外置構文
2442,"They said that a man would come in who had lived in Boston, and come in who had lived in Boston a man did.",*,Sentence,外置構文
2443,A man entered the room and a woman went out who were quite similar.,ok,Sentence,外置構文
2444,A man met a woman yesterday who were similar.,*,Sentence,外置構文
2445,A man entered who was wearing a black suit.,ok,Sentence,外置構文
2446,What kind of clothing did a man enter who was wearing?,*,Sentence,外置構文
2447,The coat which a girl came in who had worn was torn.,*,Sentence,外置構文
2448,Who did you show a picture of to Martha?,ok,Sentence,外置構文
2449,Who did you show a picture to Martha of?,*,Sentence,外置構文
2450,Who was from Philadelphia a man came in.,*,Sentence,外置構文
2451,Of Chomsky’s latest book a review has just appeared.,*,Sentence,外置構文
2452,That Fred killed his father the claim has never been proved.,*,Sentence,外置構文
2453,"Than John gives of his to charity, Mary contributes more of her time to campaigns.",**,Sentence,外置構文
2454,"Than John gives of his time to charity, Mary contributes more of her time to campaigns.",**,Sentence,外置構文
2455,"That rent control started to seem like a complicated issue, so many corporations gave money to the campaign.",**,Sentence,外置構文
2456,That a gun went off surprised no one which I had cleaned.,*,Sentence,外置構文
2457,That a review came out yesterday is catastrophic of this article.,*,Sentence,外置構文
2458,A review of a new book about French cooking came out yesterday.,ok,Sentence,外置構文
2459,A review came out yesterday of a new book about French cooking.,ok,Sentence,外置構文
2460,A review of a new book came out yesterday about French cooking.,*,Sentence,外置構文
2461,A review of a book by three authors appeared last year.,ok,Sentence,外置構文
2462,A review of a book appeared last year by three authors.,ok,Sentence,外置構文
2463,Ira's hopes for a victory over Melvin last year were quite in vain.,ok,Sentence,外置構文
2464,Ira’s hopes for a victory last year over Melvin were quite in vain.,ok,Sentence,外置構文
2465,You promised that a person would come on the telephone who would fix the refrigerator,?*,Sentence,外置構文
2466,The professor announced that he had stolen a vase in class from the most closely guarded temple in India.,?*,Sentence,外置構文
2467,John believes that a man was here despite the evidence to the contrary who comes from Philadelphia.,*,Sentence,外置構文
2468,The construction of a bridge was proposed which would span the Delaware River.,ok,Sentence,外置構文
2469,The tip of the leg was repaired of the dining room table.,ok,Sentence,外置構文
2470,Many books have been published recently which I’ve enjoyed reading.,ok,Sentence,外置構文
2471,So many books have been published recently that I haven’t been able to read them all.,ok,Sentence,外置構文
2472,Plots by so many conspirators have been hatched that the government has jailed them.,ok,Sentence,外置構文
2473,Plots by many conspirators have been hatched who the government has jailed.,*,Sentence,外置構文
2474,I read a book during the vacation which was written by Chomsky.,ok,Sentence,外置構文
2475,I read that book during the vacation which was written by Chomsky.,*,Sentence,外置構文
2476,That man came into the room that I was telling you about.,ok,Sentence,外置構文
2477,That book was finally published about the latest trends in lingistics the UK.,ok,Sentence,外置構文
2478,John gave a man an apple who was from Philadelphia.,*,Sentence,外置構文
2479,John gave everyone an apple who asked for one.,ok,Sentence,外置構文
2480,A guy just came in that I met at Treno's yesterday.,ok,Sentence,外置構文
2481,The guy just came in that I met at Treno’s yesterday.,??,Sentence,外置構文
2482,The guy just came in that I met at TRENO'S yesterday.,ok (強勢の場合),Sentence,外置構文
2483,Whom did you see a picture yesterday of?,*,Sentence,外置構文
2484,"Okay, you saw a picture yesterday, but just whom did you see a picture yesterday OF?",ok (強勢の場合),Sentence,外置構文
2485,"A man who was wearing very funny clothes just came in, didn’t he, Mary?",ok,Sentence,外置構文
2486,"A man who was wearing very funny clothes just came in, wasn’t he, Mary?",*,Sentence,外置構文
2487,"A man just came in who was wearing very funny clothes, wasn’t, Mary?",ok,Sentence,外置構文
2488,"A man just came in who was wearing very funny clothes, didn’t, Mary?",?,Sentence,外置構文
2489,A man just came in who was wearing very funny clothes.,ok,Sentence,外置構文
2490,A man was wearing very funny clothes who just came in.,?,Sentence,外置構文
2491,A girl is studying with me who has an IQ of 200.,ok,Sentence,外置構文
2492,A girl has an IQ of 200 who is studying with me.,?,Sentence,外置構文
2493,A letter just got to my which practically cancels the deal.,ok,Sentence,外置構文
2494,A letter practically cancels the deal which just got to my office.,?,Sentence,外置構文
2495,A book appeared by Chomsky.,ok,Sentence,外置構文
2496,A book fell by Chomsky.,*,Sentence,外置構文
2497,Some books were burned by Pablo.,(*),Sentence,外置構文
2498,First the Chilean military burned the books of all political figures sympathetic to the Allende government. And then some books were burned by Pablo Neruda.,ok,Sentence,外置構文
2499,A man died from India.,(*),Sentence,外置構文
2500,Several visitors from foreign countries died in the terrible accident. A woman died from Peru and a man died from India.,ok,Sentence,外置構文
2501,A book by Chomsky delighted Mary.,ok,Sentence,外置構文
2502,A book delighted Mary by Chomsky.,*,Sentence,外置構文
2503,A book by Chomsky is making the rounds.,ok,Sentence,外置構文
2504,A book is making the rounds by Chomsky.,ok,Sentence,外置構文
2505,John sent money to his mother.,ok,Sentence,重名詞句転位
2506,John sent to his mother money.,*,Sentence,重名詞句転位
2507,John sent to his mother the money you had wanted him to give to us.,ok,Sentence,重名詞句転位
2508,I called almost all of the men from Boston up.,ok,Sentence,重名詞句転位
2509,I called the man you met up.,*,Sentence,重名詞句転位
2510,He threw the letter into the wastebasket.,ok,Sentence,重名詞句転位
2511,He threw into the wastebasket the letter.,*,Sentence,重名詞句転位
2512,He threw into the wastebasket the letter which he had not decoded.,ok,Sentence,重名詞句転位
2513,I found to be delicious some fruit which I picked up on the way home.,?*,Sentence,重名詞句転位
2514,I found delicious some fruit which I picked on the way home.,ok,Sentence,重名詞句転位
2515,He threw into the wastebasket which stood by his desk the letter which he had not decoded.,ok,Sentence,重名詞句転位
2516,I loaned my binoculars a man who was watching the race.,*,Sentence,重名詞句転位
2517,She asked whether it looked like rain a man who was near the window.,*,Sentence,重名詞句転位
2518,John gave to Bill all his old linguistics books.,ok,Sentence,重名詞句転位
2519,the person who John gave to all his old linguistics books.,*,Noun Phrase,重名詞句転位
2520,the person whom John gave to all his old linguistics books.,*,Noun Phrase,重名詞句転位
2521,the problem which I explained to John only part of.,ok,Noun Phrase,重名詞句転位
2522,Who did you show to Alf a cute colored photograph of?,ok,Sentence,重名詞句転位
2523,What did you sell to Fred a beautiful and expensive painting of?,*,Sentence,重名詞句転位
2524,Who did you tell to the members of the club strange stories about?,*,Sentence,重名詞句転位
2525,How many of the children did Fred send to the School Board accurate reports on?,*,Sentence,重名詞句転位
2526,Which book did John notice yesterday an article in?,*,Sentence,重名詞句転位
2527,It was Bill that John sold to Mary a picture of.,*,Sentence,重名詞句転位
2528,I want everybody who is in the front row to come early.,ok,Sentence,重名詞句転位
2529,I want to come early everybody who is in the front row.,?,Sentence,重名詞句転位
2530,I wanna come early everybody who is in the front row.,*,Sentence,重名詞句転位
2531,It was believed that Mary bought for her mother by everyone an ornate Fourteenth Century gold ring.,*,Sentence,重名詞句転位
2532,"Everyone said that John would give to Mary all of the money that he won at the track, and give to Mary all of the money that he won at the track he did.",ok,Sentence,重名詞句転位
2533,Mary put the money on yesterday a table that was sitting at the entrance to the hall.,*,Sentence,重名詞句転位
2534,We slept in when we were in Connecticut a marvelous bed that had belonged to George Washington.,?,Sentence,重名詞句転位
2535,We looked at last night a wonderful film about New York that had been made during the Depression.,?,Sentence,重名詞句転位
2536,John listened to without recognizing immediately his favorite Beethoven sonata.,ok,Sentence,重名詞句転位
2537,John listened to without looking at for a moment his favorite Brazilian bassoonist.,ok,Sentence,重名詞句転位
2538,I saw one in the old lady who I like talking to on the way to school’s handbag.,ok,Sentence,重名詞句転位
2539,I saw one in handbag the old lady who I like talking to on the way to school’s.,*,Noun Phrase,重名詞句転位
2540,The villagers supplied with provisions the parties that were going to climb the mountains in that district.,??,Sentence,重名詞句転位
2541,He loaded with bricks the huge truck which he had rented from a construction company.,?,Sentence,重名詞句転位
2542,The gangsters robbed of jewels a Japanese girl who had come here to study linguistics.,?*,Sentence,重名詞句転位
2543,The villagers supplied to them plenty of provisions which were necessary for mountain climbing.,ok,Sentence,重名詞句転位
2544,John loaded onto the truck a lot of bricks which must be carried away before the new house is built.,ok,Sentence,重名詞句転位
2545,The gangsters took from her many precious jewels which she had inherited from her mother.,ok,Sentence,重名詞句転位
2546,l persuaded to do the dishes the three kids that were hanging around the house.,ok,Noun Phrase,重名詞句転位
2547,I promised to do the dishes the three kids that were hanging around the house.,?,Sentence,重名詞句転位
2548,The American people recently elected to the presidency a man named Jimmy Carter.,ok,Sentence,重名詞句転位
2549,Mary chose to represent her a lawyer from Kansas.,ok,Sentence,重名詞句転位
2550,John wants to give to Mary a gift of inestimable value.,ok,Sentence,重名詞句転位
2551,The preacher sent off to war his only son.,ok,Sentence,重名詞句転位
2552,"Hitler persuaded to join forces with him, Mussolini.",ok,Sentence,重名詞句転位
2553,Kevin gave to his mother a new book.,ok,Sentence,重名詞句転位
2554,Brian brought back to America a priceless treasure.,ok,Sentence,重名詞句転位
2555,The American people recently elected to the presidency him.,*,Sentence,重名詞句転位
2556,John wants to give to Mary it.,*,Sentence,重名詞句転位
2557,It’s a gift of inestimable value that John wants to give to Mary.,ok,Sentence,重名詞句転位
2558,Paul's having retrieved the cereal box-top from the trash can surprised me.,ok,Sentence,重名詞句転位
2559,Paul's having retrieved from the trash can the cereal box-top surprised me.,*,Sentence,重名詞句転位
2560,Neil’s donating ten dollars to the fund was a nice gesture.,ok,Sentence,重名詞句転位
2561,Neil’s donating to the fund ten dollars was a nice gesture.,*,Sentence,重名詞句転位
2562,There walked into the room a woman no one had ever seen.,ok,Sentence,重名詞句転位
2563,There arose in last night's assembly the question of illegal abortions.,ok,Sentence,重名詞句転位
2564,I gave the valuable book that was extremely difficult to find to Mary.,ok,Sentence,重名詞句転位
2565,I gave to Mary the valuable book that was extremely difficult to find.,ok,Sentence,重名詞句転位
2566,John painted the house red.,ok,Sentence,二次述語
2567,John ate the meat raw.,ok,Sentence,二次述語
2568,John drove the car drunk.,ok,Sentence,二次述語
2569,The joggers ran the pavement thin.,ok,Sentence,二次述語
2570,He laughed himself sick.,ok,Sentence,二次述語
2571,The joggers ran the pavement.,*,Sentence,二次述語
2572,He laughed himself.,*,Sentence,二次述語
2573,John painted the house.,ok,Sentence,二次述語
2574,He washed the soap out of his eyes.,ok,Sentence,二次述語
2575,He washed the soap.,ok,Sentence,二次述語
2576,John threw the ball.,ok,Sentence,二次述語
2577,John met Mary drunk.,ok,Sentence,二次述語
2578,John ran tired.,*,Sentence,二次述語
2579,The river froze solid.,ok,Sentence,二次述語
2580,The vase broke into pieces.,ok,Sentence,二次述語
2581,The cold wind froze the river.,ok,Sentence,二次述語
2582,The cold wind froze the river solid.,ok,Sentence,二次述語
2583,John broke the vase.,ok,Sentence,二次述語
2584,John broke the vase into pieces.,ok,Sentence,二次述語
2585,John hammered the metal flat hot.,ok,Sentence,二次述語
2586,John hammered the metal hot flat.,*,Sentence,二次述語
2587,John ate the meat raw drunk.,ok,Sentence,二次述語
2588,John ate the meat drunk raw.,*,Sentence,二次述語
2589,They eat meat raw tender.,ok,Sentence,二次述語
2590,John sketched the model naked drunk as a skunk.,ok,Sentence,二次述語
2591,John washed the clothes clean white.,*,Sentence,二次述語
2592,John hammered the metal flat hot drunk.,ok,Sentence,二次述語
2593,"They said John would wreck the car drunk, and wreck the car drunk he did.",ok,Sentence,二次述語
2594,"Wreck the car drunk though John did, he was not disappointed.",ok,Sentence,二次述語
2595,What John did was wreck the car drunk.,ok,Sentence,二次述語
2596,John wreck the car drunk.,ok,Sentence,二次述語
2597,John wrecked the car drunk.,ok,Sentence,二次述語
2598,I wondered what to give to her.,ok,Sentence,二次述語
2599,Who did you wonder what to give to?,?,Sentence,二次述語
2600,I wondered who to give this to.,ok,Sentence,二次述語
2601,What did you wonder who to give to?,?*,Sentence,二次述語
2602,John met Mary angry.,ok,Sentence,二次述語
2603,John met Mary angry at herself.,ok,Sentence,二次述語
2604,John met Mary angry at himself.,ok,Sentence,二次述語
2605,John met Mary angry at her.,ok,Sentence,二次述語
2606,John met Mary angry at him.,ok,Sentence,二次述語
2607,Which report did you file without reading?,ok,Sentence,寄生空所
2608,Which book did Lulu purchase at the airport and Nora read on the plane?,ok,Sentence,寄生空所
2609,I argued for and Frank argued against the idea Shirley suggested.,ok,Sentence,寄生空所
2610,Which report did you file without reading it?,ok,Sentence,寄生空所
2611,Which book did you file the report without reading?,?*,Sentence,寄生空所
2612,Which books about himself did John file before Mary read?,ok (himself=John),Sentence,寄生空所
2613,Which books about herself did John file before Mary read?,* (herself=Mary),Sentence,寄生空所
2614,I wonder which article John filed without reading.,ok,Sentence,寄生空所
2615,I wonder who filed the article without reading.,*,Sentence,寄生空所
2616,The report which I filed without reading.,ok,Noun Phrase,寄生空所
2617,"John, I insulted by not recognizing",ok,Sentence,寄生空所
2618,This article is hard to read without laughing at.,ok,Sentence,寄生空所
2619,The books can be sold without reading.,*,Sentence,寄生空所
2620,I forgot who filed which article without reading.,*,Sentence,寄生空所
2621,Which boy did Mary’s talking to bother most?,ok,Sentence,寄生空所
2622,a person that people that talk to usually end up fascinated with,ok,Noun Phrase,寄生空所
2623,This is the man I interviewed before telling you to give the job to.,ok,Sentence,寄生空所
2624,This is the man I interviewed before reading the book you gave to.,*?,Sentence,寄生空所
2625,This is the man I interviewed before asking you which job to give to.,*?,Sentence,寄生空所
2626,the person that John described without examining any pictures of,?,Noun Phrase,寄生空所
2627,the person that John described without any pictures of  being on file,*,Noun Phrase,寄生空所
2628,How sick did John say he felt before getting?,*,Sentence,寄生空所
2629,How long does John drink before lecturing?,*,Sentence,寄生空所
2630,This is a topic you should think about before talking about.,ok,Sentence,寄生空所
2631,This is a topic about which you should think before talking.,ok,Sentence,寄生空所
2632,They turned into derelicts.,ok,Sentence,寄生空所
2633,What kind of derelicts did they turn into?,ok,Sentence,寄生空所
2634,What kind of derelicts did they analyze after their children turned into?,*,Sentence,寄生空所
2635,What kind of derelicts did they turn into after their children analyzed?,*,Sentence,寄生空所
2636,Which article did John file without reading?,ok,Sentence,寄生空所
2637,Who filed the article without reading?,*,Sentence,寄生空所
2638,John filed the article without reading it.,ok,Sentence,寄生空所
2639,John filed the article without reading.,*,Sentence,寄生空所
2640,Who filed which article without reading?,*,Sentence,寄生空所
2641,Mary’s the kind of woman that a person who talks to always goes to bat for.,ok,Sentence,寄生空所
2642,Mary’s the woman that a person who talked to went to bat for.,??,Sentence,寄生空所
2643,Mary’s the woman that a person who talked to yesterday went to bat for.,??,Sentence,寄生空所
2644,"Nadar’s someone that we should invite because many of
the people who voted for are likely to come to see.",ok,Sentence,寄生空所
2645,"Nadar's someone that we should invite because the fifty
people who voted for are likely to come to see.",??,Sentence,寄生空所
2646,Which paper did John file before Mary read?,ok,Sentence,寄生空所
2647,Which paper did John file and Mary read?,ok,Sentence,寄生空所
2648,Which man did John interview without expecting us to ask which job to give to?,?*,Sentence,寄生空所
2649,Which man did John interview and expect us to ask which job to give to?,?*,Sentence,寄生空所
2650,Who read the paper before John talked to?,*,Sentence,寄生空所
2651,Who read the paper but John didn’t reply to?,*,Sentence,寄生空所
2652,John offended by not recognizing his favorite uncle from Cleveland.,ok,Sentence,寄生空所
2653,How sick did John look without actually feeling?,*,Sentence,寄生空所
2654,How sick did John look and say he actually felt?,ok,Sentence,寄生空所
2655,How sick did John look and Betty say he actually felt?,ok,Sentence,寄生空所
2656,The militant who he arrested after learning was carrying a gun.,*,Noun Phrase,寄生空所
2657,It was that militant that we thought was carrying a gun but they believed was never armed.,ok,Sentence,寄生空所
2658,What he became without wanting to become was a traitor.,*,Sentence,寄生空所
2659,What Ted was and Greg intended to become was a doctor.,ok,Sentence,寄生空所
2660,"Helga mentioned the first problem without mentioning the
second problem to the professor who taught Greek.",ok,Sentence,寄生空所
2661,John offended by not recognizing the people who were supporting at that time his favorite uncle from Cleveland.,ok,Sentence,寄生空所
2662,They only determined to analyze right after children turned into the sort of derelicts who cause such problems in our cities.,ok,Sentence,寄生空所
2663,They tried to speak in person but ended up only writing to the official in charge of Frankfurters.,ok,Sentence,寄生空所
2664,It’s interesting to compare the people who like and the people who dislike the power of the big unions.,ok,Sentence,寄生空所
2665,Melvin may have become and Jerome certainly did become a highly competent linguist.,ok,Sentence,寄生空所
2666,"John loves Mary, and Peter does too.",ok,Sentence,省略文
2667,"He is writing something, but you can’t imagine what.",ok,Sentence,省略文
2668,"Although John’s friends were late to the rally, Mary's arrived on time.",ok,Sentence,省略文
2669,Mary wants to buy a skateboard and Sam a bicycle.,ok,Sentence,省略文
2670,Dulles suspected everyone Angleton did.,ok,Sentence,省略文
2671,"John loves Mary, and Peter does too.",ok,Sentence,省略文
2672,Gwendolyn made the team but Betsy didn’t.,ok,Sentence,省略文
2673,Betsy wanted to go but Peter didn’t want to,ok,Sentence,省略文
2674,John didn't hit a home run but I know a woman who did.,ok,Sentence,省略文
2675,"That Betsy won the batting crown is not surprising, but that Peter didn’t know she did is indeed surprising.",ok,Sentence,省略文
2676,"I couldn’t lift this rock, but I know a boy who can and bend a crowbar, too.",*,Sentence,省略文
2677,"After Bill did, John tried LSD.",ok,Sentence,省略文
2678,"John did, after Bill tried LSD.",*,Sentence,省略文
2679,Bill ate more peaches than Harry did grapes.,ok,Sentence,省略文
2680,"He is writing something, but you can’t imagine.",ok,Sentence,省略文
2681,"He's going to give us some old problems for the test, but which problem isn’t clear.",ok,Sentence,省略文
2682,"Ralph knows that I went, but his wife doesn’t know whether",*,Sentence,省略文
2683,"Although I don’t know why, John takes LSD.",ok,Sentence,省略文
2684,"I don’t know why, although John takes LSD.",*,Sentence,省略文
2685,"I like Bill’s yellow shirt, but not Max’s.",ok,Sentence,省略文
2686,Max ate the apple and Sall the hamburgers.,ok,Sentence,省略文
2687,Bill ate more peaches than Harry did grapes.,ok,Sentence,省略文
2688,Either Sam plays the sousaphone or Jekyll the heckephone.,ok,Sentence,省略文
2689,Sma played tuba whenever Max sax.,*,Sentence,省略文
2690,"John took Harry to the movies, and Bill Mike.",ok,Sentence,省略文
2691,Alan went to New York and it seems Betsy to Boston.,*,Sentence,省略文
2692,Alan went to New York and it seems that Betsy to Boston.,*,Sentence,省略文
2693,"Betsy said that Alan went to the ballgame, and that Sandy to the movies.",*,Sentence,省略文
2694,"Pete first base, and Alan played left field.",*,Sentence,省略文
2695,Bill’s story about Sue and Max’s about Kathy both amazed me.,ok,Sentence,省略文
2696,It’s not clear that you’ll be able to.,# (談話あり),Sentence,省略文
2697,"Jesus, I wonder who.",# (談話あり),Sentence,省略文
2698,And Ivan an apple.,# (談話あり),Noun Phrase,省略文
2699,"Jorge, you shouldn’t have.",ok (談話あり),Sentence,省略文
2700,"Well, I guess you had to.",ok (談話あり),Sentence,省略文
2701,Look at this beautiful Mustang...,ok (談話あり),Verb Phrase,省略文
2702,"Ok, but first tell me how much.",ok (談話あり),Sentence,省略文
2703,Do you want sugar in yours?,ok (談話あり),Sentence,省略文
2704,I'd like to see yours with three legs.,* (談話あり),Sentence,省略文
2705,"Even though she hoped that, Mary doubted that the bus would be on time.",*,Sentence,省略文
2706,"We thought Sue wanted to be invited, but we weren’t sure whether.",*,Sentence,省略文
2707,"We thought Sue wanted to be invited, but we weren’t sure if.",*,Sentence,省略文
2708,A single protester attended the rally because the apparently felt it was important.,*,Sentence,省略文
2709,John believed Mary to know French but Peter believed Jane to.,*,Sentence,省略文
2710,Harold scratched his arm and so did I.,ok,Sentence,省略文
2711,Harold scratched his arm and I scratched his arm.,ok (Harold=his),Sentence,省略文
2712,Harold scratched his arm and I scratched my arm.,ok (Harold=his),Sentence,省略文
2713,Betsy loves Peter.,ok,Sentence,省略文
2714,John hit a home run and Peter did too.,ok,Sentence,省略文
2715,"Someone hit everyone, and Bill did too.",ok (every>someのみ),Sentence,省略文
2716,"Someone hit everyone, and then Bill did too.",ok (every>someのみ),Sentence,省略文
2717,"Max said he saw his mother and Oscar did, too.",ok (Max=he=his),Sentence,省略文
2718,Max said he saw his mother and Oscar said he saw his mother.,ok (strict-strict),Sentence,省略文
2719,Max said he saw his mother and Oscar said he saw his mother.,ok (sloppy-sloppy),Sentence,省略文
2720,Max said he saw his mother and Oscar said he saw his mother.,ok (sloppy-strict),Sentence,省略文
2721,Max said he saw his mother and Oscar said he saw his mother.,* (strict-sloppy),Sentence,省略文
2722,John said that he likes his mother.,ok,Sentence,省略文
2723,"A boy admires every teacher. Mary does, too.",ok (a>everyのみ),Sentence,省略文
2724,"A boy admires every teacher. A girl does, too.",ok,Sentence,省略文
2725,Mary admires every teacher.,ok (a>everyのみ),Sentence,省略文
2726,A girl admires every teacher.,ok,Sentence,省略文
2727,"Max gave flowers to Lucy, and chocolates too.",ok,Sentence,省略文
2728,No student arrived except John.,ok,Sentence,省略文
2729,Bill hit the man who asked him to.,ok,Sentence,省略文
2730,Dulles suspected everyone who Angelton did.,ok,Sentence,省略文
2731,John will find everyone that Bill does easy to work with.,*,Sentence,省略文
2732,John will find everyone easy to work with that Bill does.,ok,Sentence,省略文
2733,I visited a man recently who John mentioned.,ok,Sentence,省略文
2734,I visited a man recently that John mentioned.,ok,Sentence,省略文
2735,I visited a man recently John mentioned.,?*,Sentence,省略文
2736,I visited everyone who you did.,ok,Sentence,省略文
2737,I visited everyone that you did.,ok,Sentence,省略文
2738,I visited everyone you did.,ok,Sentence,省略文
2739,I gave everyone that you did two dollars.,ok,Sentence,省略文
2740,Tommy put everything he could in his mouth.,ok,Sentence,省略文
2741,Max considers everyone that you do smart.,ok,Sentence,省略文
2742,John bought everything that you did.,ok,Sentence,省略文
2743,I expect everyone you do will visit Mary.,*,Sentence,省略文
2744,I expect that everyone you do will visit Mary.,*,Sentence,省略文
2745,I expect everyone you do to visit Mary.,?,Sentence,省略文
2746,Beck read a report on every suspect Kollberg did.,ok,Sentence,省略文
2747,Melander requested copies of most of the tapes Larsson did.,ok,Sentence,省略文
2748,I believe John to have convinced Bill.,ok,Sentence,不定詞節
2749,I want John to study harder.,ok,Sentence,不定詞節
2750,I believe that John has convinced Bill.,ok,Sentence,不定詞節
2751,I take to fix the lamp upon myself.,*,Sentence,不定詞節
2752,I take it upon myself to fix the lamp.,ok,Sentence,不定詞節
2753,He blamed it on for Bill to be too strict.,*,Sentence,不定詞節
2754,He blamed it on Bill’s strictness.,ok,Sentence,不定詞節
2755,For to pay that tax to be necessary would be an inconvenience.,*,Sentence,不定詞節
2756,For paying that tax to be necessary would be an inconvenience.,ok,Sentence,不定詞節
2757,Never will for us to be comfortable be possible in this climate.,*,Sentence,不定詞節
2758,Never will it be possible for us to be comfortable in this climate.,ok,Sentence,不定詞節
2759,It's for her to be late that upsets me.,*,Sentence,不定詞節
2760,It’s her being late that upsets me.,ok,Sentence,不定詞節
2761,John tried to win.,ok,Sentence,不定詞節
2762,John tried Bill to win.,*,Sentence,不定詞節
2763,John was tried to win.,*,Sentence,不定詞節
2764,John believed to be incompetent.,*,Verb Phrase,不定詞節
2765,John believed Bill to be incompetent.,ok,Sentence,不定詞節
2766,John was believed to be incompetent.,ok,Sentence,不定詞節
2767,John wanted to win.,ok,Sentence,不定詞節
2768,John wanted Bill to win.,ok,Sentence,不定詞節
2769,John was wanted to win.,*,Sentence,不定詞節
2770,I tried two days ago to leave.,ok,Sentence,不定詞節
2771,To buy a car was desirable at that time.,ok,Sentence,不定詞節
2772,It was believed at that time John would fail Mary.,*,Sentence,不定詞節
2773,John would fail Mary was believed.,*,Sentence,不定詞節
2774,What the terrorists tried was to hijack an airplane.,ok,Sentence,不定詞節
2775,They demanded and we tried to visit St. John’s hospital.,ok,Sentence,不定詞節
2776,What I believe is they will hijack an airplane.,*,Sentence,不定詞節
2777,John believed and we claimed they would visit St. John’s hospital.,*,Sentence,不定詞節
2778,John tried crossing the river.,ok,Sentence,不定詞節
2779,John tried Bill crossing the river.,ok,Sentence,不定詞節
2780,Bill was tried crossing the river.,*,Sentence,不定詞節
2781,It always pays to tell the truth.,ok,Sentence,不定詞節
2782,He is old enough to know better.,ok,Sentence,不定詞節
2783,It is your obvious duty to protect your old mother.,ok,Sentence,不定詞節
2784,They want to visit Paris.,ok,Sentence,不定詞節
2785,Poirot abandoned the investigation in order to save money.,ok,Sentence,不定詞節
2786,For Poirot to abandon the investigation in order to save money would be regrettable.,ok,Sentence,不定詞節
2787,To abandon the investigation in order to save money would be regrettable.,ok,Sentence,不定詞節
2788,For the boys to leave together would be stupid.,ok,Sentence,不定詞節
2789,To leave together would be stupid.,ok,Sentence,不定詞節
2790,For one’s guests to arrive exhausted at a party is terrible.,ok,Sentence,不定詞節
2791,To arrive exhausted at a party is terrible.,ok,Sentence,不定詞節
2792,To identify oneself here would be wrong.,ok,Sentence,不定詞節
2793,John promised Mary to return home by 5:00 p.m.,ok,Sentence,不定詞節
2794,John asked what to do.,ok,Sentence,不定詞節
2795,John asked Bill what to do.,ok,Sentence,不定詞節
2796,John persuaded Mary to return home by 5:00 pm.,ok,Sentence,不定詞節
2797,John was persuaded to leave.,ok,Sentence,不定詞節
2798,John was promised to leave.,*,Sentence,不定詞節
2799,We defended John’s kissing Mary.,ok,Sentence,動名詞節
2800,We didn’t like John wearing the same clothes.,ok,Sentence,動名詞節
2801,Did John killing Mary annoy you?,*,Sentence,動名詞節
2802,Did John’s killing Mary surprise you?,ok,Sentence,動名詞節
2803,It was John kissing Mary that upset everyone.,*,Sentence,動名詞節
2804,It was John's drinking beer that we defended.,ok,Sentence,動名詞節
2805,John playing the piano and Fred singing a song were terrifying.,*,Sentence,動名詞節
2806,John playing the piano and Fred singing a song was terrifying.,ok,Sentence,動名詞節
2807,John's playing the piano and Fred’s singing a song were terrifying.,ok,Sentence,動名詞節
2808,John's playing the piano and Fred’s singing a song was terrifying.,*,Sentence,動名詞節
2809,Who did we imagine John kissing?,ok,Sentence,動名詞節
2810,Who did we defend John's kissing?,*,Sentence,動名詞節
2811,John kissing a gorilla we imagined.,*,Noun Phrase,動名詞節
2812,John’s kissing Mary we defended.,ok,Sentence,動名詞節
2813,Who drinking beer did you imagine?,*,Sentence,動名詞節
2814,Whose drinking beer did you admire?,ok,Sentence,動名詞節
2815,We imagined there being 5 men in the small room.,ok,Sentence,動名詞節
2816,We imagined there’s being 5 men in the small room.,*,Sentence,動名詞節
2817,We defended John kissing Mary.,*,Sentence,動名詞節
2818,We admired John kissing Mary.,*,Sentence,動名詞節
2819,We defended John’s kissing Mary.,ok,Sentence,動名詞節
2820,We admired John’s kissing Mary.,ok,Sentence,動名詞節
2821,We took a picture of John playing the piano.,ok,Sentence,動名詞節
2822,We took a picture of John's playing the piano.,*,Sentence,動名詞節
2823,John killing Mary was a horrible sight.,ok,Sentence,動名詞節
2824,John's killing Mary was a horrible sight.,*,Sentence,動名詞節
2825,That noise you hear is John kissing Mary.,ok,Sentence,動名詞節
2826,That noise you hear is John's kissing Mary.,*,Sentence,動名詞節
2827,They thought that each other giving up the ship was forgivable.,*,Sentence,動名詞節
2828,They thought that each other’s desertion was forgivable.,ok,Sentence,動名詞節
2829,the man who flirting with your wife you took such exeception to,*,Sentence,動名詞節
2830,the man whose flirting with your wife you took such exception to,ok,Noun Phrase,動名詞節
2831,the city that we remember him describing,ok,Noun Phrase,動名詞節
2832,the city that we remember his describing,*,Noun Phrase,動名詞節
2833,Jerry’s keeping tabs on Sherry.,ok,Sentence,動名詞節
2834,Jerry’s carefully keeping tabs on Sherry.,ok,Sentence,動名詞節
2835,Jerry’s keeping tabs on Sherry annoys me.,ok,Sentence,動名詞節
2836,Jerry’s carefully keeping tabs on Sherry annoys me.,ok,Sentence,動名詞節
2837,Jerry's keeping of tabs on Sherry...,*,Noun Phrase,動名詞節
2838,Jerry's careful keeping of tabs on Sherry...,*,Noun Phrase,動名詞節
2839,Your paying attention to his lies...,ok,Sentence,動名詞節
2840,Your consistently paying attention to his lies...,ok,Verb Phrase,動名詞節
2841,Your paying of attention to his lies...,*,Noun Phrase,動名詞節
2842,Your consistent paying of attention to his lies...,*,Noun Phrase,動名詞節
2843,"John’s fixing of the sink was skillful, but Bill’s was more so.",ok,Sentence,動名詞節
2844,"John’s fixing of the sink was surprising, and Bill's was even more so.",*,Sentence,動名詞節
2845,John's fixing the sink was skillful.,*,Sentence,動名詞節
2846,John's fixing the sink was surprising.,ok,Sentence,動名詞節
2847,"John's fixing the sink was surprising, and Bill’s was even more so.",*,Sentence,動名詞節
2848,"John fixing the sink was surprising, and Bill was more so.",*,Sentence,動名詞節
2849,"That John fixed the sink was surprising, but that Bill did was more so.",ok,Sentence,動名詞節
2850,John was afraid of his being hurt.,ok,Sentence,動名詞節
2851,John was afraid his being hurt.,*,Sentence,動名詞節
2852,John was afraid of him being hurt.,ok,Sentence,動名詞節
2853,John was afraid him being hurt.,*,Sentence,動名詞節
2854,John was afraid of being bitten by a rat.,ok,Sentence,動名詞節
2855,John was afraid being bitten by a rat.,*,Sentence,動名詞節
2856,It was nice my seeing you.,*,Sentence,動名詞節
2857,It was nice me seeing you.,*,Sentence,動名詞節
2858,It was nice seeing you.,ok,Sentence,動名詞節
2859,Him leaving was unexpected.,*,Sentence,動名詞節
2860,I was afraid of losing. ,ok,Sentence,動名詞節
2861,I prefer to win.,ok,Sentence,動名詞節
2862,I preferred winning.,ok,Verb Phrase,動名詞節
2863,I abhor singing.,ok,Sentence,動名詞節
2864,I abhor singing operas.,ok,Sentence,動名詞節
2865,Kathy suggested going to the beach.,ok,Sentence,動名詞節
2866,Fred disapproves of opening up trade with Albania.,ok,Sentence,動名詞節
2867,"Angry with each other, I don’t think that we can succeed.",ok,Sentence,動名詞節
2868,Liz left before him telling a story.,ok,Sentence,動名詞節
2869,Liz left before telling a story.,ok,Sentence,動名詞節
2870,Liz left without John telling a story.,ok,Sentence,動名詞節
2871,Liz left without telling a story.,ok,Sentence,動名詞節
2872,Gary left while that Mary did.,*,Sentence,動名詞節
2873,Gary left since that Mary did.,*,Sentence,動名詞節
2874,Gary left after that Mary did.,*,Sentence,動名詞節
2875,Gary left before that Mary did.,*,Sentence,動名詞節
2876,John tried Bill to cross the river.,*,Sentence,動名詞節
2877,John tried to cross the river.,ok,Sentence,動名詞節
2878,John tried Bill to crossing the river.,*,Sentence,動名詞節
2879,John tried to crossing the river.,ok,Verb Phrase,動名詞節
2880,"Walking home, he found a dollar.",ok,Sentence,分詞構文
2881,"His father being a sailor, John knows all about boats.",ok,Sentence,分詞構文
2882,"With father having no money, we could not go to Brighton.",ok,Sentence,分詞構文
2883,"Published here in 1972, Thomas Keneally's novel is no longer in print.",ok,Sentence,分詞構文
2884,"Unable to meet his eyes, Kate looks down at her hands.",ok,Sentence,分詞構文
2885,"A sailor and an artist, he had little sense of money.",ok,Sentence,分詞構文
2886,"The Second World War began, and, still scarcely in his teens, he was drafted into the coal mines of Fife and Kent.",ok,Sentence,分詞構文
2887,"My task completed, I went to bed.",ok,Sentence,分詞構文
2888,"My task being completed, I went to bed.",ok,Sentence,分詞構文
2889,"He entered upon the new enterprise cautiously, his eyes wide-open.",ok,Sentence,分詞構文
2890,"He entered upon the new enterprise cautiously, with his eyes wide-open.",ok,Sentence,分詞構文
2891,John is being a sailor.,*,Sentence,分詞構文
2892,"Being a sailor, John smokes a pipe.",ok,Sentence,分詞構文
2893,Our truck was weighing five tons.,*,Sentence,分詞構文
2894,"Weighing five tons, our truck made the bridge shake.",ok,Sentence,分詞構文
2895,John is having finished his work.,*,Verb Phrase,分詞構文
2896,"Having finished his work, John went to bed.",ok,Sentence,分詞構文
2897,"Having been reading the book, John knew all the answers.",ok,Sentence,分詞構文
2898,"John drove from Indianapolis to Lexington, stopping for a break in Louiseville.",ok,Sentence,分詞構文
2899,"Walking home, he found a dollar.",ok,Sentence,分詞構文
2900,"Unable to meet his eyes, Kate looks down at her hands.",ok,Sentence,分詞構文
2901,"His father being a sailor, John knows all about boats.",ok,Sentence,分詞構文
2902,"My task completed, I went to bed.",ok,Sentence,分詞構文
2903,"Walking home, he found a dollar.",ok,Sentence,分詞構文
2904,John ate the meat raw.,ok,Sentence,分詞構文
2905,"Elaine’s winking at Roddy was fruitless, he being a confirmed bachelor. ",ok,Sentence,分詞構文
2906,"Driving to Chicago that night, I was struck by a sudden thought.",ok,Sentence,分詞構文
2907,"Walking down the boardwalk, I saw a tall building.",ok,Sentence,分詞構文
2908,"Driving to Chicago that night, a sudden thought struck me.",?,Sentence,分詞構文
2909,"Walking down the boardwalk, a tall building came into view.",?,Sentence,分詞構文
2910,"Reading the evening paper, a dog started barking.",*,Sentence,分詞構文
2911,"Using these techniques, a wheel fell off.",*,Sentence,分詞構文
2912,"Putting it mildly, you have caused us some inconvenience.",ok,Sentence,分詞構文
2913,"The siren sounded, indicating that the air raid was over.",ok,Sentence,分詞構文
2914,"When dining in the restaurant, a jacket and tie are required.",ok,Sentence,分詞構文
2915,"Being Christmas, the government were closed.",ok,Sentence,分詞構文
2916,"The manager apPROACHED us, SMILing.",ok,Sentence,分詞構文
2917,The manager approached us SMILing.,ok,Sentence,分詞構文
2918,He married young.,ok,Sentence,分詞構文
2919,Why should I wash my hands if I am quite comfortable with them dirty?,ok,Sentence,分詞構文
2920,She will relapse into the gutter without me at her elbow.,ok,Sentence,分詞構文
2921,"With everyone planning on attending, which I hadn't expected, we'll be short of space.",ok,Sentence,分詞構文
2922,"I wouldn’t want to live in Sicily with, or for that matter, even without, Mt. Etna erupting.",ok,Sentence,分詞構文
2923,"With mother in the hospital and father on a drunken binge, the family is in bad shape.",ok,Sentence,分詞構文
2924,"With there being no possibility of advancement in her present job, Linda is determined to find a new job.",ok,Sentence,分詞構文
2925,"With it obvious that the money is lost, we don’t know what to do.",ok,Sentence,分詞構文
2926,"With Gonzalez appearing to know everything about economics, we could hardly put up a better candidate.",ok,Sentence,分詞構文
2927,"With lawyers currently subjected to frequent attacks in the press, you should consider changing to a different profession.",ok,Sentence,分詞構文
2928,"With the FBI probably on his track, Tom is lying low.",ok,Sentence,分詞構文
2929,We repeated the exercise with arms kept rigid.,ok,Sentence,分詞構文
2930,John stood firm on the desk with a gaping wound across his chest.,ok,Sentence,分詞構文
2931,A gaping wound was across his chest.,*,Sentence,分詞構文
2932,John had a gaping wound across his chest.,ok,Sentence,分詞構文
2933,"With a girl in every port, Harry feels contented.",ok,Sentence,分詞構文
2934,"With Reagan as President, we're in grave danger of war.",ok,Sentence,分詞構文
2935,With Reagan as eating jellybeans ...,*,Verb Phrase,分詞構文
2936,With Reagan eating jellybeans ...,ok,Verb Phrase,分詞構文
2937,"With pounds of jellybeans as on the President’s desk, ...",*,Noun Phrase,分詞構文
2938,"With pounds of jellybeans on the President’s desk, ...",ok,Noun Phrase,分詞構文
2939,"My task having been finished, I went to bed.",ok,Sentence,分詞構文
2940,"He remained in town, his idea being that he wanted everything settled before his departure.",ok,Sentence,分詞構文
2941,"The rain having ruined my hat, I had to get a new one.",ok,Sentence,分詞構文
2942,"Conciliation failing, force remains; but force failing, no further reconciliation is left.",ok,Sentence,分詞構文
2943,"Wearing that new outfit, Bill would fool everyone.",ok,Sentence,分詞構文
2944,"Standing on a chair, John can touch the ceiling.",ok,Sentence,分詞構文
2945,"Taken in the prescribed dosage, it must be very effective.",ok,Sentence,分詞構文
2946,"Being a master of disguise, Bill would fool everyone.",ok,Sentence,分詞構文
2947,"Having unusually long arms, John can touch the ceiling.",ok,Sentence,分詞構文
2948,"Weighing only a few tons, the truck might reach the top of the hill.",ok,Sentence,分詞構文
2949,"Lying on the beach, John sometimes smokes a pipe.",ok,Sentence,分詞構文
2950,"Carrying a load of over 1500 lbs, our truck often makes the bridge shake.",ok,Sentence,分詞構文
2951,"Being a sailor, John sometimes smokes a pipe.",ok,Sentence,分詞構文
2952,"Weighing four tons, our truck often makes the bridge shake.",ok,Sentence,分詞構文
2953,"Wearing her new outfit, Mary looks fat.",ok,Sentence,分詞構文
2954,"Lying on the beach, John smokes cigars.",ok,Sentence,分詞構文
2955,"Weighing over 200 lbs, Mary looks fat.",ok,Sentence,分詞構文
2956,"Being a businessman, John smokes cigars.",ok,Sentence,分詞構文
2957,"Wearing that new outfit, Bill would fool everyone.",ok,Sentence,分詞構文
2958,"Being a master of disguise, Bill would fool everyone.",ok,Sentence,分詞構文
2959,"Noticing the smoke, John realized Bill's house was on fire.",ok,Sentence,分詞構文
2960,"Walking beside the river, John sang.",ok,Sentence,分詞構文
2961,"Counting the number of echoes, Hilary shouted his name.",ok,Sentence,分詞構文
2962,"Hilary shouted his name, counting the number of echoes.",ok,Sentence,分詞構文
2963,"Bill drove from Cheyenne to Salt Lake City, crossing the Rockies while it was still light.",ok,Sentence,分詞構文
2964,"Being very uncomfortable, he still fell asleep.",ok,Sentence,分詞構文
2965,John has been on the train yesterday.,ok,Sentence,分詞構文
2966,"Having been on the train yesterday, John knows exactly why it derailed.",ok,Sentence,分詞構文
2967,John's friend,ok,Noun Phrase,属格化
2968,his friend,ok,Noun Phrase,属格化
2969,the friend of John,ok,Noun Phrase,属格化
2970,the friend of him,ok,Noun Phrase,属格化
2971,the teacher of music's room,ok,Noun Phrase,属格化
2972,both of the girl's parents,ok,Noun Phrase,属格化
2973,He wants to become a ship’s doctor when he grows up.,ok,Sentence,属格化
2974,My car is faster than John's.,ok,Sentence,属格化
2975,We’ll meet at Bill’s.,ok,Sentence,属格化
2976,some friends of Jim’s,ok,Noun Phrase,属格化
2977,Mrs Johnson’s passport,ok,Noun Phrase,属格化
2978,the boy's application,ok,Noun Phrase,属格化
2979,the boy’s release,ok,Noun Phrase,属格化
2980,the girl's story,ok,Noun Phrase,属格化
2981,ten days' absence,ok,Noun Phrase,属格化
2982,the victim’s courage,ok,Noun Phrase,属格化
2983,the baby's eye,ok,Noun Phrase,属格化
2984,Dublin's fair city,ok,Noun Phrase,属格化
2985,table the President owns,ok,Noun Phrase,属格化
2986,table at which the President dines,ok,Noun Phrase,属格化
2987,table about which the President has recurring nightmares,ok,Noun Phrase,属格化
2988,table the President is constructing in the basement of the White House because he believes everyone should know a trade,ok,Sentence,属格化
2989,Helen's legs are giving her trouble again.,ok,Sentence,属格化
2990,The legs of Helen are giving her trouble again.,?,Sentence,属格化
2991,the cat's basket,ok,Noun Phrase,属格化
2992,the basket of the cat,?,Noun Phrase,属格化
2993,John's refusal of the offer,ok,Noun Phrase,属格化
2994,the offer's refusal,ok,Noun Phrase,属格化
2995,the offer's refusal by John,ok,Noun Phrase,属格化
2996,A similar investigation by a government agency uncovered no new evidence.,ok,Sentence,属格化
2997,The similar investigation by a government agency uncovered no new evidence.,*,Sentence,属格化
2998,A government agency's similar investigation uncovered no new evidence.,*,Sentence,属格化
2999,John's picture,ok,Noun Phrase,属格化
3000,the picture that John has,ok,Noun Phrase,属格化
3001,the picture of John,ok,Noun Phrase,属格化
3002,a book of John’s,ok,Noun Phrase,属格化
3003,that book of John’s,ok,Noun Phrase,属格化
3004,the book of John’s,*,Noun Phrase,属格化
3005,the book of John's that I borrowed,ok,Noun Phrase,属格化
3006,a John's book,*,Noun Phrase,属格化
3007,that John's book,*,Noun Phrase,属格化
3008,the that I borrowed John's book,*,Noun Phrase,属格化
3009,the enemy’s destruction of the city,ok,Noun Phrase,属格化
3010,the city's destruction by the enemy,ok,Noun Phrase,属格化
3011,Bill's avoidance by John,*,Noun Phrase,属格化
3012,Mary's discussion by John,*,Noun Phrase,属格化
3013,the dinner's enjoyment by John,*,Noun Phrase,属格化
3014,the predicament's realization by John,*,Noun Phrase,属格化
3015,the sermon’s delivery,ok,Noun Phrase,属格化
3016,the sonata's interpretation,ok,Noun Phrase,属格化
3017,the error's acknowledgment,ok,Noun Phrase,属格化
3018,the error's acknowledgment by the engineers,ok,Noun Phrase,属格化
3019,errors' acknowledgment by the senators,*,Noun Phrase,属格化
3020,cities' destruction,*,Noun Phrase,属格化
3021,cities' destruction by the barbarians,*,Noun Phrase,属格化
3022,the man’s watch,ok,Noun Phrase,属格化
3023,the dog's tail,ok,Noun Phrase,属格化
3024,Kennedy's assassination,ok,Noun Phrase,属格化
3025,the watch's man,*,Noun Phrase,属格化
3026,the tail's dog,*,Noun Phrase,属格化
3027,the assassination's Kennedy,*,Noun Phrase,属格化
3028,Amy’s fear of the scarecrow,ok,Noun Phrase,属格化
3029,the scarecrow’s fear by Amy,*,Noun Phrase,属格化
3030,"This conviction of the superhuman ... found its visible expression in offerings, sacrifices to the spirits or deities.",ok,Sentence,属格化
3031,the city’s destruction,ok,Noun Phrase,属格化
3032,the girl’s mother,ok,Noun Phrase,属格化
3033,the cities' destruction,(?),Noun Phrase,属格化
3034,the girls' mother,(?),Noun Phrase,属格化
3035,the two cities' destruction,?,Noun Phrase,属格化
3036,the three girls' mother,?,Noun Phrase,属格化
3037,both cities' destruction,??,Noun Phrase,属格化
3038,three girls' mother,*,Noun Phrase,属格化
3039,cities' destruction,*,Noun Phrase,属格化
3040,girls' mother,**,Noun Phrase,属格化
3041,my foot,,Noun Phrase,属格化
3042,his foot,,Noun Phrase,属格化
3043,Bill's foot,,Noun Phrase,属格化
3044,my uncle's foot,,Noun Phrase,属格化
3045,the man's foot,,Noun Phrase,属格化
3046,the dog's foot,,Noun Phrase,属格化
3047,the house's roof,,Noun Phrase,属格化
3048,his honor's nature,,Noun Phrase,属格化
3049,the foot of me,,Noun Phrase,属格化
3050,the foot of him,,Noun Phrase,属格化
3051,the foot of Bill,,Noun Phrase,属格化
3052,the foot of my uncle,,Noun Phrase,属格化
3053,the foot of the man,,Noun Phrase,属格化
3054,the foot of the dog,,Noun Phrase,属格化
3055,the roof of the house,,Noun Phrase,属格化
3056,the nature of his honor,,Noun Phrase,属格化
3057,Fagan arrived.,ok,Sentence,能格動詞・非対格動詞・非能格動詞
3058,Dorothea smiled.,ok,Sentence,能格動詞・非対格動詞・非能格動詞
3059,There arrived three girls.,ok,Sentence,能格動詞・非対格動詞・非能格動詞
3060,There smiled three girls.,*,Sentence,能格動詞・非対格動詞・非能格動詞
3061,Fagan arrived a frightening arrive.,*,Sentence,能格動詞・非対格動詞・非能格動詞
3062,Fagan arrived a frightening arrival.,*,Sentence,能格動詞・非対格動詞・非能格動詞
3063,Dorothea smiled a wicked smile.,ok,Sentence,能格動詞・非対格動詞・非能格動詞
3064,the destruction of the ancient city by the Vandals,ok,Noun Phrase,能格動詞・非対格動詞・非能格動詞
3065,swimming by individuals with heart trouble,ok,Noun Phrase,能格動詞・非対格動詞・非能格動詞
3066,meditation by experienced monks,ok,Noun Phrase,能格動詞・非対格動詞・非能格動詞
3067,smiling by movie stars,ok,Noun Phrase,能格動詞・非対格動詞・非能格動詞
3068,sinking of the ship,ok,Noun Phrase,能格動詞・非対格動詞・非能格動詞
3069,sinking by the ship,*,Noun Phrase,能格動詞・非対格動詞・非能格動詞
3070,the existence of demons,ok,Noun Phrase,能格動詞・非対格動詞・非能格動詞
3071,the existence by demons,*,Noun Phrase,能格動詞・非対格動詞・非能格動詞
3072,rise of the price of steak,ok,Noun Phrase,能格動詞・非対格動詞・非能格動詞
3073,rise by the price of steak,*,Verb Phrase,能格動詞・非対格動詞・非能格動詞
3074,the arrival of John,ok,Noun Phrase,能格動詞・非対格動詞・非能格動詞
3075,the arrival by John,*,Noun Phrase,能格動詞・非対格動詞・非能格動詞
3076,The bed was slept in by the shah.,ok,Sentence,能格動詞・非対格動詞・非能格動詞
3077,This hall has been played in by some of the finest orchestras in Europe.,ok,Sentence,能格動詞・非対格動詞・非能格動詞
3078,The bridge was skied under by the contestants.,ok,Sentence,能格動詞・非対格動詞・非能格動詞
3079,The package was accumulated on by dust.,*,Sentence,能格動詞・非対格動詞・非能格動詞
3080,The bridge was existed under by trolls.,*,Sentence,能格動詞・非対格動詞・非能格動詞
3081,The bed was fallen on by dust.,*,Sentence,能格動詞・非対格動詞・非能格動詞
3082,She was very surprised.,ok,Sentence,能格動詞・非対格動詞・非能格動詞
3083,She turned around with a surprised look,ok,Sentence,能格動詞・非対格動詞・非能格動詞
3084,I froze the icecream solid.,ok,Sentence,能格動詞・非対格動詞・非能格動詞
3085,The icecream was frozen solid.,ok,Sentence,能格動詞・非対格動詞・非能格動詞
3086,I danced tired.,*,Sentence,能格動詞・非対格動詞・非能格動詞
3087,I laughed tired.,*,Sentence,能格動詞・非対格動詞・非能格動詞
3088,I walked tired.,*,Sentence,能格動詞・非対格動詞・非能格動詞
3089,I worked tired.,*,Sentence,能格動詞・非対格動詞・非能格動詞
3090,I laughed myself sick.,ok,Sentence,能格動詞・非対格動詞・非能格動詞
3091,I danced myself tired.,ok,Sentence,能格動詞・非対格動詞・非能格動詞
3092,I shouted myself hoarse.,ok,Sentence,能格動詞・非対格動詞・非能格動詞
3093,The icecream froze solid.,ok,Sentence,能格動詞・非対格動詞・非能格動詞
3094,The vase broke into pieces.,ok,Sentence,能格動詞・非対格動詞・非能格動詞
3095,The icecream froze itself solid.,*,Sentence,能格動詞・非対格動詞・非能格動詞
3096,The vase broke itself into pieces.,*,Sentence,能格動詞・非対格動詞・非能格動詞
3097,He emerged bedraggled.,ok,Sentence,能格動詞・非対格動詞・非能格動詞
3098,Sylvester cried his eyes out.,ok,Sentence,能格動詞・非対格動詞・非能格動詞
3099,Sleep your wrinkles away.,ok,Sentence,能格動詞・非対格動詞・非能格動詞
3100,"During the spring thaw, the boulders rolled the hillside bare.",*,Sentence,能格動詞・非対格動詞・非能格動詞
3101,The snow melted the road slushy.,*,Sentence,能格動詞・非対格動詞・非能格動詞
3102,Louisa slept a restful sleep.,ok,Sentence,能格動詞・非対格動詞・非能格動詞
3103,Malinda smiled her most enigmatic smile.,ok,Sentence,能格動詞・非対格動詞・非能格動詞
3104,The mirror broke a jagged break.,*,Sentence,能格動詞・非対格動詞・非能格動詞
3105,She arrived a glamorous arrival.,*,Sentence,能格動詞・非対格動詞・非能格動詞
3106,We had smiled our way out of our new friends' sight.,ok,Sentence,能格動詞・非対格動詞・非能格動詞
3107,"I was about to cough my way out the door, ...",ok,Verb Phrase,能格動詞・非対格動詞・非能格動詞
3108,The oil rose its way to the top.,*,Sentence,能格動詞・非対格動詞・非能格動詞
3109,The apple fell their way into the crates.,*,Sentence,能格動詞・非対格動詞・非能格動詞
3110,The phone rang me out of a dreamless oblivion at seven-fifteen,ok,Sentence,能格動詞・非対格動詞・非能格動詞
3111,The skunk stank us out of house and home.,ok,Sentence,能格動詞・非対格動詞・非能格動詞
3112,There followed a rainstorm. ,ok,Sentence,能格動詞・非対格動詞・非能格動詞
3113,There began a riot.,ok,Sentence,能格動詞・非対格動詞・非能格動詞
3114,There erupted three volcanoes.,ok,Sentence,能格動詞・非対格動詞・非能格動詞
3115,There sang a man.,*,Sentence,能格動詞・非対格動詞・非能格動詞
3116,There slept a man.,*,Sentence,能格動詞・非対格動詞・非能格動詞
3117,There rose a problem.,*,Sentence,能格動詞・非対格動詞・非能格動詞
3118,There squeaked a door.,*,Sentence,能格動詞・非対格動詞・非能格動詞
3119,The country that has been died in and lived in by so many.,ok,Noun Phrase,能格動詞・非対格動詞・非能格動詞
3120,The ring was perished in by the overage fighter.,*,Sentence,能格動詞・非対格動詞・非能格動詞
3121,Opera stars don’t die normal deaths.,ok,Sentence,能格動詞・非対格動詞・非能格動詞
3122,Opera stars don’t perish normal perishes.,*,Sentence,能格動詞・非対格動詞・非能格動詞
3123,The statue stood.,*,Sentence,能格動詞・非対格動詞・非能格動詞
3124,The statue stood in the corner.,ok,Sentence,能格動詞・非対格動詞・非能格動詞
3125,Yvonne stood alone.,ok,Sentence,能格動詞・非対格動詞・非能格動詞
3126,Yvonne stood alone in the hallway.,ok,Sentence,能格動詞・非対格動詞・非能格動詞
3127,She broke the vase.,ok,Sentence,能格動詞・非対格動詞・非能格動詞
3128,He opened the door.,ok,Sentence,能格動詞・非対格動詞・非能格動詞
3129,The vase broke.,ok,Sentence,能格動詞・非対格動詞・非能格動詞
3130,The door opened.,ok,Sentence,能格動詞・非対格動詞・非能格動詞
3131,The electricity will switch off immediately in the event of a short circuit.,ok,Sentence,能格動詞・非対格動詞・非能格動詞
3132,Look! The door is opening! — Yes. Lizzy’s opening it!,ok,Sentence,能格動詞・非対格動詞・非能格動詞
3133,The snow melted.,ok,Sentence,能格動詞・非対格動詞・非能格動詞
3134,The sun melted the snow.,ok,Sentence,能格動詞・非対格動詞・非能格動詞
3135,He opened the door.,ok,Sentence,能格動詞・非対格動詞・非能格動詞
3136,The door opened very easily.,ok,Sentence,能格動詞・非対格動詞・非能格動詞
3137,The door suddenly opened.,ok,Sentence,能格動詞・非対格動詞・非能格動詞
3138,The door was opened.,ok,Sentence,能格動詞・非対格動詞・非能格動詞
3139,Mary shuddered.,ok,Sentence,能格動詞・非対格動詞・非能格動詞
3140,The green monster shuddered Mary.,*,Sentence,能格動詞・非対格動詞・非能格動詞
3141,The farmer pasteurized the milk.,ok,Sentence,能格動詞・非対格動詞・非能格動詞
3142,The milk pasteurized.,*,Sentence,能格動詞・非対格動詞・非能格動詞
3143,The wind cleared the sky.,ok,Sentence,能格動詞・非対格動詞・非能格動詞
3144,The sky cleared.,ok,Sentence,能格動詞・非対格動詞・非能格動詞
3145,The waiter cleared the table.,ok,Sentence,能格動詞・非対格動詞・非能格動詞
3146,The table cleared.,*,Sentence,能格動詞・非対格動詞・非能格動詞
3147,Cherry trees planted in the park.,*,Noun Phrase,能格動詞・非対格動詞・非能格動詞
3148,work,,Verb Phrase,能格動詞・非対格動詞・非能格動詞
3149,play,,Verb Phrase,能格動詞・非対格動詞・非能格動詞
3150,speak,,Verb Phrase,能格動詞・非対格動詞・非能格動詞
3151,talk,,Verb Phrase,能格動詞・非対格動詞・非能格動詞
3152,smile,,Verb Phrase,能格動詞・非対格動詞・非能格動詞
3153,think,,Verb Phrase,能格動詞・非対格動詞・非能格動詞
3154,meditate,,Verb Phrase,能格動詞・非対格動詞・非能格動詞
3155,skate,,Noun Phrase,能格動詞・非対格動詞・非能格動詞
3156,ski,,Noun Phrase,能格動詞・非対格動詞・非能格動詞
3157,swim,,Verb Phrase,能格動詞・非対格動詞・非能格動詞
3158,walk,,Verb Phrase,能格動詞・非対格動詞・非能格動詞
3159,quarrel,,Noun Phrase,能格動詞・非対格動詞・非能格動詞
3160,fight,,Verb Phrase,能格動詞・非対格動詞・非能格動詞
3161,knoch,,Noun Phrase,能格動詞・非対格動詞・非能格動詞
3162,hammer,,Noun Phrase,能格動詞・非対格動詞・非能格動詞
3163,weep,,Verb Phrase,能格動詞・非対格動詞・非能格動詞
3164,cry,,Verb Phrase,能格動詞・非対格動詞・非能格動詞
3165,kneel,,Verb Phrase,能格動詞・非対格動詞・非能格動詞
3166,bow,,Noun Phrase,能格動詞・非対格動詞・非能格動詞
3167,cheat,,Verb Phrase,能格動詞・非対格動詞・非能格動詞
3168,study,,Verb Phrase,能格動詞・非対格動詞・非能格動詞
3169,laugh,,Verb Phrase,能格動詞・非対格動詞・非能格動詞
3170,dance,,Verb Phrase,能格動詞・非対格動詞・非能格動詞
3171,crawl,,Verb Phrase,能格動詞・非対格動詞・非能格動詞
3172,shout,,Verb Phrase,能格動詞・非対格動詞・非能格動詞
3173,bark,,Noun Phrase,能格動詞・非対格動詞・非能格動詞
3174,cough,,Verb Phrase,能格動詞・非対格動詞・非能格動詞
3175,sneeze,,Verb Phrase,能格動詞・非対格動詞・非能格動詞
3176,hiccough,,Noun Phrase,能格動詞・非対格動詞・非能格動詞
3177,vomit,,Verb Phrase,能格動詞・非対格動詞・非能格動詞
3178,sleep,,Verb Phrase,能格動詞・非対格動詞・非能格動詞
3179,breathe,,Verb Phrase,能格動詞・非対格動詞・非能格動詞
3180,burn,,Verb Phrase,能格動詞・非対格動詞・非能格動詞
3181,fall,,Verb Phrase,能格動詞・非対格動詞・非能格動詞
3182,drop,,Verb Phrase,能格動詞・非対格動詞・非能格動詞
3183,sink,,Noun Phrase,能格動詞・非対格動詞・非能格動詞
3184,float,,Noun Phrase,能格動詞・非対格動詞・非能格動詞
3185,slide,,Noun Phrase,能格動詞・非対格動詞・非能格動詞
3186,drip,,Verb Phrase,能格動詞・非対格動詞・非能格動詞
3187,tremble,,Verb Phrase,能格動詞・非対格動詞・非能格動詞
3188,flourish,,Verb Phrase,能格動詞・非対格動詞・非能格動詞
3189,roll,,Verb Phrase,能格動詞・非対格動詞・非能格動詞
3190,boil,,Verb Phrase,能格動詞・非対格動詞・非能格動詞
3191,melt,,Verb Phrase,能格動詞・非対格動詞・非能格動詞
3192,freeze,,Verb Phrase,能格動詞・非対格動詞・非能格動詞
3193,dim,,Noun Phrase,能格動詞・非対格動詞・非能格動詞
3194,darken,,Verb Phrase,能格動詞・非対格動詞・非能格動詞
3195,rot,,Noun Phrase,能格動詞・非対格動詞・非能格動詞
3196,wilt,,Verb Phrase,能格動詞・非対格動詞・非能格動詞
3197,increase,,Verb Phrase,能格動詞・非対格動詞・非能格動詞
3198,decrease,,Verb Phrase,能格動詞・非対格動詞・非能格動詞
3199,grow,,Verb Phrase,能格動詞・非対格動詞・非能格動詞
3200,evaporate,,Verb Phrase,能格動詞・非対格動詞・非能格動詞
3201,collapse,,Verb Phrase,能格動詞・非対格動詞・非能格動詞
3202,die,,Verb Phrase,能格動詞・非対格動詞・非能格動詞
3203,open,,Verb Phrase,能格動詞・非対格動詞・非能格動詞
3204,close,,Verb Phrase,能格動詞・非対格動詞・非能格動詞
3205,break,,Verb Phrase,能格動詞・非対格動詞・非能格動詞
3206,explode,,Verb Phrase,能格動詞・非対格動詞・非能格動詞
3207,exist,,Verb Phrase,能格動詞・非対格動詞・非能格動詞
3208,happen,,Verb Phrase,能格動詞・非対格動詞・非能格動詞
3209,occur,,Verb Phrase,能格動詞・非対格動詞・非能格動詞
3210,take place,,Verb Phrase,能格動詞・非対格動詞・非能格動詞
3211,arrive,,Verb Phrase,能格動詞・非対格動詞・非能格動詞
3212,arise,,Verb Phrase,能格動詞・非対格動詞・非能格動詞
3213,ensue,,Verb Phrase,能格動詞・非対格動詞・非能格動詞
3214,result,,Noun Phrase,能格動詞・非対格動詞・非能格動詞
3215,show up,,Verb Phrase,能格動詞・非対格動詞・非能格動詞
3216,turn up,,Verb Phrase,能格動詞・非対格動詞・非能格動詞
3217,vanish,,Verb Phrase,能格動詞・非対格動詞・非能格動詞
3218,disappear,,Verb Phrase,能格動詞・非対格動詞・非能格動詞
3219,shine,,Verb Phrase,能格動詞・非対格動詞・非能格動詞
3220,sparkle,,Noun Phrase,能格動詞・非対格動詞・非能格動詞
3221,glitter,,Noun Phrase,能格動詞・非対格動詞・非能格動詞
3222,glisten,,Verb Phrase,能格動詞・非対格動詞・非能格動詞
3223,jingle,,Noun Phrase,能格動詞・非対格動詞・非能格動詞
3224,clink,,Noun Phrase,能格動詞・非対格動詞・非能格動詞
3225,crackle,,Verb Phrase,能格動詞・非対格動詞・非能格動詞
3226,smell,,Noun Phrase,能格動詞・非対格動詞・非能格動詞
3227,stink,,Verb Phrase,能格動詞・非対格動詞・非能格動詞
3228,begin,,Verb Phrase,能格動詞・非対格動詞・非能格動詞
3229,start,,Noun Phrase,能格動詞・非対格動詞・非能格動詞
3230,stop,,Verb Phrase,能格動詞・非対格動詞・非能格動詞
3231,cease,,Verb Phrase,能格動詞・非対格動詞・非能格動詞
3232,continue,,Verb Phrase,能格動詞・非対格動詞・非能格動詞
3233,end,,Noun Phrase,能格動詞・非対格動詞・非能格動詞
3234,a run man,*,Noun Phrase,能格動詞・非対格動詞・非能格動詞
3235,a coughed patient,*,Noun Phrase,能格動詞・非対格動詞・非能格動詞
3236,a cried child,*,Noun Phrase,能格動詞・非対格動詞・非能格動詞
3237,a swum contestant,*,Noun Phrase,能格動詞・非対格動詞・非能格動詞
3238,a yawned student,*,Noun Phrase,能格動詞・非対格動詞・非能格動詞
3239,a laughed clown,*,Noun Phrase,能格動詞・非対格動詞・非能格動詞
3240,wilted lettuce,ok,Noun Phrase,能格動詞・非対格動詞・非能格動詞
3241,a fallen leaf,ok,Noun Phrase,能格動詞・非対格動詞・非能格動詞
3242,an escaped convict,ok,Noun Phrase,能格動詞・非対格動詞・非能格動詞
3243,a collapsed tent,ok,Noun Phrase,能格動詞・非対格動詞・非能格動詞
3244,burst pipes,ok,Noun Phrase,能格動詞・非対格動詞・非能格動詞
3245,rotted railings,ok,Noun Phrase,能格動詞・非対格動詞・非能格動詞
3246,vanished civilizations,ok,Noun Phrase,能格動詞・非対格動詞・非能格動詞
3247,John saw Mary crossing the street.,ok,Sentence,知覚動詞
3248,John saw Mary cross the street.,ok,Sentence,知覚動詞
3249,Bill thought he could see into the room.,ok,Sentence,知覚動詞
3250,It is easy to see through this glass.,ok,Sentence,知覚動詞
3251,The baby bird saw over the rim of the nest.,ok,Sentence,知覚動詞
3252,"Using X-ray vision, Superman saw behind the tree.",ok,Sentence,知覚動詞
3253,The bird saw to the nest.,*,Sentence,知覚動詞
3254,The bird saw the nest.,ok,Sentence,知覚動詞
3255,John saw toward the tree.,*,Sentence,知覚動詞
3256,John looked toward the tree.,ok,Sentence,知覚動詞
3257,The bird saw at the screen.,*,Sentence,知覚動詞
3258,The bird was looking at the screen.,ok,Sentence,知覚動詞
3259,The bird saw for the fish.,*,Sentence,知覚動詞
3260,The bird is looking for the fish.,ok,Sentence,知覚動詞
3261,John saw through the glass carefully.,*,Sentence,知覚動詞
3262,John looked through the glass carefully.,ok,Sentence,知覚動詞
3263,What John did was to see at Bill.,*,Sentence,知覚動詞
3264,What John did was to look at Bill.,ok,Sentence,知覚動詞
3265,John saw into the room in order to learn who was there.,*,Sentence,知覚動詞
3266,John looked into the room in order to learn who was there.,ok,Sentence,知覚動詞
3267,John is seeing the tree.,*,Sentence,知覚動詞
3268,The rock is sliding to the wall.,*,Sentence,知覚動詞
3269,"I saw her drown, but I rescued her.",*,Sentence,知覚動詞
3270,"I saw her drowning, but I rescued her.",ok,Sentence,知覚動詞
3271,I saw him resemble his father.,*,Sentence,知覚動詞
3272,I saw John look pretty sick.,*,Sentence,知覚動詞
3273,We saw Joan blink.,ok,Sentence,知覚動詞
3274,We saw Joan blinking.,ok,Sentence,知覚動詞
3275,In this photograph you can see Joan blink.,*,Sentence,知覚動詞
3276,In this photograph you can see Joan blinking.,ok,Sentence,知覚動詞
3277,I saw Bill lean against the side of the house.,ok,Sentence,知覚動詞
3278,I saw Bill leaning against the side of the house.,ok,Sentence,知覚動詞
3279,I saw the ladder lean against the side of the house.,*,Sentence,知覚動詞
3280,b.I saw the ladder leaning against the side of the house.,ok,Sentence,知覚動詞
3281,We saw her just sit there.,ok,Sentence,知覚動詞
3282,We saw her just sitting there.,ok,Sentence,知覚動詞
3283,I saw the arms of the windmill turn.,ok,Sentence,知覚動詞
3284,I saw John be sleeping.,*,Sentence,知覚動詞
3285,I saw him watch television until midnight.,ok,Sentence,知覚動詞
3286,I saw him watching television until midnight.,ok,Sentence,知覚動詞
3287,I saw John walk towards the beach.,ok,Sentence,知覚動詞
3288,I saw John walking towards the beach.,ok,Sentence,知覚動詞
3289,John watched television until midnight.,ok,Sentence,知覚動詞
3290,John was watching television until midnight.,ok,Sentence,知覚動詞
3291,John walked towards the beach.,ok,Sentence,知覚動詞
3292,John was walking towards the beach.,ok,Sentence,知覚動詞
3293,I have been paying him only one visit so far.,*,Sentence,知覚動詞
3294,She has seen me pay him only one visit so far.,ok,Sentence,知覚動詞
3295,She has seen me paying him only one visit so far.,*,Sentence,知覚動詞
3296,The plane flew lower and lower all the time.,?,Sentence,知覚動詞
3297,The plane was flying lower and lower all the time.,ok,Sentence,知覚動詞
3298,I saw the plane fly lower and lower all the time.,?,Sentence,知覚動詞
3299,I saw the plane flying lower and lower all the time.,ok,Sentence,知覚動詞
3300,What John was doing was digging the garden.,ok,Sentence,知覚動詞
3301,What John was doing was dig the garden.,*,Sentence,知覚動詞
3302,What John did was dig the garden.,ok,Sentence,知覚動詞
3303,What John did was digging the garden.,*,Sentence,知覚動詞
3304,What I saw John doing was digging the garden.,ok,Sentence,知覚動詞
3305,What I saw John doing was dig the garden.,*,Sentence,知覚動詞
3306,What I saw John do was dig the garden.,ok,Sentence,知覚動詞
3307,What I saw John do was digging the garden.,*,Sentence,知覚動詞
3308,I have seen faith accomplish miracles.,ok,Sentence,知覚動詞
3309,I have seen faith.,*,Sentence,知覚動詞
3310,We heard it thundering.,ok,Sentence,知覚動詞
3311,We heard it.,*,Sentence,知覚動詞
3312,I wouldn’t like to see there be so many mistakes.,ok,Sentence,知覚動詞
3313,I wouldn’t like to see there.,*,Sentence,知覚動詞
3314,What we saw was the moon rising over the mountain.,ok,Sentence,知覚動詞
3315,We saw what we had all hoped to see: the moon rising over the mountain.,ok,Sentence,知覚動詞
3316,"You can see, but you certainly can't hear, the moon rising
over the mountain.",ok,Sentence,知覚動詞
3317,It was the moon rising over the mountain that we saw.,ok,Sentence,知覚動詞
3318,"The moon rising over the mountain was a breathtaking
sight to see.",ok,Sentence,知覚動詞
3319,The moon rising over the mountain has been witnessed by many a lover here on Lover's Lane.,ok,Sentence,知覚動詞
3320,The moons of Jupiter rotating in their orbits are beautiful to watch.,ok,Sentence,知覚動詞
3321,"The moons of Jupiter rotating in their orbits is beautiful to
watch.",*,Sentence,知覚動詞
3322,The moon rising over the mountain looks spectacular.,ok,Sentence,知覚動詞
3323,The moon looks spectacular rising over the mountain.,ok,Sentence,知覚動詞
3324,For the moon to rise over the mountain wouldn’t be surprising.,ok,Sentence,知覚動詞
3325,For the moon wouldn’t be surprising to rise over the mountain.,*,Sentence,知覚動詞
3326,What we saw rising over the mountain was the moon.,ok,Sentence,知覚動詞
3327,It was the moon that we saw rising over the mountain.,ok,Sentence,知覚動詞
3328,The moon was seen rising over the mountain.,ok,Sentence,知覚動詞
3329,The moon is beautiful to watch rising over the mountain.,ok,Sentence,知覚動詞
3330,What we saw was Raquel Welch take a bath.,*,Sentence,知覚動詞
3331,It was Raquel Welch take a bath that we saw.,*,Sentence,知覚動詞
3332,"We could hear, but we couldn’t see, Raquel Welch take a
bath.",*?,Sentence,知覚動詞
3333,Raquel Welch take a bath is a breathtaking sight to see.,*,Sentence,知覚動詞
3334,"Raquel Welch take a bath has been witnessed by many a
moviegoer.",*,Sentence,知覚動詞
3335,I could actually see it appear that he was sad.,*,Sentence,知覚動詞
3336,I couldn't see it appearing that he was sad.,*,Sentence,知覚動詞
3337,I could see there glow two eyes in the shadows.,*,Sentence,知覚動詞
3338,"I couldn't see there looming in him the possibility of financial
disaster.",*,Sentence,知覚動詞
3339,"I could just see the jig be up before we had a chance to
extricate ourselves.",*,Sentence,知覚動詞
3340,"I couldn't see the jig being up before we had a chance to
extricate ourselves.",??,Sentence,知覚動詞
3341,He caused Mary to die.,ok,Sentence,使役動詞
3342,He killed Mary.,ok,Sentence,使役動詞
3343,John caused Mary to die and it surprised me that she did so.,ok,Sentence,使役動詞
3344,John killed Mary and it surprised me that she did so.,*,Sentence,使役動詞
3345,John caused Bill to die on Sunday by stabbing him on Saturday.,ok,Sentence,使役動詞
3346,John killed Bill on Sunday by stabbing him on Saturday.,*,Sentence,使役動詞
3347,John caused Bill to die on Sunday.,ok,Sentence,使役動詞
3348,John killed Bill on Sunday.,ok,Sentence,使役動詞
3349,John caused Bill to go upstairs three times.,ok,Sentence,使役動詞
3350,John sent Bill upstairs three times.,ok,Sentence,使役動詞
3351,John caused Bill to die in his room.,ok,Sentence,使役動詞
3352,John killed Bill in his room.,ok,Sentence,使役動詞
3353,John caused Bill to die by swallowing his tongue.,ok,Sentence,使役動詞
3354,John killed Bill by swallowing his tongue.,ok,Sentence,使役動詞
3355,I caused her lose her balance by losing my balance and tripping her.,ok,Sentence,使役動詞
3356,I caused her to lose her balance by losing my balance and tripping her.,ok,Sentence,使役動詞
3357,I made her lose her balance by losing my balance and tripping her.,*,Sentence,使役動詞
3358,I made her to lose her balance by losing my balance and tripping her.,*,Sentence,使役動詞
3359,I had her lose her balance by losing my balance and tripping her.,*,Sentence,使役動詞
3360,I had her to lose her balance by losing my balance and tripping her.,*,Sentence,使役動詞
3361,"I caused her lose her balance by deliberately
rushing over and tripping her.",*,Sentence,使役動詞
3362,"I caused her to lose her balance by deliberately
rushing over and tripping her.",*,Sentence,使役動詞
3363,"I made her lose her balance by deliberately
rushing over and tripping her.",ok,Sentence,使役動詞
3364,"I made her to lose her balance by deliberately
rushing over and tripping her.",ok,Sentence,使役動詞
3365,"I had her  lose her balance by deliberately
rushing over and tripping her.",*,Sentence,使役動詞
3366,"I had her to lose her balance by deliberately
rushing over and tripping her.",*,Sentence,使役動詞
3367,"I caused her lose her balance by sending John
over to trip her.",*,Sentence,使役動詞
3368,"I caused her to lose her balance by sending John
over to trip her.",*,Sentence,使役動詞
3369,"I made her lose her balance by sending John
over to trip her.",*,Sentence,使役動詞
3370,"I made her to lose her balance by sending John
over to trip her.",*,Sentence,使役動詞
3371,"I had her lose her balance by sending John
over to trip her.",ok,Sentence,使役動詞
3372,"I had her to lose her balance by sending John
over to trip her.",ok,Sentence,使役動詞
3373,John accidentally caused Mary to drop her books.,ok,Sentence,使役動詞
3374,The confusion caused me to change my mind.,ok,Sentence,使役動詞
3375,Joe caused the confusion.,ok,Sentence,使役動詞
3376,I caused her to regret her erratic behavior.,ok,Sentence,使役動詞
3377,I caused the vase to break into pieces by accidentally knocking it down.,ok,Sentence,使役動詞
3378,I caused her to be seen by John.,*,Sentence,使役動詞
3379,The confusion made me change my mind.,ok,Sentence,使役動詞
3380,Joe made the confusion.,*,Sentence,使役動詞
3381,The confusion made me deliberately change my mind.,ok,Sentence,使役動詞
3382,John made me deliberately change my mind.,*,Sentence,使役動詞
3383,I made Mary regret her erratic behavior.,ok,Sentence,使役動詞
3384,I made her be seen by John.,*,Sentence,使役動詞
3385,I made her to be seen by John.,*,Sentence,使役動詞
3386,I made the vase break into pieces by accidentally knocking it down.,*,Sentence,使役動詞
3387,I made the vase break into pieces by deliberately knocking it down.,*,Sentence,使役動詞
3388,The confusion had Mary leave in a hurry.,*,Sentence,使役動詞
3389,I had Mary regret her erratic behavior.,?,Sentence,使役動詞
3390,"I sent the Mafia to torture her, and this way I had her regret
her behavior.",ok,Sentence,使役動詞
3391,I had her seen by John.,ok,Verb Phrase,使役動詞
3392,"I had the vase break into pieces by sending my buddy to do
it.",*,Sentence,使役動詞
3393,John had half the students walk out of his lecture.,ok,Sentence,使役動詞
3394,Ralph made Sheila fall down.,ok,Sentence,使役動詞
3395,The warm sunshine made the plants grow.,ok,Sentence,使役動詞
3396,Ralph had Sheila fall down.,*,Sentence,使役動詞
3397,Ralph had the plants grow.,*,Sentence,使役動詞
3398,Ralph had Sheila die on him.,ok,Sentence,使役動詞
3399,Ralph had the ivy grow all the way up the side of the house.,ok,Sentence,使役動詞
3400,The general has his boats sink easily.,*,Sentence,使役動詞
3401,The general had the boat sink.,*,Sentence,使役動詞
3402,The general had the boat sunk.,ok,Sentence,使役動詞
3403,Pat had Terry drive his car.,*,Sentence,使役動詞
3404, Pat had Terry drive his car into the wall.,ok,Sentence,使役動詞
3405,"Pat didn’t make Terry cheat on the test, but she did it anyway.",ok,Sentence,使役動詞
3406,"Pat didn't have Terry cheat on the test, but she did it anyway.",*,Sentence,使役動詞
3407,"John makes Bill be shelving books whenever the boss walks
in.",ok,Sentence,使役動詞
3408,John has Bill be shelving books whenever the boss walks in.,??,Sentence,使役動詞
3409,John made Bill be arrested.,ok,Sentence,使役動詞
3410,John had Bill be arrested.,??,Sentence,使役動詞
3411,Bill made Ralph not marry Sheila.,ok,Sentence,使役動詞
3412,Bill had Ralph not marry Sheila.,?,Sentence,使役動詞
3413,John had Bill like French cooking.,*,Sentence,使役動詞
3414,John made Bill like French cooking.,ok,Sentence,使役動詞
3415,The mayor has more firemen available during this summer.,ok,Sentence,使役動詞
3416,John had it seem likely that Bill had lied.,*,Sentence,使役動詞
3417,John made it seem likely that Bill had lied.,ok,Sentence,使役動詞
3418,John had there be computers available for all the students.,*,Sentence,使役動詞
3419,John made there be computers available for all the students.,ok,Sentence,使役動詞
3420,I was made to eat my spinach.,ok,Sentence,使役動詞
3421,I was had eat my spinach.,*,Sentence,使役動詞
3422,I was had to eat my spinach.,*,Sentence,使役動詞
3423,These dolls were made in a factory.,ok,Sentence,使役動詞
3424,These dolls were had by young girls.,*,Sentence,使役動詞
3425,I regret that it is raining.,ok,Sentence,叙実動詞
3426,I suppose that it is raining.,ok,Sentence,叙実動詞
3427,Sue supposes Bob failed in the exam.,ok,Sentence,叙実動詞
3428,Sue regrets Bob failed in the exam.,*,Sentence,叙実動詞
3429,John regrets that the door was closed.,ok,Sentence,叙実動詞
3430,John doesn’t regret that the door was closed.,ok,Sentence,叙実動詞
3431,It is odd that the door was closed.,ok,Sentence,叙実動詞
3432,It isn’t odd that the door was closed.,ok,Sentence,叙実動詞
3433,John thinks that the door was closed.,ok,Sentence,叙実動詞
3434,John doesn’t think that the door was closed.,ok,Sentence,叙実動詞
3435,It is likely that the door is closed.,ok,Sentence,叙実動詞
3436,It isn't likely that the door is closed.,ok,Sentence,叙実動詞
3437,The fact that he has been found guilty is significant.,ok,Sentence,叙実動詞
3438,The fact that he has been found guilty is likely.,*,Sentence,叙実動詞
3439,I regret the fact that John is ill.,ok,Sentence,叙実動詞
3440,I regret that John is ill.,ok,Sentence,叙実動詞
3441,I regret the fact of John’s being ill.,ok,Sentence,叙実動詞
3442,I regret John’s being ill.,ok,Verb Phrase,叙実動詞
3443,I regret it that John is ill.,ok,Sentence,叙実動詞
3444,"Bill claims it that people are always comparing him to
Mozart.",*,Sentence,叙実動詞
3445,Everyone suppose John's being completely drunk.,*,Sentence,叙実動詞
3446,He is relevant to accomplish even more.,*,Sentence,叙実動詞
3447,I regret that he can’t help doing things like that.,ok,Sentence,叙実動詞
3448,I don't regret that he can help doing things like that.,*,Sentence,叙実動詞
3449,John regrets the fact terribly that he offended Mary.,*,Sentence,叙実動詞
3450,John regrets it terribly that he offended Mary.,ok,Sentence,叙実動詞
3451,To whom have you found someone who would speak?,*,Sentence,叙実動詞
3452,How have you found someone who would fix?,*,Sentence,叙実動詞
3453,To whom do you regret that you could not speak ?,ok,Sentence,叙実動詞
3454,How do you regret that you behaved?,*,Sentence,叙実動詞
3455,What do you believe the claim that John bought?,?*,Sentence,叙実動詞
3456,Who does John regret the fact that he offended?,*/??,Sentence,叙実動詞
3457,"If I regret later that I have not told the truth, I will confess it to everyone.",ok,Sentence,叙実動詞
3458,"If I realize later that I have not told the truth, I will confess it to everyone.",ok,Sentence,叙実動詞
3459,"Many of the applicants are women, it seems.",ok,Sentence,叙実動詞
3460,"It was difficult to make ends meet, they discovered.",ok,Sentence,叙実動詞
3461,"Many of the applicants are women, it is likely.",*,Sentence,叙実動詞
3462,"It was difficult to make ends meet, they regretted.",*,Sentence,叙実動詞
3463,"I regret the fact that the President did not grant them an
interview.",ok,Sentence,叙実動詞
3464,I realized the fact that the President did not grant them an interview.,*,Sentence,叙実動詞
3465,Everyone resented Joan's being completely drunk.,ok,Sentence,叙実動詞
3466,Everyone discovered Joan’s being completely drunk.,*,Sentence,叙実動詞
3467,I exclaimed that never in my life had I seen such a crowd.,ok,Sentence,叙実動詞
3468,It seems that on the opposite corner stood a large Victorian mansion.,ok,Sentence,叙実動詞
3469,It is likely that seldom did he drive that car.,*,Sentence,叙実動詞
3470,He was surprised that never in my life had I seen a hippopotamus.,*,Sentence,叙実動詞
3471,"The scout discovered that beyond the next hill
stood a large fortress.",ok,Sentence,叙実動詞
3472,Fred confessed that he fired Mary.,ok,Sentence,叙実動詞
3473,Who did Fred confess that he fired?,?,Sentence,叙実動詞
3474,Why did Fred confess that he fired Mary?,* (whyがhe fired Maryにかかる),Sentence,叙実動詞
3475,Which problem do you wonder how John could solve?,??,Sentence,叙実動詞
3476,How do you wonder which problem John could solve?,*,Sentence,叙実動詞
3477,John regrets that he fired Mary yesterday.,ok,Sentence,叙実動詞
3478,"John said that Sue, Bill doesn’t like.",ok,Sentence,叙実動詞
3479,"John regretted that Gone with the Wind, we went to see.",*,Sentence,叙実動詞
3480,John regretted that never had he seen Gone with the Wind.,*,Sentence,叙実動詞
3481,Thunder frightens them.,ok,Sentence,心理動詞
3482,They fear thunder.,ok,Sentence,心理動詞
3483,Thunder causes them to be frightened.,ok,Sentence,心理動詞
3484,The picture of himself frightened Bill.,ok,Sentence,心理動詞
3485,the books' amusement of John,*,Noun Phrase,心理動詞
3486,The storm was frightening us.,ok,Sentence,心理動詞
3487,We are fearing the storm.,*,Sentence,心理動詞
3488,The distant rumbling frightened Mary.,ok,Sentence,心理動詞
3489,The distant rumbling frightened Mary of another tornado.,*,Sentence,心理動詞
3490,The noise nearly frightened us out of our senses.,ok,Sentence,心理動詞
3491,The news surprised him into tears.,ok,Sentence,心理動詞
3492,That movie bored me silly.,ok,Sentence,心理動詞
3493,That movie bored me to tears.,ok,Sentence,心理動詞
3494,Elephants terrify John.,ok,Sentence,心理動詞
3495,John terrifies easily.,ok,Sentence,心理動詞
3496,John fears elephants.,ok,Sentence,心理動詞
3497,Elephants fears easily.,*,Sentence,心理動詞
3498,John broke the glass.,ok,Sentence,心理動詞
3499,The glass broke.,ok,Sentence,心理動詞
3500,John opened the door.,ok,Sentence,心理動詞
3501,The door opened.,ok,Sentence,心理動詞
3502,The movie frightened John.,ok,Sentence,心理動詞
3503,John frightened.,*,Sentence,心理動詞
3504,John frightened of the moive.,*,Sentence,心理動詞
3505,The clown amused the children.,ok,Sentence,心理動詞
3506,The children amused.,*,Sentence,心理動詞
3507,The children amused at the clown.,*,Sentence,心理動詞
3508,The picture worried John.,ok,Sentence,心理動詞
3509,John worried about the picture.,ok,Sentence,心理動詞
3510,Pictures of himself worries John.,ok,Sentence,心理動詞
3511,Pictures of each other depress the politicians.,ok,Sentence,心理動詞
3512,Each other's pictures depress the politicians.,ok,Sentence,心理動詞
3513,Pictures of himself hit John.,*,Sentence,心理動詞
3514,A picture of himself fell on Harry.,*,Sentence,心理動詞
3515,Stories about himself always make John worry.,ok,Sentence,心理動詞
3516,Pictures of himself give Bill a headache.,ok,Sentence,心理動詞
3517,Pictures of himself make John's head hurt.,ok,Sentence,心理動詞
3518,These rumors about himself caught John's attention.,ok,Sentence,心理動詞
3519,The jokes about herself got Mary's goat.,ok,Sentence,心理動詞
3520,The photos of himself made John’s face turn red.,ok,Sentence,心理動詞
3521,I gave each other’s mothers the babies.,*,Sentence,心理動詞
3522,I showed each other’s mothers the babies.,*,Sentence,心理動詞
3523,I gave each other's babies to the mothers.,?,Sentence,心理動詞
3524,I showed each other's babies to the mothers.,?,Sentence,心理動詞
3525,The movie amused the children.,ok,Sentence,心理動詞
3526,The clown deliberately amused the children.,ok,Sentence,心理動詞
3527,The children were much amused at the movie.,ok,Sentence,心理動詞
3528,the movie's amusement of the children,*,Noun Phrase,心理動詞
3529,the clown’s deliberate amusement of the children,ok,Noun Phrase,心理動詞
3530,the children's amusement at the clown,ok,Noun Phrase,心理動詞
3531,the amusement of the children,ok,Noun Phrase,心理動詞
3532,the children’s amusement,ok,Noun Phrase,心理動詞
3533,Children fear the devil.,ok,Sentence,心理動詞
3534,children’s fear of the devil,ok,Noun Phrase,心理動詞
3535,People hate the enemy.,ok,Sentence,心理動詞
3536,people’s hatred of the enemy,ok,Noun Phrase,心理動詞
3537,John loves Mary.,ok,Sentence,心理動詞
3538,John’s love of Mary,ok,Noun Phrase,心理動詞
3539,the destruction of the city,ok,Noun Phrase,心理動詞
3540,the enemy’s destruction of the city,ok,Noun Phrase,心理動詞
3541,the destruction of the city,ok,Noun Phrase,心理動詞
3542,the destruction of the city by the enemy,ok,Noun Phrase,心理動詞
3543,Scarecrows were feared by Amy.,ok,Sentence,心理動詞
3544,scarecrows' fear by Amy.,*,Noun Phrase,心理動詞
3545,the children’s amusement at the clown,ok,Noun Phrase,心理動詞
3546,the children’s amusement of the clown,*,Noun Phrase,心理動詞
3547,The movie was very frightening to me.,ok,Sentence,心理動詞
3548,We are fearing the storm.,*,Sentence,心理動詞
3549,The storm was frightening us.,ok,Sentence,心理動詞
3550,John built his house in three months.,ok,Sentence,心理動詞
3551,John built his house for three months.,*,Sentence,心理動詞
3552,The sheriff of Nottingham jailed Robin Hood for three years.,ok,Sentence,心理動詞
3553,The sheriff of Nottingham jailed Robin Hood in three years.,*,Sentence,心理動詞
3554,That television program amused me for an an hour.,ok,Sentence,心理動詞
3555,That television program amused me in an an hour.,*,Sentence,心理動詞
3556,He almost built a house.,ok,Sentence,心理動詞
3557,The sheriff of Nottingham almost jailed Robin Hood.,ok,Sentence,心理動詞
3558,These events almost amused me.,ok,Sentence,心理動詞
3559,Odd noises are continually scaring Sue.,ok,Sentence,心理動詞
3560,Odd noises are continually depressing Sue.,??,Sentence,心理動詞
3561,The weather pleased us.,ok,Sentence,心理動詞
3562,The weather was pleasing us.,*,Sentence,心理動詞
3563,The news concerned us.,ok,Sentence,心理動詞
3564,The news was concerning us.,*,Sentence,心理動詞
3565,Harry is clearly fearing an outbreak of the flu.,ok,Sentence,心理動詞
3566,l think Bill is really liking this performance.,ok,Sentence,心理動詞
3567,Sue is truly hating the sea-urchin sushi.,ok,Sentence,心理動詞
3568,The distant rumbling frightened Mary.,ok,Sentence,心理動詞
3569,The distant rumbling frightened Mary of another tornado.,*,Sentence,心理動詞
3570,The television set worried John.,ok,Sentence,心理動詞
3571,"The television set worried John about the veracity of Bill’s
alibi.",*,Sentence,心理動詞
3572,The movie frightened Mary of the ghost.,*,Sentence,心理動詞
3573,John frightened Mary of the ghost.,*,Sentence,心理動詞
3574,Sue’s remarks aroused us to action.,ok,Sentence,心理動詞
3575,The rain discouraged us from our tasks.,ok,Sentence,心理動詞
3576,These remarks inclined us toward the more difficult course.,ok,Sentence,心理動詞
3577,The Loom of Language interested many people in linguistics.,?,Sentence,心理動詞
3578,Mary’s lecture interested me in mathematics.,?,Sentence,心理動詞
3579,The Chinese dinner satisfied Bill with his trip to Beijing.,*,Sentence,心理動詞
3580,Mary satisfied Bill with her trip to Beijing.,ok,Sentence,心理動詞
3581,Linda sprayed water on the plants.,ok,Sentence,場所格交替動詞
3582,Linda sprayed the plants with water.,ok,Sentence,場所格交替動詞
3583,pour tea into a cup,ok,Verb Phrase,場所格交替動詞
3584,pour a cup with tea,*,Verb Phrase,場所格交替動詞
3585,Bees are swarming in the garden.,ok,Sentence,場所格交替動詞
3586,The garden was swarming with bees.,ok,Sentence,場所格交替動詞
3587,Henry cleared dishes from the table.,ok,Sentence,場所格交替動詞
3588,Henry cleared the table of dishes.,ok,Sentence,場所格交替動詞
3589,clear of snow,ok,Noun Phrase,場所格交替動詞
3590,clean of bugs,ok,Noun Phrase,場所格交替動詞
3591,empty of water,ok,Noun Phrase,場所格交替動詞
3592,rid the house of rats,ok,Verb Phrase,場所格交替動詞
3593,A mugger robbed me of all my money.,ok,Sentence,場所格交替動詞
3594,Clouds cleared from the sky.,ok,Sentence,場所格交替動詞
3595,The sky cleared.,ok,Sentence,場所格交替動詞
3596,The sky cleared of clouds.,?,Sentence,場所格交替動詞
3597,The deer congregated in the glade.,ok,Sentence,場所格交替動詞
3598,The glade congregated with the deer.,*,Sentence,場所格交替動詞
3599,Couples danced over the floor.,ok,Sentence,場所格交替動詞
3600,The floor danced with couples.,*,Sentence,場所格交替動詞
3601,Enthusiasm danced in his eye.,ok,Sentence,場所格交替動詞
3602,His eyes danced with enthusiasm.,ok,Sentence,場所格交替動詞
3603,A vision of success danced in his head.,ok,Sentence,場所格交替動詞
3604,His head danced with visions of success.,ok,Sentence,場所格交替動詞
3605,His head was adance with visions of success.,ok,Sentence,場所格交替動詞
3606,Fireflies danced over the flowers.,ok,Sentence,場所格交替動詞
3607,The flowers were adance with fireflies.,ok,Sentence,場所格交替動詞
3608,Henry loaded hay onto the wagon.,ok,Sentence,場所格交替動詞
3609,Henry loaded the wagon with hay.,ok,Sentence,場所格交替動詞
3610,Carla squeezed the lemon.,ok,Sentence,場所格交替動詞
3611,Carla squeezed the juice out of the lemon.,ok,Sentence,場所格交替動詞
3612,She cracked the egg with a hammer.,ok,Sentence,場所格交替動詞
3613,Tamara poured water into the bowl.,ok,Sentence,場所格交替動詞
3614,Tamara poured the bowl with water.,*,Sentence,場所格交替動詞
3615,They packed the crack with oakum.,ok,Sentence,場所格交替動詞
3616,They packed oakum into the crack.,ok,Sentence,場所格交替動詞
3617,She soaked the sponge with water.,ok,Sentence,場所格交替動詞
3618,She soaked water into the sponge.,*,Sentence,場所格交替動詞
3619,They inundated the field with water.,ok,Sentence,場所格交替動詞
3620,They inundated water onto the field.,*,Sentence,場所格交替動詞
3621,The vandal sprayed the statue with paint.,ok,Sentence,場所格交替動詞
3622,John loaded the vans with tubes.,ok,Sentence,場所格交替動詞
3623,John filled the vans with tubes.,ok,Sentence,場所格交替動詞
3624,Bill loaded the hay onto the truck.,ok,Sentence,場所格交替動詞
3625,Bill loaded the truck with the hay.,ok,Sentence,場所格交替動詞
3626,Midges swarmed in the night air.,ok,Sentence,場所格交替動詞
3627,The night air swarmed with midges.,ok,Sentence,場所格交替動詞
3628,Sam loaded the hay.,??,Sentence,場所格交替動詞
3629,Sam loaded the truck.,ok,Sentence,場所格交替動詞
3630,He crammed toothpicks.,ok,Sentence,場所格交替動詞
3631,He crammed toothpicks into the jar.,*,Sentence,場所格交替動詞
3632,He crammed the jar.,ok,Sentence,場所格交替動詞
3633,He crammed the jar with toothpicks.,ok,Sentence,場所格交替動詞
3634,She stuffed another book.,ok,Sentence,場所格交替動詞
3635,She stuffed another book into the bookcase.,*,Sentence,場所格交替動詞
3636,She stuffed the bookcase.,ok,Sentence,場所格交替動詞
3637,She stuffed the bookcase with another book.,ok,Sentence,場所格交替動詞
3638,John covered the baby with a blanket.,ok,Sentence,場所格交替動詞
3639,Kelly buttered the bread with unsalted butter.,ok,Sentence,場所格交替動詞
3640,The garden is swarming with bees.,ok,Sentence,場所格交替動詞
3641,The trees were heavy with fruit.,ok,Sentence,場所格交替動詞
3642,We buttered the bread with cheap margarine.,ok,Sentence,場所格交替動詞
3643,We buttered the bread with cheap butter.,?,Sentence,場所格交替動詞
3644,We buttered the bread with cheap something.,?,Sentence,場所格交替動詞
3645,We buttered the bread with cheap pineapple juice.,*,Sentence,場所格交替動詞
3646,The tank filled.,ok,Sentence,場所格交替動詞
3647,The tank filled with water.,ok,Sentence,場所格交替動詞
3648,Martha looked up Bill’s address in the directory.,ok,Sentence,句動詞
3649,Martha looked Bill’s address up.,ok,Sentence,句動詞
3650,Harry ran up the stairs.,ok,Sentence,句動詞
3651,Harry ran the stairs up.,*,Sentence,句動詞
3652,I didn’t say to call up HER.,ok,Sentence,句動詞
3653,I didn’t say to call up her.,*,Sentence,句動詞
3654,They called on him.,ok,Sentence,句動詞
3655,The mine caved quickly in.,*,Sentence,句動詞
3656,All the dogs ran quickly in.,ok,Sentence,句動詞
3657,"He sped up the process, and she, up the distribution.",*,Sentence,句動詞
3658,"He sped up the street, and she, up the alleyway.",ok,Sentence,句動詞
3659,He tossed upward the ball.,*,Sentence,句動詞
3660,He tossed up the ball.,ok,Sentence,句動詞
3661,He tossed the ball up.,ok,Sentence,句動詞
3662,The shock touched off the explosion.,ok,Sentence,句動詞
3663,The shock touched the explosion off.,ok,Sentence,句動詞
3664,I called the man you met up.,*,Sentence,句動詞
3665,I called almost all the men from Boston up.,ok,Sentence,句動詞
3666,We elected president my father.,*,Sentence,句動詞
3667,"We elected president my father, who had just turned 60.",ok,Sentence,句動詞
3668,John put some toys.,*,Sentence,句動詞
3669,John put some toys in the garage.,ok,Sentence,句動詞
3670,John put some toys away.,ok,Sentence,句動詞
3671,John put some toys down.,ok,Sentence,句動詞
3672,John put some toys back.,ok,Sentence,句動詞
3673,John put some toys out.,ok,Sentence,句動詞
3674,Into the dungeon with that traitor!,ok,Sentence,句動詞
3675,Down with the leadership!,ok,Sentence,句動詞
3676,Out the Window jumped the cat!,ok,Sentence,句動詞
3677,Out jumped the cat !,ok,Sentence,句動詞
3678,right at home,ok,Noun Phrase,句動詞
3679,right up the street,ok,Noun Phrase,句動詞
3680,right before dinner,ok,Noun Phrase,句動詞
3681,came right in,ok,Verb Phrase,句動詞
3682,put the toys right back,ok,Verb Phrase,句動詞
3683,look it right up,ok,Verb Phrase,句動詞
3684,He put right back the toys.,*,Sentence,句動詞
3685,They looked right up the number.,*,Sentence,句動詞
3686,The looking of the information up took a long time.,*,Sentence,句動詞
3687,The taking of privileges away is a dangerous enterprise.,*,Sentence,句動詞
3688,John considered Bill honest.,ok,Sentence,句動詞
3689,John's consideration of Bill honest,*,Noun Phrase,句動詞
3690,The cold weather has worn John’s sister out.,ok,Sentence,句動詞
3691,Who has the cold weather worn the sister of out?,*,Sentence,句動詞
3692,The cold weather has gotten John’s sister quite depressed.,ok,Sentence,句動詞
3693,Who has the cold weather gotten the sister of quite depressed?,*,Sentence,句動詞
3694,John teamed with Bill up.,*,Sentence,句動詞
3695,John teamed up with Bill.,ok,Sentence,句動詞
3696,John gave immediately up.,*,Sentence,句動詞
3697,John gave up immediately.,ok,Sentence,句動詞
3698,They are trying to make that he's a drunkard out.,*,Sentence,句動詞
3699,John turned the radio off.,ok,Sentence,句動詞
3700,John stared Bill down.,ok,Sentence,句動詞
3701,John made Bill unhappy.,ok,Sentence,句動詞
3702,John turned off the radio.,ok,Sentence,句動詞
3703,John stared down Bill.,ok,Sentence,句動詞
3704,John looked the information up.,ok,Sentence,句動詞
3705,John looked up the information.,ok,Sentence,句動詞
3706,John look-up-ed the information.,*,Sentence,句動詞
3707,John looked up it.,* (up が前置詞で「見上げる」 ならok),Sentence,句動詞
3708,They handed down John the tools.,*?,Sentence,句動詞
3709,They're trying to make out John a liar.,*?,Sentence,句動詞
3710,John called up Bill.,ok,Sentence,句動詞
3711,John's calling up of Bill,ok,Noun Phrase,句動詞
3712,John called Bill dumb.,ok,Sentence,句動詞
3713,John's calling dumb of Bill.,*,Sentence,句動詞
3714,The relationship seemed broken up.,ok,Sentence,句動詞
3715,a looked up number,ok,Noun Phrase,句動詞
3716,We can’t make out whether he is lying or not.,ok,Sentence,句動詞
3717,We can’t make whether he is lying or not.,*,Sentence,句動詞
3718,Fill in whether you are married or not.,ok,Sentence,句動詞
3719,Fill whether you are married or not.,*,Sentence,句動詞
3720,"Gary looked up Sam’s number, and Mittie, my number.",ok,Sentence,句動詞
3721,think through a problem in an hour,ok,Verb Phrase,句動詞
3722,think through a problem for an hour,*,Verb Phrase,句動詞
3723,think a problem through in an hour,ok,Verb Phrase,句動詞
3724,think a problem through for an hour,*,Verb Phrase,句動詞
3725,look up a name in the phonebook in an hour,ok,Verb Phrase,句動詞
3726,look up a name in the phonebook for an hour,*,Verb Phrase,句動詞
3727,look a name up in the phone book in an hour,ok,Verb Phrase,句動詞
3728,look a name up in the phone book for an hour,*,Verb Phrase,句動詞
3729,look at a photograph in an hour,*,Verb Phrase,句動詞
3730,look at a photograph for an hour,ok,Verb Phrase,句動詞
3731,think about a problem in an hour,*,Verb Phrase,句動詞
3732,think about a problem for an hour,ok,Verb Phrase,句動詞
3733,William pounded the cookie dough flat in five minutes.,ok,Sentence,句動詞
3734,William pounded the cookie dough for five minutes.,ok,Sentence,句動詞
3735,I want to eat a hot dog now.,ok,Sentence,成句
3736,We pulled Tom’s leg.,ok,Sentence,成句
3737,It’s raining cats and dogs.,ok,Sentence,成句
3738,"By and large, I agree with you.",ok,Sentence,成句
3739,How do you do?,ok,Sentence,成句
3740,The old lady kicked a bucket.,ok,Sentence,成句
3741,The old lady kicked the bucket.,ok,Sentence,成句
3742,The old lady kicked the buckets.,ok,Sentence,成句
3743,Did the old lady kick the bucket?,ok,Sentence,成句
3744,The bucket was kicked by the old lady.,ok,Sentence,成句
3745,The old lady’s kicking of the bucket surprised us.,ok,Sentence,成句
3746,toe the line,ok,Verb Phrase,成句
3747,red herring,ok,Noun Phrase,成句
3748,butter up,ok,Verb Phrase,成句
3749,swallow one's pride,ok,Verb Phrase,成句
3750,stir up trouble,ok,Verb Phrase,成句
3751,float a loan,ok,Noun Phrase,成句
3752,pop the question,ok,Verb Phrase,成句
3753,pass the buck,ok,Verb Phrase,成句
3754,foot the bill,ok,Verb Phrase,成句
3755,stretch a point,ok,Verb Phrase,成句
3756,draw the line,ok,Verb Phrase,成句
3757,break the ice,ok,Verb Phrase,成句
3758,line one's pocket,ok,Verb Phrase,成句
3759,ring a bell,ok,Verb Phrase,成句
3760,hit the ceiling,ok,Verb Phrase,成句
3761,throw in the sponge,ok,Verb Phrase,成句
3762,push the panic button,ok,Verb Phrase,成句
3763,carry the torch,ok,Verb Phrase,成句
3764,take the fifth,ok,Verb Phrase,成句
3765,kick the bucket,ok,Verb Phrase,成句
3766,shoot the breeze,ok,Verb Phrase,成句
3767,take a powder,ok,Verb Phrase,成句
3768,chew the fat,ok,Verb Phrase,成句
3769,give a damn,ok,Verb Phrase,成句
3770,hit the spot,ok,Verb Phrase,成句
3771,play hooky,ok,Verb Phrase,成句
3772,come by,ok,Verb Phrase,成句
3773,go for,ok,Verb Phrase,成句
3774,turn up,ok,Verb Phrase,成句
3775,bite the dust,ok,Verb Phrase,成句
3776,do a guy,ok,Verb Phrase,成句
3777,build castle in the air,ok,Verb Phrase,成句
3778,be completely at sea,ok,Verb Phrase,成句
3779,back and forth,ok,Noun Phrase,成句
3780,by and large,ok,Noun Phrase,成句
3781,far and away,ok,Noun Phrase,成句
3782,have two strikes against one,ok,Verb Phrase,成句
3783,Too many cooks spoil the broth.,ok,Sentence,成句
3784,Brevity is the soul of wit.,ok,Sentence,成句
3785,pull powerful strings,ok,Verb Phrase,成句
3786,pull some powerful strings,ok,Verb Phrase,成句
3787,pull hidden strings,ok,Verb Phrase,成句
3788,pull some hidden strings,ok,Verb Phrase,成句
3789,pull uniquely strings,ok,Verb Phrase,成句
3790,pull some uniquely strings,ok,Verb Phrase,成句
3791,pull available strings,ok,Verb Phrase,成句
3792,pull some available strings,ok,Verb Phrase,成句
3793,ring a familiar bell,ok,Verb Phrase,成句
3794,ring a loud bell,ok,Verb Phrase,成句
3795,hit the books,ok,Verb Phrase,成句
3796,hit a book,ok,Verb Phrase,成句
3797,hit the book,ok,Verb Phrase,成句
3798,John kicked the bucket.,ok,Sentence,成句
3799,The bucket was kicked by John.,ok,Sentence,成句
3800,Sam’s kicking of the bucket,ok,Noun Phrase,成句
3801,pull one's leg,ok,Verb Phrase,成句
3802,bury the hatchet,ok,Verb Phrase,成句
3803,spill the beans,ok,Verb Phrase,成句
3804,pop the question,ok,Verb Phrase,成句
3805,kick the bucket,ok,Verb Phrase,成句
3806,sit on pins and needles,ok,Verb Phrase,成句
3807,shoot the bull,ok,Verb Phrase,成句
3808,blow one's top,ok,Verb Phrase,成句
3809,John’s hitting the ball,ok,Sentence,成句
3810,John hit the ball.,ok,Sentence,成句
3811,John read the class the riot act.,ok,Sentence,成句
3812,John read the riot act to the class.,ok,Sentence,成句
3813,John has put some weight on.,ok,Sentence,成句
3814,John has put on some weight.,ok,Sentence,成句
3815,The law was laid down by John.,ok,Sentence,成句
3816,John laid down the law.,ok,Sentence,成句
3817,His laying down of the law to his daughter,ok,Noun Phrase,成句
3818,He laid down the law to his daughter.,ok,Sentence,成句
3819,Tom might not have been swimming.,ok,Sentence,助動詞・法助動詞
3820,"Tom must have been being examined by the doctor, and Mary might, too.",ok,Sentence,助動詞・法助動詞
3821,"Tom must have been being examined by the doctor, and Mary might have, too.",ok,Sentence,助動詞・法助動詞
3822,"Tom must have been being examined by the doctor, and Mary might have been, too.",ok,Sentence,助動詞・法助動詞
3823,"Tom must have been being examined by the doctor, and Mary might have been being, too.",*,Sentence,助動詞・法助動詞
3824,Tom might have been singing.,ok,Sentence,助動詞・法助動詞
3825,They said that Tom might have been singing and so he might.,ok,Sentence,助動詞・法助動詞
3826,They said that Tom might have been singing and so he might have.,ok,Sentence,助動詞・法助動詞
3827,They said that Tom might have been singing and so he might have been.,ok,Sentence,助動詞・法助動詞
3828,"They said that Tom might have been sleeping, which he might.",ok,Sentence,助動詞・法助動詞
3829,"They said that Tom might have been sleeping, which he might have.",ok,Sentence,助動詞・法助動詞
3830,"They said that Tom might have been sleeping, which he might have been.",ok,Sentence,助動詞・法助動詞
3831,For John not to have left disturbs me.,ok,Sentence,助動詞・法助動詞
3832,For John to have not left disturbs me.,?*,Sentence,助動詞・法助動詞
3833,"John couldn’t have been studying Spanish, but Bill could.",ok,Sentence,助動詞・法助動詞
3834,"John couldn’t have been studying Spanish, but Bill could have.",ok,Sentence,助動詞・法助動詞
3835,"John couldn’t have been studying Spanish, but Bill could have been.",ok,Sentence,助動詞・法助動詞
3836,"John couldn’t have been studying Spanish, but Bill could have been sutdying Spanish.",ok,Sentence,助動詞・法助動詞
3837,"They swore that John might have been taking heroin, and taking heroin he might have been!",ok,Sentence,助動詞・法助動詞
3838,"They swore that John might have been taking heroin, and been taking heroin he might have!",*,Sentence,助動詞・法助動詞
3839,"They swore that John might have been taking heroin, and have been taking heroin he might!",*,Sentence,助動詞・法助動詞
3840,"They all said that John was being followed, and being followed he was!",ok,Sentence,助動詞・法助動詞
3841,"They all said that John was being followed, and followed he was being!",*,Sentence,助動詞・法助動詞
3842,"They all said that John was watched by the FBI, and watched by the FBI he was!",ok,Sentence,助動詞・法助動詞
3843,John kisses not Mary.,*,Sentence,助動詞・法助動詞
3844,Likes he Mary?,*,Sentence,助動詞・法助動詞
3845,John kisses often Mary.,*,Sentence,助動詞・法助動詞
3846,John often kisses Mary.,ok,Sentence,助動詞・法助動詞
3847,He hasn't understood.,ok,Sentence,助動詞・法助動詞
3848,Has he understood?,ok,Sentence,助動詞・法助動詞
3849,He is seldom satisfied.,ok,Sentence,助動詞・法助動詞
3850,John has driven the car.,ok,Sentence,助動詞・法助動詞
3851,John may go home.,ok,Sentence,助動詞・法助動詞
3852,John must sleep in the car.,ok,Sentence,助動詞・法助動詞
3853,John won't eat his supper.,ok,Sentence,助動詞・法助動詞
3854,John won’t confess to the crime.,ok,Sentence,助動詞・法助動詞
3855,The crime won’t be confessed to.,ok,Sentence,助動詞・法助動詞
3856,John may kill you.,ok,Sentence,助動詞・法助動詞
3857,You may be killed by John.,ok,Sentence,助動詞・法助動詞
3858,You may be singing now.,ok,Sentence,助動詞・法助動詞
3859,He must have gone.,ok,Sentence,助動詞・法助動詞
3860,"If you will eat your spinach, I’ll give you a dessert.",ok,Sentence,助動詞・法助動詞
3861,"If it will rain, we’ll stay home.",*,Sentence,助動詞・法助動詞
3862,"If there will be a fight, we’ll stay home.",*,Sentence,助動詞・法助動詞
3863,"It is now getting quite to find choirboys old enough to
behave in church who can still sing treble.",ok,Sentence,助動詞・法助動詞
3864,Every believer can be a faithful distributor of the gospel.,ok,Sentence,助動詞・法助動詞
3865,All we can do is rake up somebody like Piers Plowman who was a literary oddity.,ok,Sentence,助動詞・法助動詞
3866,You can’t see him because he’s having lunch with a publisher.,ok,Sentence,助動詞・法助動詞
3867,John must be home by ten; Mother won’t let him stay out any longer.,ok,Sentence,助動詞・法助動詞
3868,John must be home already; I see his coat.,ok,Sentence,助動詞・法助動詞
3869,"He may be a university professor, but he sure is dumb.",ok,Sentence,助動詞・法助動詞
3870,"There may be a six-pack in the fridge, but we have work to do.",ok,Sentence,助動詞・法助動詞
3871,John must be easy to talk to.,ok,Sentence,助動詞・法助動詞
3872,John should be easy to talk to.,ok,Sentence,助動詞・法助動詞
3873,John should be hard to talk to.,?,Sentence,助動詞・法助動詞
3874,You’re going to be fired if you ever go near his computer.,?,Sentence,助動詞・法助動詞
3875,You’ll be fired if you ever go near his computer.,ok,Sentence,助動詞・法助動詞
3876,You’re going to be fired if you go on like this.,ok,Sentence,助動詞・法助動詞
3877,Can somebody visit John tomorrow?,ok,Sentence,助動詞・法助動詞
3878,I’m going to visit him.,ok,Sentence,助動詞・法助動詞
3879,I'll visit him.,ok,Sentence,助動詞・法助動詞
3880,Who is doing what?,ok,Sentence,助動詞・法助動詞
3881,The painters can paint the doors.,ok,Sentence,助動詞・法助動詞
3882,John will resemble his father.,ok,Sentence,準助動詞
3883,John is going to resemble his father.,ok,Sentence,準助動詞
3884,John can speak English.,ok,Sentence,準助動詞
3885,John is able to speak English.,ok,Sentence,準助動詞
3886,John must go.,ok,Sentence,準助動詞
3887,John has to go.,ok,Sentence,準助動詞
3888,John has got to go.,ok,Sentence,準助動詞
3889,The President seems to be to visit Nigeria next month.,*,Sentence,準助動詞
3890,John seems to be going to resemble his father.,*,Sentence,準助動詞
3891,In my job I have to travel a lot.,ok,Sentence,準助動詞
3892,In my job I must travel a lot.,??,Sentence,準助動詞
3893,I usually have to get to work at eight.,ok,Sentence,準助動詞
3894,I usually have got to get to work at eight.,*,Sentence,準助動詞
3895,I've to go.,*,Sentence,準助動詞
3896,I've got to go.,ok,Sentence,準助動詞
3897,I’m having to work very hard at the moment.,ok,Sentence,準助動詞
3898,I’m having got to work very hard at the moment.,*,Sentence,準助動詞
3899,Joe isn’t going to have to be able to pay a red cent.,ok,Sentence,準助動詞
3900,Joe isn’t prepared to try to budge.,*,Sentence,準助動詞
3901,Joe has to be able to think.,ok,Sentence,準助動詞
3902,Joe is able to have to think.,*,Sentence,準助動詞
3903,Marvin is able for Hinda to leave.,*,Sentence,準助動詞
3904,Marvin is about for Hinda to leave.,*,Sentence,準助動詞
3905,Marvin is going for Hinda to leave.,*,Sentence,準助動詞
3906,Someone is going to have to complain.,ok,Sentence,準助動詞
3907,"Bound to take stern measures, the administration lost popularity.",?,Sentence,準助動詞
3908,"Compared to take stern measures, the administration lost
popularity.",ok,Sentence,準助動詞
3909,"He’s keen to leave, but isn't able.",ok,Sentence,準助動詞
3910,"He’s keen to leave, but isn't about.",*,Sentence,準助動詞
3911,He’s very willing to organize people.,ok,Sentence,準助動詞
3912,He’s very able to organize people.,*,Sentence,準助動詞
3913,He was obliged by his employers to settle for early retirement.,ok,Sentence,準助動詞
3914,He's bound by his knowledge to give the right answer.,*,Sentence,準助動詞
3915,He's meant by his friends to arrive at six.,*,Sentence,準助動詞
3916,"You're supposed by the authorities to register any change of
address.",*,Sentence,準助動詞
3917,My girl must be home by ten.,ok,Sentence,準助動詞
3918,My girl has to be home by ten.,ok,Sentence,準助動詞
3919,The garage must be cleaned up before we can use it.,ok,Sentence,準助動詞
3920,The garage has to be cleaned up before we can use it.,ok,Sentence,準助動詞
3921,I’ve got to vomit.,ok,Sentence,準助動詞
3922,I have to yawn.,ok,Sentence,準助動詞
3923,I have to scratch.,ok,Sentence,準助動詞
3924,I must blow my nose.,ok,Sentence,準助動詞
3925,I have to blow my nose.,ok,Sentence,準助動詞
3926,Adam must go to the john.,ok,Sentence,準助動詞
3927,Adam has to go to the john.,ok,Sentence,準助動詞
3928,Charles felt that he must certainly vomit within the next ninety seconds.,ok,Sentence,準助動詞
3929,I must buy a new car by the end of May.,ok,Sentence,準助動詞
3930,I have to buy a new car by the end of May.,ok,Sentence,準助動詞
3931,I've got to buy a new car by the end of May.,ok,Sentence,準助動詞
3932,I’ll have to buy a new car by the end of May.,ok,Sentence,準助動詞
3933,I must buy a new car pretty soon.,?,Sentence,準助動詞
3934,I have to buy a new car pretty soon.,?,Sentence,準助動詞
3935,I've got to buy a new car pretty soon.,?,Sentence,準助動詞
3936,I’ll have to buy a new car pretty soon.,ok,Sentence,準助動詞
3937,Archibald has got a blue Mercedes.,ok,Sentence,準助動詞
3938,Archibald has a blue Mercedes.,ok,Sentence,準助動詞
3939,Archibald has gotten a blue Mercedes.,ok,Sentence,準助動詞
3940,Dr. Kohler had a problem.,ok,Sentence,準助動詞
3941,Dr. Kohler had got a problem.,*,Sentence,準助動詞
3942,Dr. Kohler seems to have a problem.,ok,Sentence,準助動詞
3943,Dr. Kohler seems to have got a problem.,*,Sentence,準助動詞
3944,Jeff has to be back at school by 8 P.M.,ok,Sentence,準助動詞
3945,Jeff has got to be back at school by 8 P.M.,ok,Sentence,準助動詞
3946,"Bill believes that Archibald has got a Mercedes, and he dose.",ok,Sentence,準助動詞
3947,"Bill believes that Archibald has got a Mercedes, and he has.",?*,Sentence,準助動詞
3948,"Archibald has got a Mercedes, doesn't he?",ok,Sentence,準助動詞
3949,"Archibald has got a Mercedes, hasn't he?",?*,Sentence,準助動詞
3950,Tommy gots one.,ok,Sentence,準助動詞
3951,John will have to go.,ok,Sentence,準助動詞
3952,John will have got to go.,*,Sentence,準助動詞
3953,"John has got to go, doesn’t he?",ok,Sentence,準助動詞
3954,"John has got to go, and Mary does too. ",ok,Sentence,準助動詞
3955,"John has got to go, hasn’t he?",ok,Sentence,準助動詞
3956,"John has got to go, and Mary has too.",ok,Sentence,準助動詞
3957,I’ve cut my finger.,ok,Sentence,相
3958,I’m reading Hamlet.,ok,Sentence,相
3959,"John couldn’t have been studying Spanish, but Bill could.",ok,Sentence,相
3960,"John couldn’t have been studying Spanish, but Bill could have.",ok,Sentence,相
3961,"John couldn’t have been studying Spanish, but Bill could have been.",ok,Sentence,相
3962,"John couldn’t have been studying Spanish, but Bill could have been studying Spanish.",ok,Sentence,相
3963,John had been smoking pot.,ok,Sentence,相
3964,John is having slept long.,*,Verb Phrase,相
3965,Our samples are containing protein.,*,Sentence,相
3966,Our samples are containing more protein every day.,ok,Sentence,相
3967,Harry ate the apple.,ok,Sentence,相
3968,Harry was eating an apple.,ok,Sentence,相
3969,Steve wants goes to Vermont.,*,Sentence,相
3970,Steve wants went to Vermont.,*,Sentence,相
3971,Steve wants will go to Vermont.,*,Sentence,相
3972,Steve wants to be going to Vermont.,ok,Sentence,相
3973,I began running down the road.,ok,Sentence,相
3974,He began being obnoxious.,ok,Sentence,相
3975,They began being watched by the FBI.,ok,Sentence,相
3976,He began being running down the road.,*,Verb Phrase,相
3977,He began to have finished the work.,*,Sentence,相
3978,I saw him be running down the road.,*,Sentence,相
3979,I saw him being running down the road.,*,Verb Phrase,相
3980,I saw him having finished his work.,*,Sentence,相
3981,"We’ll try to make him be singing “Coming through the Rye""
when Mary walks in the room.",ok,Sentence,相
3982,We let him have eaten supper by 4 o’clock.,*,Sentence,相
3983," If I could rewrite Russian history, I would let the revolution have already taken place by the time Lenin was born.",ok,Sentence,相
3984,We saw the revolution have already taken place by the time Lenin was born.,*,Sentence,相
3985,I made there be a ten minutes’ recess.,ok,Sentence,相
3986,I saw there be a ten minutes’ recess.,*,Sentence,相
3987,John kisses often Mary.,*,Sentence,相
3988,John often kisses Mary.,ok,Sentence,相
3989,John eats not chocolate.,*,Sentence,相
3990,John does not eat chocolate.,ok,Sentence,相
3991,He is seldom satisfied.,ok,Sentence,相
3992,John is not happy.,ok,Sentence,相
3993,John does not be happy.,*,Sentence,相
3994,He hasn't understand.,ok,Sentence,相
3995,John hasn't a car.,ok,Sentence,相
3996,There is a solution.,ok,Sentence,相
3997,Is there a solution?,ok,Sentence,相
3998,There is not a solution.,ok,Sentence,相
3999,"They all said that John was being obnoxious before I arrived, and being obnoxious he was.",ok,Sentence,相
4000,"They all said that John was being obnoxious before I arrived, and obnoxious he was being.",*,Sentence,相
4001,"John said he was going to be obnoxious, and obnoxious he will be.",ok,Sentence,相
4002,"John said he was going to be obnoxious, and be obnoxious he
will.",*,Sentence,相
4003,"John slept, and Mary will too.",ok,Sentence,相
4004,"John slept, and Mary will sleep too.",ok,Sentence,相
4005,"John was here, and Mary will too.",*,Sentence,相
4006,"John was here, and Mary will be here too.",*,Sentence,相
4007,"John has left, but Mary shouldn’t.",*,Sentence,相
4008,"John has left, but Mary shouldn’t have left.",*,Sentence,相
4009,The children have been very good here. I wish they would at home.,?*,Sentence,相
4010,"The children have been very good here. I wish they would be
good at home.",?*,Sentence,相
4011,"John was being obnoxious, and Mary will too.",*,Sentence,相
4012,"John was being obnoxious, and Mary will be obnoxious too.",*,Sentence,相
4013,"Mary was honest, and John was, too.",ok,Sentence,相
4014,"Mary was honest, and John was honest, too.",ok,Sentence,相
4015,"John would be a good doctor, and Bill would be, too.",ok,Sentence,相
4016,"John would be a good doctor, and Bill would be a good
doctor, too.",ok,Sentence,相
4017,"John is being noisy, and Bill is, too.",ok,Sentence,相
4018,"John is being noisy, and Bill is being noisy, too.",ok,Sentence,相
4019,"John is being noisy, and Bill is being, too.",*,Sentence,相
4020,John tried to be patient because Mary wanted him to.,ok,Sentence,相
4021,"John tried to be patient because Mary wanted him to be
patient.",ok,Sentence,相
4022,John tried to be patient because Mary wanted him to be.,ok,Sentence,相
4023,"I believe John to be a genius, but Mary doesn’t believe him to
be.",ok,Sentence,相
4024,"I believe John to be a genius, but Mary doesn’t believe him to
be a genius.",ok,Sentence,相
4025,"I believe John to be a genius, but Mary doesn’t believe him to.",*,Sentence,相
4026,"I can’t gurantee that Jack is working right this moment, but he
seems to be.",ok,Sentence,相
4027,"I can’t gurantee that Jack is working right this moment, but he
seems to be working.",ok,Sentence,相
4028,"I can’t gurantee that Jack is working right this moment, but
he seems to.",*,Sentence,相
4029,"John must be tall and Mary must be, too.",ok,Sentence,相
4030,"John must be tall and Mary must be tall, too.",ok,Sentence,相
4031,"John must be tall and Mary must, too.",*,Sentence,相
4032,"Peter must be polite to his parents, and you must be, too.",ok,Sentence,相
4033,"Peter must be polite to his parents, and you must be polite to
his parents, too.",ok,Sentence,相
4034,"Peter must be polite to his parents, and you must, too.",ok,Sentence,相
4035,"When is the building going to be demolished? It already is
being.",ok,Sentence,相
4036,"When is the building going to be demolished? It already is
being demolished.",ok,Sentence,相
4037,"Is John unkind then? Not usually, but he is being at
the moment.",ok,Sentence,相
4038,"Is John unkind then? Not usually, but he is being unkind at
the moment.",ok,Sentence,相
4039,Sam was being examined by a psychiatrist at the moment and Bill was Being too.,ok,Sentence,相
4040,Sam was being examined by a psychiatrist at the moment and Bill was Being examined too.,ok,Sentence,相
4041,Mary could have worked hard and Bill might have too.,ok,Sentence,相
4042,"Mary could have worked hard and Bill might have worked
hard too.",ok,Sentence,相
4043,Mary could have worked hard and Bill might.,*,Sentence,相
4044,And I think she might have said something to you one day ------ or he might.,ok,Sentence,相
4045,And I think she might have said something to you one day ------ or he might have said something to you one day.,ok,Sentence,相
4046,Probably Thomas read the book completely.,ok,Sentence,副詞
4047,Evidently John has lost his mind.,ok,Sentence,副詞
4048,Probably John has lost his mind.,ok,Sentence,副詞
4049,John evidently has lost his mind.,ok,Sentence,副詞
4050,John probably has lost his mind.,ok,Sentence,副詞
4051,John has evidently lost his mind.,ok,Sentence,副詞
4052,John has probably lost his mind.,ok,Sentence,副詞
4053,John will have evidently lost his mind.,*,Sentence,副詞
4054,John will have probably lost his mind.,*,Sentence,副詞
4055,John will have lost his mind evidently.,*,Sentence,副詞
4056,John will have lost his mind probably.,*,Sentence,副詞
4057,"John will have lost his mind, evidently.",ok,Sentence,副詞
4058,"John will have lost his mind, probably.",ok,Sentence,副詞
4059,Completely John has read the book.,*,Sentence,副詞
4060,Easily John has read the book.,*,Sentence,副詞
4061,John completely has read the book.,*,Sentence,副詞
4062,John easily has read the book.,*,Sentence,副詞
4063,John has completely read the book.,ok,Sentence,副詞
4064,John has easily read the book.,ok,Sentence,副詞
4065,John will have completely read the book.,ok,Sentence,副詞
4066,John will have easily read the book.,ok,Sentence,副詞
4067,John will have read the book completely.,ok,Sentence,副詞
4068,John will have read the book easily.,ok,Sentence,副詞
4069,"John will have read the book, completely.",*,Sentence,副詞
4070,"John will have read the book, easily.",*,Sentence,副詞
4071,"Fortunately, John has probably examined the specimen.",ok,Sentence,副詞
4072,"Probably, John has fortunately examined the specimen.",*,Sentence,副詞
4073,"Carefully, he did not touch it.",*,Sentence,副詞
4074,Did he touch it carefully or did he touch it carelessly?,ok,Sentence,副詞
4075,"He did not touch it carefully, but he did touch it carelessly.",ok,Sentence,副詞
4076,"Probably, he did not touch it.",ok,Sentence,副詞
4077,"Therefore, he did not touch it.",ok,Sentence,副詞
4078,Did he touch it probably or certainly?,*,Sentence,副詞
4079,Did he touch it therefore or nevertheless?,*,Sentence,副詞
4080,He didn't touch it probably but certainly.,*,Sentence,副詞
4081,He didn't touch it therefore but nevertheless.,*,Sentence,副詞
4082,Will he be there tomorrow?,ok,Sentence,副詞
4083,"Yes, probably.",ok,Sentence,副詞
4084,"Yes, therefore.",*,Sentence,副詞
4085,"Seriously, do you intend to resign?",ok,Sentence,副詞
4086,"Candidly, do you intend to resign?",ok,Sentence,副詞
4087,"Probably, do you intend to resign?",*,Sentence,副詞
4088,"Certainly, do you intend to resign?",*,Sentence,副詞
4089,"Seriously, resign from your position.",ok,Sentence,副詞
4090,"Candidly, resign from your position.",ok,Sentence,副詞
4091,"Probably, resign from your position.",*,Verb Phrase,副詞
4092,"Certainly, resign from your position.",*,Sentence,副詞
4093,Cleverly John dropped his cup of coffee.,ok,Sentence,副詞
4094,"Cleverly, John dropped his cup of coffee.",ok,Sentence,副詞
4095,Clumsily John dropped his cup of coffee.,ok,Sentence,副詞
4096,"Clumsily, John dropped his cup of coffee.",ok,Sentence,副詞
4097,It was clever of John to drop his cup of coffee.,ok,Sentence,副詞
4098,It was clumsy of John to drop his cup of coffee.,ok,Sentence,副詞
4099,John dropped his cup of coffee cleverly.,ok,Sentence,副詞
4100,John dropped his cup of coffee clumsily.,ok,Sentence,副詞
4101,"The manner in which John dropped his cup of coffee was
clever.",ok,Sentence,副詞
4102,The manner in which John dropped his cup of coffee was clumsy.,ok,Sentence,副詞
4103,How did he answer their questions?,ok,Sentence,副詞
4104,He answered their questions foolishly.,ok,Sentence,副詞
4105,"Foolishly, he answered their questions.",*,Sentence,副詞
4106,"Deliberately, the rain fell.",*,Sentence,副詞
4107,"Resentfully, the water is boiling.",*,Sentence,副詞
4108,"John has avoided work, carefully.",?*,Sentence,副詞
4109,"Wisely, he didn’t accept the offer.",ok,Sentence,副詞
4110,"Rightly, he didn’t leave the proposals vague.",ok,Sentence,副詞
4111,"Proudly, he didn’t accept the award.",*,Sentence,副詞
4112,"Sadly, he didn’t roam the street.",*,Sentence,副詞
4113,Has John surprisingly arrived?,*,Sentence,副詞
4114,Has John probably come?,*,Sentence,副詞
4115,Has John certainly come?,*,Sentence,副詞
4116,Has John evidently come?,*,Sentence,副詞
4117,Will John probably come?,*,Sentence,副詞
4118,Will John certainly come?,*,Sentence,副詞
4119,Will John evidently come?,*,Sentence,副詞
4120,"If John were sane, he would probably accept the offer.",ok,Sentence,副詞
4121,"If John were sane, he would certainly accept the offer.",ok,Sentence,副詞
4122,"If John were sane, he would evidently accept the offer.",ok,Sentence,副詞
4123,"If John were sane, he would fortunately accept the offer.",*,Sentence,副詞
4124,"If John were sane, he would surprisingly accept the offer.",*,Sentence,副詞
4125,"If John were sane, he would lickily accept the offer.",*,Sentence,副詞
4126,"Improbably, John has come.",*,Sentence,副詞
4127,"Impossibly, John has come.",*,Sentence,副詞
4128,"Uncertainly, John has come.",*,Sentence,副詞
4129,"Not evidently, John has come.",*,Sentence,副詞
4130,"Not probably, John has come.",*,Sentence,副詞
4131,"Unfortunately, John has come.",ok,Sentence,副詞
4132,"Unluckily, John has come.",ok,Sentence,副詞
4133,"Not surprisingly, John has come.",ok,Sentence,副詞
4134,"Linguistically this example is interesting, but logically it is not.",ok,Sentence,副詞
4135,"Logically John is right, but morally he is not.",ok,Sentence,副詞
4136,John is immorally right.,*,Sentence,副詞
4137,John is illogically wrong.,*,Sentence,副詞
4138,John is morally wrong.,*,Sentence,副詞
4139,Is this book linguistically interesting?,ok,Sentence,副詞
4140,Is John logically wrong?,ok,Sentence,副詞
4141,Is John morally wrong?,ok,Sentence,副詞
4142,"Intentionaly, he didn’t write to them about it.",ok,Sentence,副詞
4143,"Deliberately, they didn’t send him the money.",ok,Sentence,副詞
4144,"Proudly, he didn’t write to them about it.",?,Sentence,副詞
4145,"Resentfully, they didn’t send him the money.",?,Sentence,副詞
4146,"Slowly, everyone left.",ok,Sentence,副詞
4147,Everyone left slowly.,ok,Sentence,副詞
4148,John lost completely his mind.,*,Sentence,副詞
4149,John lost easily his mind.,*,Sentence,副詞
4150,John worded the letter carefully.,ok,Sentence,副詞
4151,John carefully worded the letter.,*,Sentence,副詞
4152,The job paid us handsomely.,ok,Sentence,副詞
4153,The job handsomely paid us.,*,Sentence,副詞
4154,John learned French perfectly.,ok,Sentence,副詞
4155,John perfecrly learned French.,*,Sentence,副詞
4156,John recited his lines poorly.,ok,Sentence,副詞
4157,John poorly recited his lines.,*,Sentence,副詞
4158,Merely Albert is being a fool.,*,Sentence,副詞
4159,Simply Albert is being a fool.,*,Sentence,副詞
4160,Albert is merely being a fool.,ok,Sentence,副詞
4161,Albert is simply being a fool.,ok,Sentence,副詞
4162,Albert is being a fool merely.,*,Sentence,副詞
4163,Albert is being a fool simply.,*,Sentence,副詞
4164,Bill dropped the bananas quickly.,ok,Sentence,副詞
4165,Bill dropped the bananas with a crash.,ok,Sentence,副詞
4166,Bill quickly dropped the bananas.,ok,Sentence,副詞
4167,Bill with a crash dropped the bananas.,*,Sentence,副詞
4168,It was carefully that John cut the cake.,*,Sentence,副詞
4169,It was very carefully that John cut the cake.,ok,Sentence,副詞
4170,It was quite carefully that John cut the cake.,ok,Sentence,副詞
4171,Was it carefully that John cut the cake?,ok,Sentence,副詞
4172,It was not carefully that John cut the cake.,ok,Sentence,副詞
4173,"Frankly, John happily was climbing the walls of the garden.",ok,Sentence,副詞
4174,"Happily, John frankly was climbing the walls of the garden.",*,Sentence,副詞
4175,"Happily, John evidently was climbing the walls of the garden.",ok,Sentence,副詞
4176,"Evidently, John unfortunately was climbing the walls of the garden.",*,Sentence,副詞
4177,"Evidently, John cleverly was climbing the walls of the garden.",ok,Sentence,副詞
4178,"Cleverly, John evidently was climbing the walls of the garden.",*,Sentence,副詞
4179,"Frankly, John was slowly climbing the walls of the garden.",ok,Sentence,副詞
4180,"Happily, John was slowly climbing the walls of the garden.",ok,Sentence,副詞
4181,"Evidently, John was slowly climbing the walls of the garden.",ok,Sentence,副詞
4182,"Cleverly, John was slowly climbing the walls of the garden.",ok,Sentence,副詞
4183,"Slowly, John frankly was climbing the walls of the garden.",*,Sentence,副詞
4184,"Slowly, John happily was climbing the walls of the garden.",*,Sentence,副詞
4185,"Slowly, John evidently was climbing the walls of the garden.",*,Sentence,副詞
4186,"Slowly, John cleverly was climbing the walls of the garden.",*,Sentence,副詞
4187,No one possibly can leave early.,*,Sentence,副詞
4188,Possibly no one can leave early.,ok,Sentence,副詞
4189,the probable quick passing of the bill,ok,Noun Phrase,副詞
4190,the quick probable passing of the bill,*,Noun Phrase,副詞
4191,John thinks that Bill saved some cake for him.,ok,Sentence,代名詞・再帰代名詞
4192,John thinks that Bill saved some cake for himself.,ok,Sentence,代名詞・再帰代名詞
4193,Everyone loves his mother.,ok,Sentence,代名詞・再帰代名詞
4194,Everyone loves their mother.,ok,Sentence,代名詞・再帰代名詞
4195,"After John Adams woke up, he was hungry.",ok,Sentence,代名詞・再帰代名詞
4196,"After he woke up, John Adams was hungry.",ok,Sentence,代名詞・再帰代名詞
4197,John Adams was hungry after he woke up. ,ok,Sentence,代名詞・再帰代名詞
4198,He was hungry after John Adams woke up.,*(He≠John Adams),Sentence,代名詞・再帰代名詞
4199,His mother loves John.,ok,Sentence,代名詞・再帰代名詞
4200,"Near him, Dan saw a snake.",ok,Sentence,代名詞・再帰代名詞
4201,"Near Dan, he saw a snake.",*(Dan≠he),Sentence,代名詞・再帰代名詞
4202,"Near Dan, Dan saw a snake.",*,Sentence,代名詞・再帰代名詞
4203,John killed himself.,ok,Sentence,代名詞・再帰代名詞
4204,Mary looked at John's portrait of himself.,ok,Sentence,代名詞・再帰代名詞
4205,John looked at Mary's picture of himself.,*(John≠himself),Sentence,代名詞・再帰代名詞
4206,John saw him.,*(John≠him),Sentence,代名詞・再帰代名詞
4207,I saw John's picture of him.,*(John≠him),Sentence,代名詞・再帰代名詞
4208,John's brother killed him.,ok,Sentence,代名詞・再帰代名詞
4209,John's mother adores John.,ok,Sentence,代名詞・再帰代名詞
4210,John talked to Mary about herself.,ok,Sentence,代名詞・再帰代名詞
4211,John talked to Mary about her.,*(Mary≠her),Sentence,代名詞・再帰代名詞
4212,John found a snake near himself.,*(John≠himself),Sentence,代名詞・再帰代名詞
4213,John found a snake near him.,ok,Sentence,代名詞・再帰代名詞
4214,Which pictures of himself does John like?,ok,Sentence,代名詞・再帰代名詞
4215,Which pictures of John does he like?,?*(John≠he),Sentence,代名詞・再帰代名詞
4216,Which pictures that John took does he like?,ok,Sentence,代名詞・再帰代名詞
4217,Whose claim that John likes Mary did he deny?,*(John≠he),Sentence,代名詞・再帰代名詞
4218,Which claim that John made did he later deny?,ok,Sentence,代名詞・再帰代名詞
4219,Those who trusted John were betrayed by him repeatedly.,ok,Sentence,代名詞・再帰代名詞
4220,That Ali was the best boxer in the world was claimed by him repeatedly.,??(Ali≠him),Sentence,代名詞・再帰代名詞
4221,"Ali claimed, ""I am the best boxer in the world.”",ok,Sentence,代名詞・再帰代名詞
4222,"The adults in the picture are facing away from us, with the children placed behind them.",ok,Sentence,代名詞・再帰代名詞
4223,"The adults in the picture are facing away from us, with the children placed behind themselves.",ok,Sentence,代名詞・再帰代名詞
4224,John talked to Mary about himself.,ok,Sentence,代名詞・再帰代名詞
4225,Someone talked to Mary about himself.,??/?,Sentence,代名詞・再帰代名詞
4226,Mary talked to John about himself.,?,Sentence,代名詞・再帰代名詞
4227,Mary talked to a passerby about himself.,??,Sentence,代名詞・再帰代名詞
4228,Which pictures of John did he like?,*(John≠he),Sentence,代名詞・再帰代名詞
4229,Which pictures of the woman John married did he like?,ok,Sentence,代名詞・再帰代名詞
4230,Which advisor to the President does he trust most?,*(the President≠he),Sentence,代名詞・再帰代名詞
4231,Which advisor to the President’s wife does he trust most?,ok/?/??,Sentence,代名詞・再帰代名詞
4232,"As for myself, I won’t go to France.",ok,Sentence,代名詞・再帰代名詞
4233,They thought that pictures of each other were on sale.,ok,Sentence,代名詞・再帰代名詞
4234,Who loves his mother?,ok,Sentence,代名詞・再帰代名詞
4235,Who does his mother love?,*(who≠his),Sentence,代名詞・再帰代名詞
4236,Everyone loves his mother.,ok,Sentence,代名詞・再帰代名詞
4237,His mother loves everyone.,*(his≠everyone),Sentence,代名詞・再帰代名詞
4238,Who did he say that Mary married?,*(who≠he),Sentence,代名詞・再帰代名詞
4239,Everyone who owns a donkey beats it.,ok,Sentence,代名詞・再帰代名詞
4240,All the women built a garage.,ok,Sentence,数量詞の作用域
4241,Some professor admires every student.,ok,Sentence,数量詞の作用域
4242,All the angles of a triangle are 180°,ok,Sentence,数量詞の作用域
4243,All the angles of a triangle are less than 180°,ok,Sentence,数量詞の作用域
4244,Every one of the angles of a triangle is 180°,*,Sentence,数量詞の作用域
4245,Each of the angles of a triangle is 180°,*,Sentence,数量詞の作用域
4246,Every one of the angles of a triangle is less than 180°,ok,Sentence,数量詞の作用域
4247,Each of the angles of a triangle is less than 180°,ok,Sentence,数量詞の作用域
4248,All of the men in the plant surrounded the boss.,ok,Sentence,数量詞の作用域
4249,Every worker in the plant surrounded the boss.,*,Sentence,数量詞の作用域
4250,Each worker in the plant surrounded the boss.,*,Sentence,数量詞の作用域
4251,Every man left the room in a group.,ok,Sentence,数量詞の作用域
4252,Every woman built a garage.,ok,Sentence,数量詞の作用域
4253,Each woman built a garage.,ok,Sentence,数量詞の作用域
4254,The women each built a garage.,ok,Sentence,数量詞の作用域
4255,The women all built a garage.,ok,Sentence,数量詞の作用域
4256,The angles of a triangle are all 180°,*,Sentence,数量詞の作用域
4257,The angles of a triangle are all less than 180°,ok,Sentence,数量詞の作用域
4258,Every man left the room.,ok,Sentence,数量詞の作用域
4259,Every man left the room in a group.,ok,Sentence,数量詞の作用域
4260,Every man left the room separately.,ok,Sentence,数量詞の作用域
4261,Each of the men left the room in a group.,*,Sentence,数量詞の作用域
4262,Each of the men left the room separately.,ok,Sentence,数量詞の作用域
4263,Each deputy rose as his name was called.,ok,Sentence,数量詞の作用域
4264,Each deputy rose as the king entered the House.,??,Sentence,数量詞の作用域
4265,Many men read few books.,ok,Sentence,数量詞の作用域
4266,Few books are read by many men.,ok,Sentence,数量詞の作用域
4267,John gave a few handouts to every pedestrian.,ok,Sentence,数量詞の作用域
4268,John gave a few handouts to all the pedestrians.,ok,Sentence,数量詞の作用域
4269,John gave a few handouts to many pedestrians.,ok,Sentence,数量詞の作用域
4270,John gave a few handouts to several pedestrians.,ok,Sentence,数量詞の作用域
4271,John gave a few handouts to some pedestrians.,ok,Sentence,数量詞の作用域
4272,A girl took every chemistry course.,ok,Sentence,数量詞の作用域
4273,A chemistry course was taken by every girl.,ok,Sentence,数量詞の作用域
4274,I told a child every story.,ok,Sentence,数量詞の作用域
4275,I told a story to every child.,ok,Sentence,数量詞の作用域
4276,Everybody in some Italian city met John.,ok,Sentence,数量詞の作用域
4277,Many psychologists distrust some linguists.,ok,Sentence,数量詞の作用域
4278,Many psychologists distrust some of these linguists.,ok,Sentence,数量詞の作用域
4279,Who bought everything for Max?,ok,Sentence,数量詞の作用域
4280,What did everyone buy for Max?,ok,Sentence,数量詞の作用域
4281,Someone loves everyone.,ok,Sentence,数量詞の作用域
4282,All the students have finished the assignment.,ok,Sentence,数量詞遊離
4283,The students have all finished the assignment.,ok,Sentence,数量詞遊離
4284,The men have all picked up a glass.,ok,Sentence,数量詞遊離
4285,The men have both picked up a glass.,ok,Sentence,数量詞遊離
4286,The men have each picked up a glass.,ok,Sentence,数量詞遊離
4287,The men have every one picked up a glass.,ok,Sentence,数量詞遊離
4288,The men have every picked up a glass.,*,Sentence,数量詞遊離
4289,The men have any picked up a glass.,*,Sentence,数量詞遊離
4290,The men have many picked up a glass.,*,Sentence,数量詞遊離
4291,The men have some picked up a glass.,*,Sentence,数量詞遊離
4292,The boys will all of them come to the party.,ok,Sentence,数量詞遊離
4293,The boys will both of them come to the party.,ok,Sentence,数量詞遊離
4294,The boys will each of them come to the party.,ok,Sentence,数量詞遊離
4295,The boys will some of them come to the party.,*,Sentence,数量詞遊離
4296,The boys will many of them come to the party.,*,Sentence,数量詞遊離
4297,The boys will none of them come to the party.,ok,Sentence,数量詞遊離
4298,The boys will neither of them come to the party.,ok,Sentence,数量詞遊離
4299,All three boys left early.,ok,Sentence,数量詞遊離
4300,All the three boys left early.,ok,Sentence,数量詞遊離
4301,Three boys all left early.,*,Sentence,数量詞遊離
4302,The three boys all left early.,ok,Sentence,数量詞遊離
4303,Both men are here.,ok,Sentence,数量詞遊離
4304,Both the men are here.,ok,Sentence,数量詞遊離
4305,Men both are here.,*,Sentence,数量詞遊離
4306,The men both are here.,ok,Sentence,数量詞遊離
4307,Two rules both deviate from core.,ok,Sentence,数量詞遊離
4308,There are two boys each helping the other.,ok,Sentence,数量詞遊離
4309,There are two squirrels both eating peanuts.,ok,Sentence,数量詞遊離
4310,There is each of two boys helping the other.,*,Sentence,数量詞遊離
4311,There is each of the two boys helping the other.,*,Sentence,数量詞遊離
4312,There are both of two squirrels eating peanuts.,*,Sentence,数量詞遊離
4313,There are both of the two squirrels eating peanuts.,*,Sentence,数量詞遊離
4314,All the angles of a square are 360°,ok,Sentence,数量詞遊離
4315,All the angles of a square are 90°,ok,Sentence,数量詞遊離
4316,The angles of a square are all 360°,*,Sentence,数量詞遊離
4317,The angles of a square are all 90°,ok,Sentence,数量詞遊離
4318,All these books together are worthy of fifty dollars.,ok,Sentence,数量詞遊離
4319,These books together are all worthy of fifty dollars.,*,Sentence,数量詞遊離
4320,"The men, I think, each left at dawn.",ok,Sentence,数量詞遊離
4321,"The men, I think, all left at dawn.",ok,Sentence,数量詞遊離
4322,"The men, I think, both left at dawn.",ok,Sentence,数量詞遊離
4323,"The men each, I think, left at dawn.",*,Sentence,数量詞遊離
4324,"The men all, I think, left at dawn.",*,Sentence,数量詞遊離
4325,"The men both, I think, left at dawn.",*,Sentence,数量詞遊離
4326,My brothers all have finished.,ok,Sentence,数量詞遊離
4327,My brothers have all finished.,ok,Sentence,数量詞遊離
4328,My sisters all must leave.,ok,Sentence,数量詞遊離
4329,My sisters must all leave.,ok,Sentence,数量詞遊離
4330,They all may have arrived.,ok,Sentence,数量詞遊離
4331,They may all have arrived.,ok,Sentence,数量詞遊離
4332,They may have all arrived.,ok,Sentence,数量詞遊離
4333,They all have been happy.,ok,Sentence,数量詞遊離
4334,They have all been happy.,ok,Sentence,数量詞遊離
4335,They have been all happy.,*,Sentence,数量詞遊離
4336,They all should be talking.,ok,Sentence,数量詞遊離
4337,They should all be talking.,ok,Sentence,数量詞遊離
4338,They should be all talking.,*,Sentence,数量詞遊離
4339,They all have been being very careful.,ok,Sentence,数量詞遊離
4340,They have all been being very careful.,ok,Sentence,数量詞遊離
4341,They have been all being very careful.,*,Sentence,数量詞遊離
4342,They have been being all very careful.,*,Sentence,数量詞遊離
4343,They all must have been being hassled by the police.,ok,Sentence,数量詞遊離
4344,They must all have been being hassled by the police.,ok,Sentence,数量詞遊離
4345,They must have all been being hassled by the police.,ok,Sentence,数量詞遊離
4346,They must have been all being hassled by the police.,*,Sentence,数量詞遊離
4347,They must have been being all hassled by the police.,*,Sentence,数量詞遊離
4348,I called the men all.,*,Sentence,数量詞遊離
4349,I gave the kids all some candy to keep them quiet.,ok,Sentence,数量詞遊離
4350,The tooth fairy promised the kids each a quarter.,ok,Sentence,数量詞遊離
4351,Mom found the boys all so dirty when she got home.,ok,Sentence,数量詞遊離
4352,We consider the Joneses both unbearably pompous.,ok,Sentence,数量詞遊離
4353,Aunt Mary made the boys all good little housekeepers.,ok,Sentence,数量詞遊離
4354,Aunt Mary made the boys all into good little housekeepers.,ok,Sentence,数量詞遊離
4355,He looked the twins both in the eye.,ok,Sentence,数量詞遊離
4356,She called the men both bastards.,ok,Sentence,数量詞遊離
4357,Hang your coats all up on hangers.,ok,Sentence,数量詞遊離
4358,I saw the men all yesterday.,*,Sentence,数量詞遊離
4359,She found the missing books both quickly.,*,Sentence,数量詞遊離
4360,He argued with the men each about politics.,*,Sentence,数量詞遊離
4361,He impresses his friends all as pompous.,*,Sentence,数量詞遊離
4362,Aunt Mary made the boys all as a good mother.,*,Sentence,数量詞遊離
4363,The vision struck the men all as a beautiful revelation.,*,Sentence,数量詞遊離
4364,Frank promised the men all to leave.,*,Sentence,数量詞遊離
4365,The men all love Sylvia.,ok,Sentence,数量詞遊離
4366,All of the men love Sylvia.,ok,Sentence,数量詞遊離
4367,"Your brothers all, it seems to me, have the same outlook on politics.",?*,Sentence,数量詞遊離
4368,Mary hates the marines both.,*,Sentence,数量詞遊離
4369,"They all, it seems to me, have the same outlook on politics.",ok,Sentence,数量詞遊離
4370,I called them both.,ok,Sentence,数量詞遊離
4371,They all left.,ok,Sentence,数量詞遊離
4372,"They each, I think, left separately.",*,Sentence,数量詞遊離
4373,Malcolm proved them each.,*,Sentence,数量詞遊離
4374,I like them all.,ok,Sentence,数量詞遊離
4375,all of the men,ok,Noun Phrase,数量詞遊離
4376,all the men,ok,Noun Phrase,数量詞遊離
4377,both of the men,ok,Noun Phrase,数量詞遊離
4378,both the men,ok,Noun Phrase,数量詞遊離
4379,each of the men,ok,Noun Phrase,数量詞遊離
4380,each the men,*,Noun Phrase,数量詞遊離
4381,all of them,ok,Noun Phrase,数量詞遊離
4382,all them,*,Noun Phrase,数量詞遊離
4383,both of them,ok,Noun Phrase,数量詞遊離
4384,both them,*,Noun Phrase,数量詞遊離
4385,each of them,ok,Noun Phrase,数量詞遊離
4386,each them,*,Noun Phrase,数量詞遊離
4387,I found John and Mary and Sue all sitting on a park bench.,ok,Sentence,数量詞遊離
4388,"The lion, the bear, and the monkey are all mammals.",ok,Sentence,数量詞遊離
4389,I found all John and Mary and Sue sitting on a park bench.,*,Sentence,数量詞遊離
4390,I found all of John and Mary and Sue sitting on a park bench.,*,Sentence,数量詞遊離
4391,"All the lion, the bear, and the monkey are mammals.",*,Sentence,数量詞遊離
4392,The men promised the women to all come to the party.,ok,Sentence,数量詞遊離
4393,They tried to all come home.,ok,Sentence,数量詞遊離
4394,All the men promised the women to come to the party.,ok,Sentence,数量詞遊離
4395,All of them tried to come home.,ok,Sentence,数量詞遊離
4396,The men all promised the women to come to the party.,ok,Sentence,数量詞遊離
4397,They all tried to come home.,ok,Sentence,数量詞遊離
4398,The walls of the passages were both painted too.,ok,Sentence,数量詞遊離
4399,the tendency of those senators to all vote in the same way,ok,Noun Phrase,数量詞遊離
4400,Each all the kids was given some candy.,*,Sentence,数量詞遊離
4401,Each of all the kids was given some candy.,*,Sentence,数量詞遊離
4402,Each all of the kids was given some candy.,*,Sentence,数量詞遊離
4403,Each of all of the kids was given some candy.,*,Sentence,数量詞遊離
4404,All the kids were each given some candy.,*,Sentence,数量詞遊離
4405,All of the kids were each given some candy.,*,Sentence,数量詞遊離
4406,kids all were each given some candy.,*,Sentence,数量詞遊離
4407,All the children have seen this movie.,ok,Sentence,数量詞遊離
4408,The children have all seen this movie.,ok,Sentence,数量詞遊離
4409,The students have arrived.,ok,Sentence,数量詞遊離
4410,The students have arrived all.,*,Sentence,数量詞遊離
4411,The students were seen.,ok,Sentence,数量詞遊離
4412,The students were seen all.,*,Sentence,数量詞遊離
4413,The lions might all seem to have large teeth.,ok,Sentence,数量詞遊離
4414,We have all three of us completed the assignment on time.,ok,Sentence,数量詞遊離
4415,tall men and women,ok,Noun Phrase,句・節の構造
4416,the king of England,ok,Noun Phrase,句・節の構造
4417,a student of physics with long hair,ok,Noun Phrase,句・節の構造
4418,Who would have dared defy the king of England and ruler of the Empire?,ok,Sentence,句・節の構造
4419,He was the last king of England.,ok,Sentence,句・節の構造
4420,He was the last and some people say the best king of England.,ok,Sentence,句・節の構造
4421,The present king of England is more popular than the last one.,ok,Sentence,句・節の構造
4422,The king of England defeated the one of Spain.,*,Sentence,句・節の構造
4423,He is a student of physics.,ok,Sentence,句・節の構造
4424,He is studying physics.,ok(=11a),Sentence,句・節の構造
4425,He is a student with long hair.,ok,Sentence,句・節の構造
4426,He is studying long hair.,ok(≠12a),Sentence,句・節の構造
4427,the student of physics with long hair,ok,Noun Phrase,句・節の構造
4428,the student with long hair of physics,*,Noun Phrase,句・節の構造
4429,a student of physics and of chemistry,ok,Noun Phrase,句・節の構造
4430,a student with long hair and with short arms,ok,Noun Phrase,句・節の構造
4431,a student of physics and with long hair,*,Noun Phrase,句・節の構造
4432,a student with long hair and of physics,*,Noun Phrase,句・節の構造
4433,Which student of physics? That one?,ok,Noun Phrase,句・節の構造
4434,I like this student with short hair better than that one with short hair.,ok,Sentence,句・節の構造
4435,I like this student of chemistry better than that one of physics.,*,Sentence,句・節の構造
4436,a tall dark handsome stranger,ok,Noun Phrase,句・節の構造
4437,Which stranger? The tall dark handsome one?,ok,Noun Phrase,句・節の構造
4438,Which handsome stranger? The tall dark one?,ok,Noun Phrase,句・節の構造
4439,Which dark handsome stranger? The tall one?,ok,Noun Phrase,句・節の構造
4440,Which tall dark handsome stranger? This one?,ok,Sentence,句・節の構造
4441,Frank’s claim that Sim was the culprit,ok,Noun Phrase,句・節の構造
4442,"the man that brought the strawberries, who was dangerous",ok,Noun Phrase,句・節の構造
4443,I didn't see the man who brought the strawberries.,ok,Sentence,句・節の構造
4444,"I didn’t see the man, who brought the strawberries.",*,Sentence,句・節の構造
4445,Caesar’s destruction of the city,ok,Noun Phrase,句・節の構造
4446,Caesar destroyed the city.,ok,Sentence,句・節の構造
4447,an advocate of the abolition of indirect taxation,ok,Noun Phrase,句・節の構造
4448,a woman with an umbrella with a red handle,ok,Noun Phrase,句・節の構造
4449,her dislike of men with big egos,ok,Noun Phrase,句・節の構造
4450,a girl with a dislike of young men ,ok,Noun Phrase,句・節の構造
4451,John may have read the book.,ok,Sentence,句・節の構造
4452,Mary is very proud of her son.,ok,Sentence,句・節の構造
4453,Sue put it right on the top shelf.,ok,Sentence,句・節の構造
4454,John may have read the book in the park.,ok,Sentence,句・節の構造
4455,John is very fond of Mary in some ways.,ok,Sentence,句・節の構造
4456,He is so out of touch in some ways.,ok,Sentence,句・節の構造
4457,"Very fond of Mary in some though he is, he doesn’t really love her.",ok,Sentence,句・節の構造
4458,fond of Mary in some ways,ok,Noun Phrase,句・節の構造
4459,fond in some ways of Mary,??,Noun Phrase,句・節の構造
4460,"John is very fond of Mary in some ways, but is less so in other ways.",ok,Sentence,句・節の構造
4461,"John is very fond of Mary in some ways, but is less so than he used to be.",ok,Sentence,句・節の構造
4462,John hit Mary on the head on the platform.,ok,Sentence,句・節の構造
4463,The gang opened the safe with a drill after sunset.,ok,Sentence,句・節の構造
4464,He is seldom satisfied.,ok,Sentence,句・節の構造
4465,John kisses often Mary.,*,Sentence,句・節の構造
4466,We build airplanes.,ok,Sentence,句・節の構造
4467,John knows that Mary will read the book.,ok,Sentence,句・節の構造
4468,I don’t know if Mary will attend the party.,ok,Sentence,句・節の構造
4469,I don’t know whether Mary will attend the party.,ok,Sentence,句・節の構造
4470,I prefer for Mary to visit England.,ok,Sentence,句・節の構造
4471,I’ve been wondering whether the president will approve the project.,ok,Sentence,句・節の構造
4472,I’ve been wondering whether but am not entirely sure that the president will approve the project.,ok,Sentence,句・節の構造
4473,Will Mary read the book?,ok,Sentence,句・節の構造
4474,What will Mary read?,ok,Sentence,句・節の構造
4475,Lee said that at no time would she agree to visit Robin.,ok,Sentence,句・節の構造
4476,It is apparent that only on Friday will the traffic be too heavy to get there in time.,ok,Sentence,句・節の構造
4477,"Bill, I really like.",ok,Sentence,句・節の構造
4478,"Bill, I really like him.",ok,Sentence,句・節の構造
4479,John bought for his wife an emerald necklace.,ok,Sentence,句・節の構造
4480,A review appeared of Chomsky’s new book.,ok,Sentence,句・節の構造
4481,At the foot of the mountain stands a beautiful white house.,ok,Sentence,句・節の構造
4482,"They are all very kind, those young nurses.",ok,Sentence,句・節の構造
4483,Who do you believe that John loves?,ok,Sentence,統語操作の制約
4484,Who do you believe the claim that John loves?,*,Sentence,統語操作の制約
4485,It appears that John is intelligent.,ok,Sentence,統語操作の制約
4486,John appears to be intelligent.,ok,Sentence,統語操作の制約
4487,It seems that it appears that John is intelligent.,ok,Sentence,統語操作の制約
4488,John seems that it appears to be intelligent.,*,Sentence,統語操作の制約
4489,Whose did you read book?,*,Sentence,統語操作の制約
4490,Whose book did you read?,ok,Sentence,統語操作の制約
4491,What did you buy?,ok,Sentence,統語操作の制約
4492,What did you force John to buy?,ok,Sentence,統語操作の制約
4493,What did you believe that she forced John to buy?,ok,Sentence,統語操作の制約
4494,What is it likely that Harry said that she had forced John to buy?,ok,Sentence,統語操作の制約
4495,Who did you believe the claim that John loves?,*,Sentence,統語操作の制約
4496,Who did you see Mary and at Kanda?,*,Sentence,統語操作の制約
4497,Who did Mary see walking toward the railroad station?,ok,Sentence,統語操作の制約
4498,Mary saw the boy walking toward the railroad station.,ok,Sentence,統語操作の制約
4499,"The hat which I believed the claim that Otto was wearing 
is red.",*,Sentence,統語操作の制約
4500,The hat which I believed that Otto was wearing is red.,ok,Sentence,統語操作の制約
4501,The nurse polished her trombone and the plumber computed my tax.,ok,Sentence,統語操作の制約
4502,"Which trombone did the nurse polish and the plumber
computed my tax?",*,Sentence,統語操作の制約
4503,The government prescribes the height of the lettering on the covers of the reports.,ok,Sentence,統語操作の制約
4504,"The reports which the government precribes the height of
the lettering on the covers of are invariably boring.",ok,Sentence,統語操作の制約
4505,We elected the boy’s guardian's employer president.,ok,Sentence,統語操作の制約
4506,"The boy whose guardian’s employer we elected president
ratted on us.",ok,Sentence,統語操作の制約
4507,"The boy whose guardian’s we elected employer president
ratted on us.",*,Sentence,統語操作の制約
4508,That the principal would fire some teachers was expected by the reporters.,ok,Sentence,統語操作の制約
4509,"It was expected by the reporters that the principal would fire
some teachers.",ok,Sentence,統語操作の制約
4510,"The teacher who that the principal would fire was
expected by the reporters is a crusty old fizzlebotch.",*,Sentence,統語操作の制約
4511,"The teacher who it was expected by the reporters that the
principal would fire is a crusty old fizzlebotch.",ok,Sentence,統語操作の制約
4512,A review of this article came out yesterday.,ok,Sentence,統語操作の制約
4513,A review came out yesterday of this article.,ok,Sentence,統語操作の制約
4514,"That a review came out yesterday of this article is
catastrophic.",ok,Sentence,統語操作の制約
4515,"That a review came out yesterday is catastrophic of this
article.",*,Sentence,統語操作の制約
4516,What do you wonder who saw?,*,Sentence,統語操作の制約
4517,What did Bill wonder when John ate?,*,Sentence,統語操作の制約
4518,Who did you see Bill’s picture of?,*,Sentence,統語操作の制約
4519,Who did you see a picture of?,ok,Sentence,統語操作の制約
4520,The men saw John’s picture of each other.,*,Sentence,統語操作の制約
4521,The men saw pictures of each other.,ok,Sentence,統語操作の制約
4522,Who did stories about terrify John?,*,Sentence,統語操作の制約
4523,Who did you expect stories about to terrify John?,*,Sentence,統語操作の制約
4524,Which book did you go to college without reading?,*,Sentence,統語操作の制約
4525,Who did they leave without speaking to?,*,Sentence,統語操作の制約
4526,Who did you believe the claim that John saw?,*,Sentence,統語操作の制約
4527,What did your interest in surprise John?,*,Sentence,統語操作の制約
4528,Who did you leave the room after you talked with?,*,Sentence,統語操作の制約
4529,What did you see John's picture of?,*,Sentence,統語操作の制約
4530,What do you wonder when John ate?,*,Sentence,統語操作の制約
4531,John believes that a man was here despite the evidence to the contrary who comes from Philadelphia.,*,Sentence,統語操作の制約
4532,Who did you hear stories about a picture of?,*,Sentence,統語操作の制約
4533,Who do you think that Bill saw?,*,Sentence,統語操作の制約
4534,Which class did you fall asleep during?,*,Sentence,統語操作の制約
4535,Who did a picture of please you?,*,Sentence,統語操作の制約
4536,Who did you see a picture of?,ok,Sentence,統語操作の制約
4537,Who did you destroy a picture of?,*,Sentence,統語操作の制約
4538,What did he wonder Where John put?,*,Sentence,統語操作の制約
4539,How did you think that John solved the problem?,ok,Sentence,統語操作の制約
4540,How do you wonder which problem to solve?,*,Sentence,統語操作の制約
4541,John seems to be likely to win.,ok,Sentence,統語操作の制約
4542,John seems that it is likely to win.,*,Sentence,統語操作の制約
4543,Could they have left?,ok,Sentence,統語操作の制約
4544,Have they could left?,*,Sentence,統語操作の制約
4545,Do you wonder why John fixed the car how?,*,Sentence,統語操作の制約
4546,How do you wonder why John fixed the car?,*,Sentence,統語操作の制約
4547,Why do you wonder John fixed the car how?,*,Sentence,統語操作の制約
4548,It seems that it is likely John to win.,*,Sentence,統語操作の制約
4549,It seems to be likely John to win.,*,Sentence,統語操作の制約
4550,They could have left.,ok,Sentence,統語操作の制約
4551,Who bought what?,ok,Sentence,統語操作の制約
4552,What did who buy?,*,Sentence,統語操作の制約
4553,Who wonders what who bought?,ok,Sentence,統語操作の制約
4554,John wonders what who bought where,ok,Sentence,統語操作の制約
4555,The boy whose guardian’s employer we elected president ratted on us.,ok,Sentence,統語操作の制約
4556,"The boy whose we elected guardian’s employer president
ratted on us.",*,Sentence,統語操作の制約
4557,How sane is Peter?,ok,Sentence,統語操作の制約
4558,How is Peter sane?,*,Sentence,統語操作の制約
4559,How carefully have you picked up TNT?,ok,Sentence,統語操作の制約
4560,How have you picked up TNT carefully?,*,Sentence,統語操作の制約
4561,The lute which Herry plays and signs madrigals is warped.,*,Sentence,統語操作の制約
4562,We interviewed the actress who John kicked the writer and.,*,Sentence,統語操作の制約
4563,Who did you think Bill saw?,ok,Sentence,統語操作の制約
4564,Who did you think that Bill saw?,ok,Sentence,統語操作の制約
4565,Who do you think that saw John?,*,Sentence,統語操作の制約
4566,Who do you think saw John?,ok,Sentence,統語操作の制約
4567,"Robin met the man who Leslie said that for all intents and
purposes was the mayor of the city.",ok,Sentence,統語操作の制約
4568,Who do you think that actually saw Tom?,ok,Sentence,統語操作の制約
4569,Bill was believed to be in Rome.,ok,Sentence,統語操作の制約
4570,Bill was wanted to be in Rome.,*,Sentence,統語操作の制約
4571,Bill was wanted for to be in Rome.,*,Sentence,統語操作の制約
4572,Melvin showed that none of the formulas were theorems.,ok,Sentence,統語操作の制約
4573,Some student thought that each professor was incompetent.,ok,Sentence,統語操作の制約
4574,What topic did you tell who about?,*,Sentence,統語操作の制約
4575,"Tom has a violin that once belonged to Heifetz, and Jane has one 
too.",ok,Sentence,関係節
4576,This is the book (that) I bought at the sale.,ok,Sentence,関係節
4577,Someone who admires Jespersen should write a book about him.,ok,Sentence,関係節
4578,"Mary Smith, who is in the corner, wants to meet you.",ok,Sentence,関係節
4579,"John is afraid of snakes, which I'm sure Mary is too",ok,Sentence,関係節
4580,This is what I can't understand.,ok,Sentence,関係節
4581,I took offense at what John said.,ok,Sentence,関係節
4582,She'll do whatever you say.,ok,Sentence,関係節
4583,I'Il buy whatever/whichever books Tom asks me to buy,ok,Sentence,関係節
4584,No tinned tomato soup Iknow of actually has tomatoes in it.,ok,Sentence,関係節
4585,"“This is the best way I know of to celebrate Christmas，” said
Terry Koken.",ok,Sentence,関係節
4586,He doesn't have any enemies in Baltimore that I know of.,ok,Sentence,関係節
4587,the car and the truck that collided,ok,Noun Phrase,関係節
4588,the boy and the girl who met in Vienna,ok,Noun Phrase,関係節
4589,The theory of light that Newton proposed that everyone laughed at was more accurate than the one that met with instant acceptance.,ok,Sentence,関係節
4590,A friend of mine who is good at chess will be staying with me for a week.,ok,Sentence,関係節
4591,Harry said that the guy who will be staying with him is good at chess.,ok,Sentence,関係節
4592,I suddenly came face to face with the bear that had attacked me viciously.,ok,Sentence,関係節
4593,I suddenly came face to face with a bear that attacked me viciously.,ok,Sentence,関係節
4594,The rotunda in which stands a statue of Washington will be repainted.,*,Sentence,関係節
4595,Between the lobby and the vault is a hallway in which stands an armed guard.,ok,Sentence,関係節
4596,"Orkney looked vaguely at the sideboard upon which stood a bottle of gin, a bottle of scotch, an assortment of mixers and several glases ［sic］.",ok,Sentence,関係節
4597,"His face was as white as the damask deeply lace-edged cloth spread over the
refectory table on which stood the golden chalice from which all had drunk and
drained",ok,Sentence,関係節
4598,"Al-Irag called upon Muslims worldwide to declare war in order to liberate the
land “upon which stand the two holy mosques （Mecca and Medina） from captvity and ocoupaton",ok,Sentence,関係節
4599,The car that only rarely did I drive is in excellent condition.,*,Sentence,関係節
4600,I saw a dress which under no circumstances would I have bought.,ok,Sentence,関係節
4601,I know the girl who speaks Basque.,ok,Sentence,関係節
4602,The girl I know speaks Basque.,ok,Sentence,関係節
4603,I know a girl who speaks Basque.,ok,Sentence,関係節
4604,I know a girl who speaks Basque.,ok,Sentence,関係節
4605,I didn't meet a girl who speaks Basque.,ok,Sentence,関係節
4606,The woman he loved betrayed someone.,ok,Sentence,関係節
4607,"for some x,［the woman he loved betrayed x］",-,Noun Phrase,関係節
4608,Who did the woman he loved betray?,ok,Sentence,関係節
4609,"for which person X,［the woman he loved betrayed x］",-,Noun Phrase,関係節
4610,The man who the woman he loved betrayed is despondent.,ok,Sentence,関係節
4611,the man x such that ［the woman he loved betrayed x］ is despondent,-,Sentence,関係節
4612,"Paris, which I love, is a beautiful city.",ok,Sentence,関係節
4613,Paris which I love is a beautiful city.,*,Sentence,関係節
4614,The person who John asked φ for help thinks John is an idiot.,ok,Sentence,関係節
4615,The person that John asked φ for help thinks John is an idiot.,ok,Sentence,関係節
4616,The person φ John asked φ for help thinks John is an idiot.,ok,Sentence,関係節
4617,"Mary, who John asked φ for help, thinks John is an idiot.",ok,Sentence,関係節
4618,"Mary, that John asked φ for help, thinks John is an idiot.",??,Sentence,関係節
4619,"Mary, φ John asked φ for help, thinks John is an idiot.",*,Sentence,関係節
4620,"Among the Hambro industrial customers are makers of furniture and infant food, and the Kenwood company, making domestic equipment, that is named after its boss and founder, Kenneth Maynard Wood.",ok,Sentence,関係節
4621,"She made me swear on the family bible, that my aunt's poodle chewed up, thatI
wouldn't buy French medicines ...",ok,Sentence,関係節
4622,The soldiers that were brave ran forward,ok,Sentence,関係節
4623,"The soldiers, who were brave, ran forward.",ok,Sentence,関係節
4624,"He had seen my aunt give this person money outside the garden
rails in the moonlight, who then slunk away and was seen no more
（Dickens）： who=and he.",ok,Sentence,関係節
4625,"He gave the letter to the clerk, who then copied it.",ok,Sentence,関係節
4626,“I bought the ticket and then forgot about it until Sunday，” she said.,ok,Sentence,関係節
4627,"“He kissed me and then asked me ifI wanted kids. That was the
beginning ” says Basinger.",ok,Sentence,関係節
4628,"...； specifically， （2b） is not the kind of question that a child might
mistakenly utter and that a parent might then correct.",ok,Sentence,関係節
4629,"This narrative establishes a date that then acts as the anchor for the
interpretation of the tenses used",ok,Sentence,関係節
4630,Many of the rescued passengers were first taken to the island by helicopters that then returned to continue the search.,ok,Sentence,関係節
4631,"..； once inside， the gene forced the cells to produce a toxic
protein that then shut off the tumor cells ability to reproduce
and spread.",ok,Sentence,関係節
4632,"..., he ［-the 12-year-old pygmy chimpanzee -T. K.J makes his desires known either by pointing to symbols printed on a
laminated board or by punching the symbols on a special keyboard that then generates the words in English.",ok,Sentence,関係節
4633,"Bill reproached Mary, and she in turn reproached Tom.",ok,Sentence,関係節
4634,"In one weather-related accident, a car hit a tree, which in turn knocked down some power lines and temporarily closed Donlon Road near Somis.",ok,Sentence,関係節
4635,"The strength of the surface winds along the Equator controls the
amount and temperature of the water that rises to the surface，
which in turn determines the distribution of sea surface
temperatures.",ok,Sentence,関係節
4636,"..： that is, on the basis of descriptive generalisations，
formulate theoretical principles which in turn lead us to call
into question the empirical adequacy of earlier descriptive
generalisations.",ok,Sentence,関係節
4637,"Thus, a structure in which a Past is embedded under a Future
which is in turn embedded under two more Pasts is perfectly
well formed",ok,Sentence,関係節
4638,"Hence the has scope over a quantifier which in turn has scope
over that same the, which is inconsistent.",ok,Sentence,関係節
4639,"Sentences （119b-120b） indicate that wh-phrases can occur in
derived nominals which in turn can occur in appositive relative clauses",ok,Sentence,関係節
4640,"（119a-120a） show that wh-phrases can occur in derived
nominals which in turn cannot occur in restrictive relative clauses.",ok,Sentence,関係節
4641,...； his left hand rests on a lever that activates a vacuum pump that in turn operates both the gas and brake controls.,ok,Sentence,関係節
4642,"The convention, which has met only twice, in 1968 and 1986, elects a 12-man army executive that in turn elects the main
strategy body, the army council.",ok,Sentence,関係節
4643,"He is young. However, he is rich.",ok,Sentence,関係節
4644,"American universities are huge athletic institutions, where，
however， some academic activities are retained for the
physically weak",ok,Sentence,関係節
4645,"American universities are the only athletic institutions where, however, some academicactivities areretained for the
physically weak",*,Sentence,関係節
4646,"In fact, the author has provided Harry, and the reader, with not one but two last revelations ー quite unexpected surprises which, however, flow convincingly from the whole context of the book.",ok,Sentence,関係節
4647,"There has, it must be said, always been a difference of opinion
on the matter which, however, divides more on professional
 than scientific grounds.",ok,Sentence,関係節
4648,"Dr McKeown adds that the idea of the stress management workshop
is to show people that stress is a normal part of a healthy life which
can, however, get out of control.",ok,Sentence,関係節
4649,A man entered the room and a woman went out who were quite similar.,ok,Sentence,関係節
4650,"Tom bought a can-opener and Alice bought a dictionary that
were once owned by Leonard Bloomfield.",ok,Sentence,関係節
4651,"If John had been invited, for whom, I am sure, all of you have the greatest respect，...",ok,Sentence,関係節
4652,old people,ok,Noun Phrase,関係節
4653,old Mr.Brown,ok,Noun Phrase,関係節
4654,The hungry workers attacked the houses of their rich employers.,ok,Sentence,関係節
4655,people who are old,ok,Noun Phrase,関係節
4656,women who John kissed,ok,Noun Phrase,関係節
4657,the destruction of the city that you observed,*,Noun Phrase,関係節
4658,the destruction that you observed,ok,Noun Phrase,関係節
4659,The assignments were long.,ok,Sentence,関係節
4660,The assignments of the problems took a long time,*,Sentence,関係節
4661,They studied the assignment,ok,Sentence,関係節
4662,They studied an assignment,ok,Sentence,関係節
4663,They studied one assignment,ok,Sentence,関係節
4664,They studied that assignment,ok,Sentence,関係節
4665,They studied the assignment of the problem.,ok,Sentence,関係節
4666,They studied an assignment of the problem.,*,Sentence,関係節
4667,They studied one assignment of the problem.,*,Sentence,関係節
4668,They studied that assignment of the problem.,*,Sentence,関係節
4669,"John likes your idea, which is crazy.",ok,Sentence,関係節
4670,"Bill came late, which bothered Susan.",ok,Sentence,関係節
4671,"Bill is drunk all the time, which is probably how you'd like to be.",ok,Sentence,関係節
4672,"Bill went into the tree, which is where I'd like to go too.",ok,Sentence,関係節
4673,"Ed never possessed honesty, which is the basis of a meaningful
 relationship.",ok,Sentence,関係節
4674,"Ed never possessed honesty which is the basis of a meaningful 
relationship.",*,Sentence,関係節
4675,"Ed never possessed the honesty, which is the basis of a meaningful
 relationship.",*,Sentence,関係節
4676,"Ed never possessed the honesty which is the basis of a meaningful
 relationship.",ok,Sentence,関係節
4677,He greeted me with warmth.,ok,Sentence,関係節
4678,He greeted me with a warmth.,*,Sentence,関係節
4679,He greeted me with the warmth.,*,Sentence,関係節
4680,He greeted me with the warmth that was expected.,ok,Sentence,関係節
4681,He greeted me with a warmth that was expected.,*,Sentence,関係節
4682,He greeted me with a warmth that was puzzling.,ok,Sentence,関係節
4683,He greeted me with the warmth that was puzzling.,*,Sentence,関係節
4684,He greeted me with the warmth of an old friend.,ok,Sentence,関係節
4685,He greeted me with a warmth of an old friend.,*,Sentence,関係節
4686,He greeted me with the warmth of great intensity.,*,Sentence,関係節
4687,He greeted me with a warmth of great intensity.,ok,Sentence,関係節
4688,He greeted me with the usual warmth.,ok,Sentence,関係節
4689,He greeted me with a usual warmth.,*,Sentence,関係節
4690,He greeted me with the unusual warmth.,*,Sentence,関係節
4691,He greeted me with an unusual warmth.,ok,Sentence,関係節
4692,"Barcelona, which is a Spanish city, is on the Costa del Sol.",ok,Sentence,関係節
4693,Barcelona which is a Spanish city is on the Costa del Sol.,*,Sentence,関係節
4694,The Dr Brown I know comes from Australia,ok,Sentence,関係節
4695,"Do you mean the Memphis which used to be the capital of
 Egypt, or the Memphis in Tennessee？",ok,Sentence,関係節
4696,The Rome which Caesar praised is only in the history books.,ok,Sentence,関係節
4697,The Wyatt Earp who was a law officer died in 1929.,ok,Sentence,関係節
4698,"The Winston Churchill who led England through World War II 
was ultimately rejected by his people.",ok,Sentence,関係節
4699,The Rome is only in the history books.,*,Sentence,関係節
4700,Rome which Caesar praised is only in the history books,*,Sentence,関係節
4701,The Wyatt Earp died in 1929.,*,Sentence,関係節
4702,Wyatt Earp who was a law officer died in 1929,*,Sentence,関係節
4703,The Winston Churchil was ultimately rejected by his people.,*,Sentence,関係節
4704,"Winston Churchill who led England through World War II was
ultimately rejected by his people",*,Sentence,関係節
4705,I've never known a Jim that wasn't nice！,ok,Sentence,関係節
4706,"spoke to the younger Mr Hamilton, not Mr Hamilton the
 manager.",ok,Noun Phrase,関係節
4707,The flower arrangement was done by a Miss Phillips in Park Road.,ok,Sentence,関係節
4708,The policeman arrested the man who killed Mary.,ok,Sentence,関係節
4709,The policeman arrested a man who killed Mary.,ok,Sentence,関係節
4710,"John saw the man who was wearing a red hat and a few minutes
later he saw the other man who was wearing a red hat.",#,Sentence,関係節
4711,"John saw a man who was wearing a red hat and a few minutes
later he saw another man who was wearing a red hat.",ok,Sentence,関係節
4712,"John is the student who I met yesterday, and Bill is the student
who Imet yesterday, too.",#,Sentence,関係節
4713,"John is a student who I met yesterday, and Bill is a student who
Imet yesterday, too.",ok,Sentence,関係節
4714,We are blessed with the sun that ripens the rice.,ok,Sentence,関係節
4715,"Now it is a small matter to move always and thereby derive the
 sentence （10） that we considered earlier.",ok,Sentence,関係節
4716,A woman who marries young is unlikely to be happy.,ok,Sentence,関係節
4717,Ben studies for hours every night. That I could never do.,ok,Sentence,関係節
4718,"Bes studies for hours every night, which I could not do.",ok,Sentence,関係節
4719,Sally hunts fish with a bow. That is a fascinating sport.,ok,Sentence,関係節
4720,"Sally hunts fish with a bow, which is a fascinating sport.",ok,Sentence,関係節
4721,Mike built the wooden ship model. That I have no interest in.,ok,Sentence,関係節
4722,"Mike built the wooden ship model, which I have no interest in.",ok,Sentence,関係節
4723,Irving bet his money on a horse. That displeased his wife.,ok,Sentence,関係節
4724,"Irving bet his money on a horse, which displeased his wife.",ok,Sentence,関係節
4725,"The man that came to dinner, who was drunk, fainted.",ok,Sentence,関係節
4726,"The man, who was drunk （，） that came to dinner fainted.",*,Sentence,関係節
4727,"We found that movie, which cost plenty, that you so highly recommended.",ok,Sentence,関係節
4728,"I will return to some problems, which may or may not be real，that arise in connection with this consequence of the lexicalist hypothesis.",ok,Sentence,関係節
4729,"Jackendoff（1968f） refers to an unpublished paper on generics by Bowers （1964）， which we have not seen, that makes the same claim.",ok,Sentence,関係節
4730,"In such a setting most Americans follow a rule, which is all the more binding because we seldom think about it, that can be stated aIs follows： …",ok,Sentence,関係節
4731,"..； instead of syntactic categories as such, I recognize simply a list of factors, some of which need not be inherently syntactic in nature, that can play roles in syntactic phenomena, and describe the phenomena directly in terms of those factors.",ok,Sentence,関係節
4732,"There is, in fact, a very respectable tradition, which I have reviewed elsewhere, that regards as a vulgar distortion the “instrumental view” of language as “essentially"" a means of communication， or a means to achieve given ends.",ok,Sentence,関係節
4733,"The Senate Commerce Committee is considering a bill, which could reach the Senate floor in June, that would place rate caps and other restrictions on cable companies.",ok,Sentence,関係節
4734,"He proposed constitutional changes, which he hopes to ram through the Congress of People's Deputies, that would further strengthen presidential authority.",ok,Sentence,関係節
4735,"The players” association wants to abolish a salary cap, which has been in existence since the 1984-85 season, that limits the amount the 27 teams can spend on player salaries.",ok,Sentence,関係節
4736,A guy that I met at Treno's yesterday just came in.,ok,Sentence,関係節
4737,A guy just came in that I met at Treno's yesterday.,ok,Sentence,関係節
4738,The guy that I met at Treno's yesterday just came in.,ok,Sentence,関係節
4739,The guy just came in that I met at Treno's yesterday.,??,Sentence,関係節
4740,A man just walked in who we knew in high school.,ok,Sentence,関係節
4741,The man just walked in who we knew in high school.,??,Sentence,関係節
4742,The very man just walked in that I had been telling her about.,ok,Sentence,関係節
4743,The only man just walked in that I had mentioned to her.,*,Sentence,関係節
4744,Any guest is welcome who can pay.,ok,Sentence,関係節
4745,Any guest must leave who can pay.,*,Sentence,関係節
4746,The box was by the door which had contained the papers and other valuables.,ok,Sentence,関係節
4747,She thought dreamily how true the words were she had uttered yesterday.,ok,Sentence,関係節
4748,That's where the money came from that was in my purse.,ok,Sentence,関係節
4749,"She was, I fancied, an egoist. Nothing was very real to her that did not concern herself.",ok,Sentence,関係節
4750,There are several complicating factors. One is that not everything is a matter of grammatical rule that appears to be such at first sight.,ok,Sentence,関係節
4751,The guy showed up that we had all been waiting for.,ok,Sentence,関係節
4752,The graduate student showed up that we had all been waiting for.,??,Sentence,関係節
4753,The guy that I met at Treno's yesterday just came in.,ok,Sentence,関係節
4754,A guy that I met at Treno's yesterday just came in.,ok,Sentence,関係節
4755,A student came to see me yesterday with long hair.,ok,Sentence,関係節
4756,A student came to see me yesterday of Physics.,*,Sentence,関係節
4757,Olga sent every person to the library who wanted books on Obscure Prussian composers.,*,Sentence,関係節
4758,Olga sent every person who wanted books on obscure Prussian composers to the library.,ok,Sentence,関係節
4759,The mayor just called you of a large Eastern city.,ok,Sentence,関係節
4760,The destruction was ordered of a new bridge from Italy to Boston.,ok,Sentence,関係節
4761,The parents attended the meeting of many students.,ok,Sentence,関係節
4762,"Said Goldwater： “If they chased every man or woman out of this town who has shacked up with somebody else, or got drunk, there'd be no Government.",ok,Sentence,関係節
4763,Most men arrived who were from Bisbee.,*,Sentence,関係節
4764,Most men who were from Bisbee arrived.,ok,Sentence,関係節
4765,Oscar gave each spider to Otto that was poisonous.,*,Sentence,関係節
4766,Oscar gave each spider that was poisonous to Otto.,ok,Sentence,関係節
4767,Not everybody went to Sam's who was at Bill's.,ok,Sentence,関係節
4768,Not everybody was convinced that he was sick who had been told so by the doctor.,ok,Sentence,関係節
4769,Everyone kissed the girl who entered the room.,ok,Sentence,関係節
4770,Everybody is so strange whom I like that I can't go out in public with them.,ok,Sentence,関係節
4771,Who was there that you know？,ok,Sentence,関係節
4772,Who do you know that knows Greek？,ok,Sentence,関係節
4773,Who was there who knows Greek？,ok,Sentence,関係節
4774,All is lost that is given to a fool.,ok,Sentence,関係節
4775,All is well that ends well.,ok,Sentence,関係節
4776,All is not gold that glitters.,ok,Sentence,関係節
4777,He laughs best who laughs last.,ok,Sentence,関係節
4778,Cheese is good that comes from a niggard.,ok,Sentence,関係節
4779,He is a bad musician that can sing but one song.,ok,Sentence,関係節
4780,All that are in bed must not have quiet rest.,ok,Sentence,関係節
4781,All that is alike is not the same.,ok,Sentence,関係節
4782,All that is said in the kitchen should not be heard in the hall.,ok,Sentence,関係節
4783,All that is sharp is short.,ok,Sentence,関係節
4784,All that shakes falls not.,ok,Sentence,関係節
4785,All that breed in the mud are not eels.,ok,Sentence,関係節
4786,The guy showed up who we had been waiting for.,ok,Sentence,関係節
4787,The guy showed up who was carrying a package.,??,Sentence,関係節
4788,That man came to visit that I was telling you about.,ok,Sentence,関係節
4789,That man came into the room that I was telling you about.,ok,Sentence,関係節
4790,The boy entered the room who we all had thought was asleep.,ok,Sentence,関係節
4791,The book hit the stores today that everyone has been waiting for.,ok,Sentence,関係節
4792,I read that book during vacation which was written by Chomsky.,*,Sentence,関係節
4793,The man gave Mary a million dollars that she had never seen before.,*,Sentence,関係節
4794,Every man gathered.,??,Sentence,関係節
4795,Every man that gathered in the street was interviewed.,ok,Sentence,関係節
4796,The dog bit the boy who kicked it.,ok,Sentence,関係節
4797,Any dog loves the person who feeds it.,ok,Sentence,関係節
4798,"Any dog loves Bill, the person who feed it.",*,Sentence,関係節
4799,Any dog loves the fellow you introduced me to who feeds it.,*,Sentence,関係節
4800,The car that hit Mary was manufactured by General Motors.,ok,Sentence,関係節
4801,The car was manufactured by General Motors that hit Mary.,*,Sentence,関係節
4802,The car that I would refiuse to drive has not been invented.,ok,Sentence,関係節
4803,The car has not been invented that I would refuse to drive.,ok,Sentence,関係節
4804,Those people whom you want may come. ,ok,Sentence,関係節
4805,Those people may come who you want.,ok,Sentence,関係節
4806,Most men arrived who were from Bisbee.,*,Sentence,関係節
4807,Most men who were from Bisbee arrived.,ok,Sentence,関係節
4808,Many books have been published recently which I've enjoyed reading.,ok,Sentence,関係節
4809,"A second point to note is that other evaluation measures are logically possible; in fact, many could be devised which would not have given us the same results in the test that we have just performed.",ok,Sentence,関係節
4810,The only navigable river is to the north.,ok,Sentence,関係節
4811,The only river navigable is to the north.,ok,Sentence,関係節
4812,There are dozens of visible stars.,ok,Sentence,関係節
4813,There are dozens of stars visible （although it is cloudy）.,ok,Sentence,関係節
4814,Bill talked to the man shot.,ok,Sentence,関係節
4815,Bill talked to a man shot.,*,Sentence,関係節
4816,The reporter interviewed a man shot.,*,Sentence,関係節
4817,The reporter interviewed a man wounded by a gun.,ok,Sentence,関係節
4818,The man shot just walked in.,ok,Sentence,関係節
4819,A man shot just walked in.,*,Sentence,関係節
4820,The only house vacant is that one.,ok,Sentence,関係節
4821,a house vacant,*,Noun Phrase,関係節
4822,The hungry workers attacked the houses of their rich employers.,ok,Sentence,関係節
4823,"The workers, who are hungry, attacked the houses of their employers，who are rich.",ok,Sentence,関係節
4824,A joke misunderstood can cause plenty of trouble.,ok,Sentence,関係節
4825,"From the standpoint of combat efficiency, a soldier wounded may be worse than the same soldier dead.",ok,Sentence,関係節
4826,People unconscious are unable to hear.,ok,Sentence,関係節
4827,Roast beef rare is a dish fit for a king.,ok,Sentence,関係節
4828,Lions are always fearsome beasts but a lion hungry is the terror of the jungle.,ok,Sentence,関係節
4829,A man unhappy is a social risk.,ok,Sentence,関係節
4830,A man unhappy is seldom in control of his emotions.,ok,Sentence,関係節
4831,A man unhappy fell down and broke his leg.,*,Sentence,関係節
4832,The officers explained their position and all members antagonistic were asked to withdraw.,ok,Sentence,関係節
4833,All persons loyal will be given jobs.,ok,Sentence,関係節
4834,Any part defective will be replaced if returned within thirty days.,ok,Sentence,関係節
4835,The boys easiest to teach were in my class.,ok,Sentence,関係節
4836,They have a house larger than yours.,ok,Sentence,関係節
4837,I know an actor suitable for the part.,ok,Sentence,関係節
4838,A man very timid is unfit for this task.,*,Sentence,関係節
4839,A man always timid is unfit for this task.,ok,Sentence,関係節
4840,A car which I gave Bill is difficult for him to drive slowly.,*,Sentence,関係節
4841,The car which I gave Bill is dificult for him to drive slowly.,ok,Sentence,関係節
4842,A man would be easy to kill with a gun like that.,*,Sentence,関係節
4843,Someone would be easy to kill with a gun like that.,*,Sentence,関係節
4844,John would be easy to kill with a gun like that.,ok,Sentence,関係節
4845,Sm people were tall.,*,Sentence,関係節
4846,The people were tall.,ok,Sentence,関係節
4847,A man was intelligent.,*,Sentence,関係節
4848,Everyone was intelligent.,ok,Sentence,関係節
4849,Cars are tough to park in Manhattan.,ok,Sentence,関係節
4850,A fox is very easy to lure into a box.,ok,Sentence,関係節
4851,Beavers are hard to kill.,ok,Sentence,関係節
4852,A beaver is hard to kill.,ok,Sentence,関係節
4853,"Big as the boy was, he couldn't lift it.",ok,Sentence,関係節
4854,"Big as Harry was, he couldn't lift it.",ok,Sentence,関係節
4855,"Big as that gorilla was, he couldn't lift it.",ok,Sentence,関係節
4856,"Big as some giant was, he couldn't lift it.",*,Sentence,関係節
4857,"Big as a dog was, he couldn't lift it.",*,Sentence,関係節
4858,"Strong as every contestant is, they'll never shift it.",ok,Sentence,関係節
4859,"Strong as most contestants are, they can't shift it.",ok,Sentence,関係節
4860,"Strong as gorillas are, they can't outwrestle Superman.",ok,Sentence,関係節
4861,"Big as a bus is, it can easily pass through this gap.",ok,Sentence,関係節
4862,Children all enjoyed the movie.,*,Sentence,関係節
4863,The children all enjoyed the movie.,ok,Sentence,関係節
4864,Students will each make a speech.,*,Sentence,関係節
4865,My Students will each make a speech.,ok,Sentence,関係節
4866,Twins have both visited Atlanta.,*,Sentence,関係節
4867,George's twins have both visited Atlanta.,ok,Sentence,関係節
4868,Americans are all great admirers of John F. Kennedy.,ok,Sentence,関係節
4869,Languages are all used as a means of communication.,ok,Sentence,関係節
4870,There are unicorns in every wood.,ok,Sentence,関係節
4871,There are koala bears in Australia.,ok,Sentence,関係節
4872,The French have a habit that frankly rather offends Anglo-Saxon sensibilities.,ok,Sentence,関係節
4873,A book that frankly much oversimplifies the Cultural Revolution has recently been acclaimed by the Press.,ok,Sentence,関係節
4874,John's bought a painting that frankly I find rather ugly.,ok,Sentence,関係節
4875,John's bought the painting that frankly I find rather ugly.,ok,Sentence,関係節
4876,That waiter served me a steak that honestly made me sick.,ok,Sentence,関係節
4877,That waiter served me the steak that honestly made me sick.,ok,Sentence,関係節
4878,"These are trends that, frankly, delight the supermarkets and the food manufacturers，…..",ok,Sentence,関係節
4879,..， and these are complex issues that frankly a 30-second spot can't address.,ok,Sentence,関係節
4880,"This was due more to my unease in a situation for which, frankly, I was unprepared.",ok,Sentence,関係節
4881,The idea that we should change the whole sheep industry as a precaution against a risk which frankly does not exist is ridiculous.,ok,Sentence,関係節
4882,The researcher was relying on National Park Service databases that frankly stank.,ok,Sentence,関係節
4883,A woman who marries young is unlikely to be happy.,ok,Sentence,関係節
4884,A woman who frankly marries young is unlikely to be happy.,*,Sentence,関係節
4885,The student who frankly always surprises me is Smith.,ok,Sentence,関係節
4886,The student who surprises me is Smith.,ok,Sentence,関係節
4887,"One of the oldest pieces of sporting mythology that, incidentally, is perfectly true, is the story of the racehorse-owning Colonel Dennis O'Kelly's pre-race prediction： “It will be Eclipse first， the rest nowhere.” And so it proved.",ok,Sentence,関係節
4888,"I should mention too, at this point, a favourite theory of mine and one which, incidentally, I have not seen much mentioned elsewhere： …",ok,Sentence,関係節
4889,"He was terrific against the Russians who, incidentally, also had a player I tried to signーthe forward， Salenko but wasn't allowed to because he didn't have enough international caps.",ok,Sentence,関係節
4890,The girl I tell you he liked left the room blushing.,ok,Sentence,関係節
4891,No girl who I tell you he liked ever gets chosen.,ok,Sentence,関係節
4892,The book I promise to return is on the table.,ok,Sentence,関係節
4893,Every book which I promise to return is on the table.,ok,Sentence,関係節
4894,I will propose a motion that I promise I will withdraw before it comes to a vote.,ok,Sentence,関係節
4895,I will propose the motion that I promise I will withdraw before it comes to a vote.,ok,Sentence,関係節
4896,I shall give you a piece of advice that I beg you not to ignore.,ok,Sentence,関係節
4897,I shall give you the piece of advice that I beg you not to ignore.,ok,Sentence,関係節
4898,The person I advise you to talk to is Smith.,ok,Sentence,関係節
4899,It seems that I daresay he'll go.,*,Sentence,関係節
4900,I tell you that I daresay he'll go.,*,Sentence,関係節
4901,If I daresay he'll go，...,*,Sentence,関係節
4902,Jones was booed by some audiences that （I daresay） he thought he would captivate.,ok,Sentence,関係節
4903,Jones was booed by several audiences that （I daresay） he thought he would captivate.,ok,Sentence,関係節
4904,Jones was booed by many audiences that （I daresay） he thought he would captivate.,ok,Sentence,関係節
4905,Jones was booed by two audiences that （I daresay） he thought he would captivate.,ok,Sentence,関係節
4906,Jones was booed by the audience that （I daresay） he thought he would captivate.,*,Sentence,関係節
4907,Jones was booed by any audience that （I daresay） he thought he would captivate.,*,Sentence,関係節
4908,Jones was booed by every audience that （I daresay） he thought he would captivate.,*,Sentence,関係節
4909,Jones was booed by each audience that （I daresay） he thought he would captivate.,*,Sentence,関係節
4910,Her Majesty's ears were assaulted with some words that I daresay she may never have heard before.,ok,Sentence,関係節
4911,There is a book on the table.,ok,Sentence,関係節
4912,There is every book on the table.,*,Sentence,関係節
4913,There is each book on the table.,*,Sentence,関係節
4914,some of the books,ok,Noun Phrase,関係節
4915,some of those books,ok,Noun Phrase,関係節
4916,some of every book,*,Noun Phrase,関係節
4917,some of each book,*,Noun Phrase,関係節
4918,Paul has a brother who lives in Toledo.,ok,Sentence,関係節
4919,I've never met an American who understood cricket.,ok,Sentence,関係節
4920,There are many Americans who distrust politicians.,ok,Sentence,関係節
4921,Nixon is the only President who has ever resigned.,ok,Sentence,関係節
4922,This is the child who there is nobody who is willing to accept.,ok,Sentence,関係節
4923,"The fish, Bill ate that I caught.",*,Sentence,関係節
4924,Many Americans there have always been who distrust politicians.,?,Sentence,関係節
4925,"The fish that I caught, Bill ate.",ok,Sentence,関係節
4926,Many Americans who distrust politicians there have always been.,??,Sentence,関係節
4927,"Tom cooked a dish, as you know, that I always enjoy.",*,Sentence,関係節
4928,"There are many Americans, as you know, Who distrust politicians.",ok,Sentence,関係節
4929,There are many people who are interested in this problem.,ok,Sentence,関係節
4930,a problem which there are many people who are interested in.,*,Noun Phrase,関係節
4931,I know many people （who are） interested in this problem.,ok,Sentence,関係節
4932,a problem which I know many people （who are） interested in.,*,Noun Phrase,関係節
4933,There are many people interested in this problem.,ok,Sentence,関係節
4934,a problem which there are many people interested in,ok,Noun Phrase,関係節
4935,Which company is Alice dating a man who works for？,*,Sentence,関係節
4936,Ralph Nader has denounced the company that Alice is dating a man who works for.,*,Sentence,関係節
4937,Carter is expected to visit the country that Muskie repudiated the report that American troops have been sent to.,*,Sentence,関係節
4938,What company does Paul have a sister who works for？,?,Sentence,関係節
4939,Violence is something that there are many Americans who condone.,ok,Sentence,関係節
4940,Violence is something that I've never met an Englishman who condones.,?,Sentence,関係節
4941,Violence is something that Snead is the only Englishman who condones.,?,Sentence,関係節
4942,It's a distinction which I'm sure I'm the only person in the world who has.,ok,Sentence,関係節
4943,I have a friend φ called me yesterday.,ok,Sentence,関係節
4944,There are many Americans who distrust politicians and many Italians who distrust the clergy.,ok,Sentence,関係節
4945,There are many Americans who distrust politicians.,ok,Sentence,関係節
4946,Many Americans who like opera listen to the Met radio broadcasts.,ok,Sentence,関係節
4947,There are many Americans who like opera.,ok,Sentence,関係節
4948,Many Americans who want to reinstate the death penalty who wrote in Spiro Agnew for President subscribe to The Readers' Digest.,ok,Sentence,関係節
4949,Many Americans who wrote in Spiro Agnew for President who want to reinstate the death penalty subscribe to The Readers' Digest.,ok,Sentence,関係節
4950,There are many Americans who want to reinstate the death penalty who wrote in Spiro Agnew for President.,ok,Sentence,関係節
4951,There are many Americans who wrote in Spiro Agnew for President who want to reinstate the death penalty.,ok,Sentence,関係節
4952,A brother of Paul's lives in Toledo.,ok,Sentence,関係節
4953,"In my experience, no Americans has ever understood cricket.",ok,Sentence,関係節
4954,Many Americans distrust politicians.,ok,Sentence,関係節
4955,"Aside from Nixon, no President has ever resigned.",ok,Sentence,関係節
4956,It was Bill did it.,ok,Sentence,関係節
4957,It's money makes the world go round.,ok,Sentence,関係節
4958,Any man can't fight for his friends had better be dead.,ok,Sentence,関係節
4959,I gave a lift to anybody asked for one.,ok,Sentence,関係節
4960,She .. gave me all the change was in the house.,ok,Sentence,関係節
4961,Everyone lIves In the mountains has an accent all to thelrseit.,ok,Sentence,関係節
4962,The bad story is the quickest goes round.,ok,Sentence,関係節
4963,I'm looking for somebody can speak Irish well.,ok,Sentence,関係節
4964,This is the girl wants to see you.,ok,Sentence,関係節
4965,I have this friend lives in Dublin.,ok,Sentence,関係節
4966,Isn't that the song that Paul and Stevie were the only ones who wanted to record？,ok,Sentence,関係節
4967,That's one trick that I've known a lot of people who've been taken in by.,ok,Sentence,関係節
4968,This is a paper that we really need to find someone who understands.,ok,Sentence,関係節
4969,Isn't that the song that Paul and Stevie were the only ones that George would let record？,*,Sentence,関係節
4970,That's one trick that I know a lot of people that the police have taken in with.,*,Sentence,関係節
4971,This is a paper that we really need to find someone that we can intimidate with.,*,Sentence,関係節
4972,This is the kind of crisis that you never know who's manipulating for whose benefit.,ok,Sentence,関係節
4973,This is the kind of crisis that you never know for whose benefit the government is manipulating.,*,Sentence,関係節
4974,l'homme et la femme qui se sont maries hier,French,Noun Phrase,関係節
4975,un religieux et quelque communiste quil avait reunis,French,Noun Phrase,関係節
4976,le formalisme et la theorie que Raspe essaie de combiner,French,Noun Phrase,関係節
4977,le positon et I'electron qui se sont percutes dans la chambre a bulles,French,Noun Phrase,関係節
4978,l'homme et une femme qui se son rencrontres hier,French*,Sentence,関係節
4979,une mathematicienne et le poete qui se son rencrontres hier,French*,Noun Phrase,関係節
4980,ce militant et quelque exile que Pinochet a reunis,French*,Noun Phrase,関係節
4981,quelques fous et cet idiot qui se sont concertes,French*,Noun Phrase,関係節
4982,les philosophes et quelque moine a qui Dalgarno a demande de discuter son manuscrit,French*,Noun Phrase,関係節
4983,Il a rencontre un etudiant et le delegue.,French,Sentence,関係節
4984,Il a renconte plusieurs soldats et le cure.,French,Sentence,関係節
4985,Pinochet a torture ce militant et quelques exiles.,French,Noun Phrase,関係節
4986,Un archeveque et ces gangsters ont pris en mains les destinees du pays.,French,Sentence,関係節
4987,Une femme vient d'entrer et I homme vient de sortir qui se ressemblent beaucoup.,French*,Sentence,関係節
4988,La femme vient d'entrer et un homme vient de sortir qui se ressemblent beaucoup.,French*,Sentence,関係節
4989,La femme vient d'entrer et Phomme vient de sortir qui se ressemblent beaucoup.,French*,Sentence,関係節
4990,Une femme vient d'enttrer et un homme vient de sortir qui franchement se ressemblent beaucoup.,French,Sentence,関係節
4991,The woman started sewing and the man started reading who had been shouting at each other.,ok,Sentence,関係節
4992,A woman started sewing and a man started reading who had been shouting at each other.,ok,Sentence,関係節
4993,The woman started sewing and a man started reading who had been shouting at each other.,*,Sentence,関係節
4994,A woman started sewing and the man started reading who had been shouting at each other.,*,Sentence,関係節
4995,A man entered and a woman left who had met in Vienna.,ok,Sentence,関係節
4996,Two men entered and three women left who had met in Vienna.,ok,Sentence,関係節
4997,The man entered and the woman left who had met in Vienna.,ok,Sentence,関係節
4998,The two men entered and the woman left who had met in Vienna.,ok,Sentence,関係節
4999,Two men entered and the woman left who had met in Vienna.,*,Sentence,関係節
5000,Two men entered and all men left who had met in Vienna.,*,Sentence,関係節
5001,I met a girl I liked.,ok,Sentence,関係節
5002,I met a girl that I liked.,ok,Sentence,関係節
5003,I met a girl who Iliked.,ok,Sentence,関係節
5004,I met one of the girls who I liked.,ok,Sentence,関係節
5005,I met a girl and liked her.,ok,Sentence,関係節
5006,The book Bill bought that Max wrote was boring.,ok,Noun Phrase,関係節
5007,The book that Bill bought Max wrote was boring.,*,Sentence,関係節
5008,The trucks each of which blocked the highway belonged to the independent truckers.,*,Sentence,関係節
5009,"The trucks, each of which blocked the highway, belonged to the independent truckers.",ok,Sentence,関係節
5010,Those gifts some of which the handicapped made went to the orphans.,*,Sentence,関係節
5011,"Those gifts, some of which the handicapped made, went to the orphans.",ok,Sentence,関係節
5012,The proofs all of which are complex demonstrate the theorem.,*,Sentence,関係節
5013,"The proofs, all of which are complex, demonstrate the theorem.",ok,Sentence,関係節
5014,He married a woman none of whose children have learned the value of silence.,ok,Sentence,関係節
5015,"That is, at some intermediate level before anaphoric pronominalization had applied, given a conjunction each of whose clauses contains an occurrence of a coreferential noun, the second conjunct can be moved to a position immediately following the noun in the first conjunct",ok,Sentence,関係節
5016,"（51） means not that three boys were at the party, but that there were three boys all of whom both attended the party and had beards.",ok,Sentence,関係節
5017,It seems quite unlikely that there are six different forms of the pres- ent tense all of which are temporally identical in interpretation.,ok,Sentence,関係節
5018,"In terms of their communicative raison detre, cleftsand pseudo-clefts belong to a set of constructions each of which represents a marked variant of a communicatively 'simpler' sentence.",ok,Sentence,関係節
5019,A set of words each of which differs from all the others by only one sound is called a minimal set.,ok,Sentence,関係節
5020,"The embedded noun phrase is clearly the conjunction of two head noun phrases each of which have a determiner, and there is no obvious place to generate the modifying clause.",ok,Sentence,関係節
5021,Many secretaries are currently encumbered with a team of managers each of which still expects the traditional one-to-one service.,ok,Sentence,関係節
5022,"The number of husband-and-wife combinations each of whom owns a major world title recently doubled, from one to two.",ok,Sentence,関係節
5023,"Nevertheless Huddleston's treatment of the cleft construction in terms of categories not all of which have been established on independent grounds, would seem to draw support from peculiar syntactic features of the construction.",ok,Sentence,関係節
5024,The present system has produced judges nearly all of whom are competent，...,ok,Sentence,関係節
5025,But four related companies all of which have Clark as secretary are also being examined.,ok,Sentence,関係節
5026,"The LDP was then, as it is now, not so much a unified party as a collection of often antagonistic factions all of which chose to be elected under the banner of the LDP for convenience.",ok,Sentence,関係節
5027,President Clinton's speech contained elements almost all of which I agree with.,ok,Sentence,関係節
5028,"The subjects covered range from alcohol consumption to gardening for both of which, incidentally, listeners show an inordinate liking.",ok,Sentence,関係節
5029,all of books,*,Noun Phrase,関係節
5030,all of the books,ok,Noun Phrase,関係節
5031,each of many apples,*,Noun Phrase,関係節
5032,each of the many apples,ok,Noun Phrase,関係節
5033,many of all men,*,Noun Phrase,関係節
5034,many of all the men,ok,Noun Phrase,関係節
5035,"If the four former Warsaw Pact countries the Czech Republic， Hungary, Poland and Slovakia are to be brought into the EU, a far greater degree of flexibility will be needed than is necessary to admit the present four candidates countries Sweden, Finland， Norway and Austria all of which are already at a West European level of economic development.",ok,Sentence,関係節
5036,"The industrial heartland of Michigan, and the other Great Lake states of Ohio, Wisconsin and Illinois each of which is holding a primary today are, in effect, the battleground for the 1996 election and critical to any Dole triumph over President Clinton.",ok,Sentence,関係節
5037,One is the clash which is bound to take place between any two chambers each of which has an equal claim to a democratic mandate.,ok,Sentence,関係節
5038,I found dog in the park.,*,Sentence,関係節
5039,I found one dog in the park.,ok,Sentence,関係節
5040,I found a dog in the park.,ok,Sentence,関係節
5041,I found the dog in the park.,ok,Sentence,関係節
5042,All the teachers who had come to the meeting voted for A. as chairman of the committee.,ok,Sentence,関係節
5043,The teachers who had all come to the meeting voted for A. as chairman of the committee.,*,Sentence,関係節
5044,"All the teachers, who had come to the meeting（for different reasons）， voted for A. as chairman of the committee.",ok,Sentence,関係節
5045,"The teachers, who had all （of them） come to the meeting （for different reasons）， voted for A. as chairman of the committee.",ok,Sentence,関係節
5046,"The students, who had all （of them） returned from their vacation, failed the test.",ok,Sentence,関係節
5047,The students who had all of them） failed the test wanted to try again.,*,Sentence,関係節
5048,In this Chapter we will be considering a number of constructions which are all related to the imperative in one way or another.,ok,Sentence,関係節
5049,"Rather, we will put forward arguments for the view that there are a number of competing motivations which can all in some sense be said to be examples of maximization of economy or “simplicity""： ..",ok,Sentence,関係節
5050,A quadrilateral has three angles which are all 80 degrees. What is the size of the fourth angle？,ok,Sentence,関係節
5051,Exel Logistics feeds the production line and co-ordinates the efforts of 28 components manufacturers which are all based on a supplier park just 2km down the road from the car plant.,ok,Sentence,関係節
5052,"Since then, we have had a succession of people who have all loved it and been very keen - and dropped out at the last minute.",ok,Sentence,関係節
5053,Beattie attended to a cluster of three children who were all seriously injured and lying near the entrance to the gym.,ok,Sentence,関係節
5054,In a recent interview she tells how she arrived in Paris at the age of 16 and “was lucky to find a circle of male friends who were all either gay or transvestites”.,ok,Sentence,関係節
5055,Events that all occur in the present often have a temporal order， and that order depends on how expansively one interprets the utterance time.,ok,Sentence,関係節
5056,"By contrast, in the type of “evaluation”” in which an instruction like （25） plays a role, we are interested in making some prediction before the fact as to which one of two or more grammars that are all compatible with a limited set of data willl prove to have the best after-the-fact evaluation when new data are considered.",ok,Sentence,関係節
5057,As one comes to Lynn Road there are several traffic lights that are all visible at the same time.,ok,Sentence,関係節
5058,"According to Peter Thomson, a Henley faculty member, the recent bomb explosion in the City of London demonstrated the vulnerability of organisations that are all located in one place.",ok,Sentence,関係節
5059,"Jennifer Andersen, an executive at Domino records, a label that sponsors new musicians, was colourfully dressed in clothes that were all either gifts, or borrowed, or made by friends or family.",ok,Sentence,関係節
5060,We spent a long time sending out demo tapes that were all rejected.,ok,Sentence,関係節
5061,"A squatter in south London's Stockwell, Lucy Casson makes sculptures that are all formed from recycled tin.",ok,Sentence,関係節
5062,"“Right now, we know of some 20 parasites that are all natural enemies of Medflies，” Dietrick said.",ok,Sentence,関係節
5063,"Pitones was one of four county high school students who each received $3,500 scholarships from the group.",ok,Sentence,関係節
5064,Forwards Boberg and Boulton are also solid performers who each averaged 10 points last season.,ok,Sentence,関係節
5065,The play tells the story of three brothers who cach become the leader of a gang.,ok,Sentence,関係節
5066,"New York State's $73-million Lotto jackpot will be divided among four winners who will each receive $18 million over 21 years, lottery officials said.",ok,Sentence,関係節
5067,"Two individuals who each ear $40,000 a year pay $1,321 less in federal tax than a married couple earning a combined $80,000 and flling jointly.",ok,Sentence,関係節
5068,One writer sends his thoughts scribbled on public restroom paper towels that are each painstakingly wrapped in old aluminum foil.,ok,Sentence,関係節
5069,Orange County agriculture produced 17 crops in 1992 that were each valued in excess of Sl million.,ok,Sentence,関係節
5070,He missed three shots that were each at least 10 feet from the goal.,ok,Sentence,関係節
5071,We had uniforms that were each a different shade that complemented our various skin colors.,ok,Sentence,関係節
5072,Note that we can coordinate two PPs which are both Comple- ments:cf. （79） a student ［of Physics］ and ［of Chemistry］ And likewise we can coordinate two PPs which are both Adjuncts: cf. （80） a student ［with long hair］ and ［with short arms］,ok,Sentence,関係節
5073,The Hampshire Handicap Chase featured a thrilling finish between horses owned by two well-known owners who are both in their 93rd year.,ok,Sentence,関係節
5074,"You finally arrive at a village called Valcebollere, where there is a three-star auberge run by a lovely young couple who are both wonderful cooks.",ok,Sentence,関係節
5075,"Luchman and Elmadi Zhabrailov, two brothers who are both wrestlers, refused to compete on behalf of Russia and instead they represented Moldavia and Kazakhstan.",ok,Sentence,関係節
5076,The study was compiled by an O&M duo who both once worked for the Labour party. ,ok,Sentence,関係節
5077,"Brought up in Motherwell by parents who both ran their own businesses, Whyte bought his first share at 15 and had amassed his first Pounds 20,000 by the time he left school.",ok,Sentence,関係節
5078,"I don't want to be sitting round all day waiting to play, and I've got two players with me who are both capable of challenging for the title.”okok
The tears of a 10-year-old Zulu boy went unheeded in the legal battle between two women who both claim the right to raise him.okok
Born to parents who both worked at the San Sebastian golf club， the sport was in his blood.ok*
Children all enjoyed the movie.*?
The children all enjoyed the movie.okok
Students will each make a speech.*ok
My students willl each make a speech.ok*
But the language uses the expletives it and there which each have independent referential value.ok*
But in the case of examples of Root and Epistemic Possibility in English, this table would force us to conclude that there is often no difference （cf. examples （2） and （9） which share four properties； examples （4） and （7） which both have one property, P）.ok?
They include Riverside Holdings, a private leisure group headed by John and Peter Beckwith, the brothers who both made Pounds 40m when they sold London & Edinburgh Trust in the last property boom.okok
After the deaths of Tupac Shakur and Biggie Smalls→the two bestselling singers who both died in a hail of gunfire rappers are no longer dressing to kill. ok*
But the mood quickly calmed as the medical staff appeared, led by the anaesthetist Bruno Riou, and Alain Pavie, the thoracic and cardiac surgeon who both worked on the Princess in attempts to save her life.okok
The countries that will each have two teams in the event next autumn-Italy, Spain, England, France and Germany-happen to provide 90 per cent of Uefa's income.okok
We also have medium-band services such as BT Touchpoint （multimedia kiosks will start appearing in London this sum- mer）， BT Construction OnLine and BT Personnel that are all designed to make use of fast ISDN telecommunications links.okok
But Thomas, like her teammates who each have stories about their baseball history and statistics in the sport, says they are not too old to still play. okok
Jerry Schilling, one of the bodyguards and now a film producer， said： “You could see there was a meeting of minds between these two guys who were both at the top of their profession.”okok
She says： “We had these hand-made wooden bricks that were all slightly different in size.",ok,Sentence,関係節
5079,That subsection was of critical importance in these two cases which were both concerned with offenders over 21.,ok,Sentence,関係節
5080,"Equally unconventional were Oscar winners such as the Apollo 13 editor who wore a round brooch under his Adam's apple, the sound directors from Braveheart who both appeared in shirts with neither collars nor ties, and the sound team from Apollo 13 who managed one tie among four.",ok,Sentence,関係節
5081,"On the one hand, people seem to do things voluntarily, for reasons that are all too clearly explained.",ok,Sentence,関係節
5082,UNFAIR as it may be to compare any conductor with Gunter Wand， he sets standards that are all but impossible to emulate.,ok,Sentence,関係節
5083,Valderrama takes early lead in Ryder Cup race; Golf John Hopkins John Hopkins assesses the main courses that are all fighting to stage the 1997 match.,ok,Sentence,関係節
5084,"Yet this team which, including the three substitutes who were all deployed, relied heavily on youth, offered a vigour and zest absent in recent times.",ok,Sentence,関係節
5085,"The group's strong performance meant that the bonus paid to the 35,000 staff who are all partners in the group was lifted from the previous year's level of 12 per cent of pay to 15 per cent.",ok,Sentence,関係節
5086,They （= BMW and Mercedes→T.K.） are the first to offer the electronically triggered side airbags that are an optional supplement to the dual airbags that both fit as standard.,ok,Sentence,関係節
5087,"Name the new life peer and the magician who both threatened to leave the country if Tony Blair became prime minister, and then stayed.",ok,Sentence,関係節
5088,"He has two older brothers and an elder sister who have all been through university, and one brother is still studying at Imperial College, London.",ok,Sentence,関係節
5089,She has a brother and a sister who were both Olympic riders.,ok,Sentence,関係節
5090,"Besides the hard, physical labor provided by league parents， there was help from people with no direct connection to the
group, including a local architect and a welder who each poured thousands of dollars of free labor into building the ball field.",ok,Sentence,関係節
5091,"Thus one mixture comprised aluminium, magnesium, rubber and plastic, and small quantities of gold, silver, wood and fabric each of which was specified in the annexe.",ok,Sentence,関係節
5092,"Teachers, nurses, the police and armed-forces personnel all of whom are entitled to a secure，generous and index-linked pension have been targets of personal pension salesmanship， and many thousands may have succumbed.",ok,Sentence,関係節
5093,"A recent article in The Financial Mail, the country's leading business magazine, spoke of “the ANC's authoritarianism，
recidivist socialism and rat-pack response to any criticism of its behaviour all of which have been true to some extent.""",ok,Sentence,関係節
5094,"He has unflagging talent, ruthlessness and energy all of which are directed at destroying President Bill Clinton.",ok,Sentence,関係節
5095,hey have stopped deploring the nation's sex life or the undeserving poor or dams in Malaysia about all of which they know nothing.,ok,Sentence,関係節
5096,"Pizza Hut will join a non-kosher McDonald's, Blockbuster Videos, Tower Records and Ben and Jerry's Ice Cream which have all recently opened in the centre of Jerusalem within a few hundred yards of each other.",ok,Sentence,関係節
5097,"The four boats in Devonport are HMS Conqueror, which sank the Argentine cruiser General Belgrano in the Falklands War in 1982, HMS Courageous, HIMS Warspite which have all been defuelled and HMS Valiant, which is awaiting defuelling.",ok,Sentence,関係節
5098,They replace Sir William Barlow and Sir Robert Clark who both retire from the board at the end of March.,ok,Sentence,関係節
5099,"Among the biggest losers are Lang and Lyell who are both calculated to have losses of more than Pounds 340,000 without taking into account any forecast debts still to come.",ok,Sentence,関係節
5100,"With him is Zeb Elliott and Neal MeDonald who are both past International 14 world champions, while McDonald is regarded as the top British skiff sailor, having raced for five seasons in Australia.",ok,Sentence,関係節
5101,"The Americans are now pushing for a delay in makig payments -estimated by the World Bank to total between $s.5 billion and $7 billion-to the satisfaction of Germany, Japan and Italy all of Which have been hesitant.",ok,Sentence,関係節
5102,"Now Brussels wants to add 45 countries to the list, including South Africa, the Caribbean, the Middle East and the Gulf all of which in return are certain to impose a reciprocal requirement on British visitors.",ok,Sentence,関係節
5103,It was followed by deals with Brymon in the West Country，Loganair in Scotland and Maersk Air in the Midlands all of which involved untangling alliances with other airlines.,ok,Sentence,関係節
5104,"It is too late to open an account with the Woolwich, the Halifax or the National & Provincial all of which have announced their intentions.",ok,Sentence,関係節
5105,Ann defeated the World Champion in a game that sent the sellout crowd into a frenzy.,ok,Sentence,関係節
5106,Yet Secretary of State George Shultz has conceded that the ANC has “emerged as an important part of the South African political equation”” that must be acknowledged.,ok,Sentence,関係節
5107,"Government borrowers will have to show that they will spend the bank's money on infrastructure improvements→better

telephone systems and railings， for example that will also help nurture free enterprise.",ok,Sentence,関係節
5108,"British Aerospace even appointed him to the board, at least partly, it was alleged, because it hoped to curry favour with the Labour government that then looked likely.",ok,Sentence,関係節
5109,"He admitted, however, that until recently Colombo had a poor human rights record, and could not command sympathy until it had passed laws against torture，introduced human rights training for the armed forces, set up a commission to investigate abuses and lifted the state of emergency in most of the country all of which was now in place.",ok,Sentence,関係節
5110,"He redefines nationalism, according to O Connor, in language which “is modern, intelligent and reasonable all of which matters to Northern Catholics to an extraordinary degree”.",ok,Sentence,関係節
5111,Tom rooms with two Taoists and Bill rooms three .,ok,Sentence,関係節
5112,Tom rooms with two Taoists and Bill rooms three Taoists.,ok,Sentence,関係節
5113,Tom rooms with two believers in Taoism and three believers in Jainism.,ok,Sentence,関係節
5114,Tom rooms with two believers in Taoism and three in Jainism.,*,Sentence,関係節
5115,"Tom has two cats that once belonged to Fred, and Sam has one.",ok,Sentence,関係節
5116,"Newton proposed one theory of light in 1688 and a second （one）
in 1703.",ok,Sentence,関係節
5117,The theory of light that Newton proposed was less successful than the one that Huygens proposed.,ok,Sentence,関係節
5118,The theory of light that Newton proposed that everyone laughed at was more accurate than the one that met with instant acceptance.,ok,Sentence,関係節
5119,"I have in my cellar a '71 Beaujolais, a ' 71 Chateau Figeac, a'75 Durkheimen Feuerburg and a '75 Ockferer Boekstein. Shall we drink the oldest one first？",ok,Sentence,関係節
5120,"Tom wrote a book. Bill wrote one, too.",,Sentence,関係節
5121,"In a case [I know of］,the behaviour became obsessional, and possibly deviant， Wilson says.",ok,Sentence,関係節
5122,"In paragraph 6.4.1, I will discuss a few of the many pieces of confirming evidence ［that I know of］， and in paragraph 6.4.2, I will discuss all the disconfirming evidence that has come to light thus far.",ok,Sentence,関係節
5123,"I must say that the descriptions of, in particular, English that this list of rules gave us worked pretty wellーbetter than any description of ENglish [that I know of now].",ok,Sentence,関係節
5124,"No semantic theory ［that I am aware of］（with the possible exception of Schank's （1972）） offers the machinery for accomplishing this, but at least we have an inkling of one direction in which we should move.",ok,Sentence,関係節
5125,"“And has she made one of these suicide attempts or phoney suicide attempts before？ “ Not ［that I know off，"" said Rosenberg.",ok,Sentence,関係節
5126,"Has he ever been in danger? Well, not ［that I know of］.",ok,Sentence,関係節
5127,I have no enemies [I know of].,ok,Sentence,関係節
5128,"“This is the only country [I know of］ where we would permit children access to weapons that make them better armed than police forces，” the president said at a ""“town hall” meeting in California.",ok,Sentence,関係節
5129,These are the most marvelous and patient fans [I know of]，” he said.,ok,Sentence,関係節
5130,“This is the first one [I know of]， and hopefully it's the last，””Garagliano said.,ok,Sentence,関係節
5131,I think we have actedtaster 1n this case than in any other comparable case ［that I know of］.,ok,Sentence,関係節
5132,All schools ［I know of］ could use a great deal more funding.,ok,Sentence,関係節
5133,Almost every major university ［that I know of］ has had to deal with one or the other major scandal.,ok,Sentence,関係節
5134,Such a proposition would be acceptable in most religious systems ［that I know of］.,ok,Sentence,関係節
5135,"There's a lot of people ［I know of］ that are a lot bigger rock stars, at least in their own mind, than me.",ok,Sentence,関係節
5136,"“There are very few cities [I know of］ where people seeing a black woman walking down the road with her children stop and yell 'get out of here, nigger bitch'，” Tom Oxford, Mr Simpson's lawyer, told US Today newspaper.",ok,Sentence,関係節
5137,There have been six recent offences of indecent assault or indecent exposure ［that we now know of］.,ok,Sentence,関係節
5138,I think Morris Halle was the only linguist in the 1950s who I can remember who thought it was ever worth pursuing.,ok,Sentence,関係節
5139,“It is the most leaky cabinet ［I can recall］ ” says one member.,ok,Sentence,関係節
5140,“The team spirit which grew in a party missing several of our representative players was the best ［I can remember］，” he said.,ok,Sentence,関係節
5141,The only theatre people ［I can think of］ who have it are Audrey Hepburn and Betty Bacall.,ok,Sentence,関係節
5142,"In Laurel Plaza, there's no team effort ［that I can see］.",ok,Sentence,関係節
5143,"The only transformation [I know of] ［that requires a similar filter］ is relative clause formation, which is blocked if nonidentity obtains between the relativized word and the head of the NP containing the relative clause.",ok,Sentence,関係節
5144,"Switzerland is the only country ［I know of］ ［which is hospitable and yet has preserved its own identity, both physical and psychological］.",ok,Sentence,関係節
5145,"Agnes is the only person II know］ ［who could be remotely described as international jet set, a breed that was born in Cannes in the early 1960s］.",ok,Sentence,関係節
5146,She was the only auditor ［I know］ ［that spent more time round our factories than many of our executives］.,ok,Sentence,関係節
5147,"They haven't hurt my pride too badly, but this is the first time ［I can remember］ ［when a young man has complained after I invited them to give me a kiss］.",ok,Sentence,関係節
5148,It is also the first American cop drama lI can remember］ ［in which the black cop is allowed to be unpleasant］.,ok,Sentence,関係節
5149,The only thing ［that I could think of］ ［that England's bootless peasantry would so willingly queue all day for］ would be Cup Final tickets.,ok,Sentence,関係節
5150,“Nothing has occurred ［that I'm aware of］ ［that has caused either party to believe their respective interests are not still served by continuing live television coverage of the case］”,ok,Sentence,関係節
5151,"I just don't remember that there was anything ［that went down in the ""70s］ ［that I can remember right now as I'm talking to you］.",ok,Sentence,関係節
5152,She is the only writer LI can think of］［who has become consistently better］ and is the only writer ［I know］ ［who makes me laugh］ ［who has any real pretensions as a novelist］.,ok,Sentence,関係節
5153,I think there are many ［that we know］ ［that are alive now］ ［who will never see another Sunday］.,ok,Sentence,関係節
5154,Since there is no way ［of deriving （28e）］ ［that does not involve a violation of this constraint］， the sentence is correctly predicted to be ill-formed.,ok,Sentence,関係節
5155,THE IRA has developed a new way ［of remotely detonating bombs from long distance］ ［which is so sensitive that explosives could accidentally be set off by members of the public］， the RUC warned yesterday.,ok,Sentence,関係節
5156,BT has fought back （thanks to the wonders of digitalisation and compression） by experimenting with a way ［of sending video films down existing copper cables］［which doesn't seem to transgress the legal restrictions］.,ok,Sentence,関係節
5157,"The only way ［I know］ ［of dealing with the problem］ is to stop it at source; that is to have international agreement and to limit and, ideally, completely stop the use of these harmful chemicals.",ok,Sentence,関係節
5158,Then there is the sending of invitations to a party， “the cheapest way ［I know］ ［of attaining the sensation of true lordliness］”,ok,Sentence,関係節
5159,The best way [I know］ ［of keeping the balll is to only use players who are comfortable with it at their feet，” he said.,ok,Sentence,関係節
5160,"..： there's no technical term ［for this］ ［that I know of］， but if you've had a wipeout, a lot of sea water ends up washing around in your sinuses.",ok,Sentence,関係節
5161,“The only reason lI can think of］ ［for being on the list］ is that I preached at an ANC funeral.””,ok,Sentence,関係節
5162,That's the only reason ［I can think of］ ［for the questions being asked」.,ok,Sentence,関係節
5163,This contrast is about the strongest argument ［I know of］ ［for the notion “Accessible SUBJECT］,ok,Noun Phrase,関係節
5164,HealthMed has no affiliation ［that I know of］ ［with Scientology］.,ok,Sentence,関係節
5165,The worst punishment ［I can think of］ ［for them］ is having to put their own ideas into practice.,ok,Sentence,関係節
5166,It's the best cure ［I can think of］ ［for adultery］.,ok,Sentence,関係節
5167,Writing was the only other means ［I knew］ ［of supporting my family］.,ok,Sentence,関係節
5168,The most charitable comment II can think of］ ［concerning Kirschner's views］ is that he is somewhat confused.,ok,Sentence,関係節
5169,... this was by far the worst example ［I can remember］ ［of the media acting in a way which might prejudice a fair trial］.,ok,Sentence,関係節
5170,”Goal scoring is an instinct，， Lemaire said. “The best example ［I know］ ［of that］ was Bossy，,ok,Sentence,関係節
5171,American scientists are investigating a novel way ［to treat coronary artery disease］［which could overcome the need for heart surgery and other invasive techniques］.,ok,Sentence,関係節
5172,They found a way ［to bet on the country's most popular sport］ ［which avoided the risk of players being bribed to throw away victory］.,ok,Sentence,関係節
5173,"It is a long and difficult enterprise, but it is the only way ［I know of］ ［to make the case in a responsible manner］.",ok,Sentence,関係節
5174,"Perhaps it is not the best way, but it is the only way ［I know of］［to get to something that is as close as possible to life］.",ok,Sentence,関係節
5175,In Chapter 2， I will discuss the only previous attempts ［I know of］ ［to limit the power of variables｝ーChomsky's A-over-A principle and two conditions subsequently proposed by himand demonstrate that they are too strong in some respects and too weak in others,ok,Sentence,関係節
5176,"The only reason ［I can think of］ ［to do it, at some fire-sale price，］ is that no one right now has the nerve to buy an apartment in New York—it's so obviously a risky thing to do.",ok,Sentence,関係節
5177,"Posture is not only a means of punctuating a conversation, it is also a way ［in which people can relate to each other when they are together］.",ok,Sentence,関係節
5178,One would go to the effort of saying pale red instead of pink only if there were some reason ［why pink would be inappropriate］.,ok,Sentence,関係節
5179,In addition to language there are other ways ［in which man communicates］ ［that either reinforce or deny what he has said with words］.,ok,Sentence,関係節
5180,"Juanita, is there any way ［you can think of］ ［that anyone, anyone at all, could have taken the money out of your cash drawer］？",ok,Sentence,関係節
5181,It's the only reason ［I can possibly think of］ ［why she should have been killed］.,ok,Sentence,関係節
5182,There are also countless instances of different ways la given sequence of words can be interpreted］ ［that correspond to different structural relations among the parts of the sentence］，e.g；…,ok,Sentence,関係節
5183,There may be instances ［in which markers are not applied］ ［that we are not aware of because context does not clearly mark thedeviancy］.,ok,Sentence,関係節
5184,There is only one case ［that I know of］ ［in which a constraint might be attributed to the doubtful status of a filler］.,ok,Sentence,関係節
5185,he only case in English ［that I am aware of］ ［in which a suffix is attached to a noun specified as ［-Masculine］ to render it ［+Masculine］］ is widow versus widower，…,ok,Sentence,関係節
5186,But that'stheonlyinstance［I know of directly］［whereth been an impact］.,ok,Sentence,関係節
5187,“ We love the place so much because it is the only place ［we have come across］［where we can live with the racehorse］［that looks vaguely like Scotland］，” said Deirdre.,ok,Sentence,関係節
5188,Kim is the most enthusiastic supporter ［I've come across］.,ok,Sentence,関係節
5189,It was the biggest fish ［I had ever seen］.,ok,Sentence,関係節
5190,The system seems to be working the most efficiently ［that it has ever worked］.,ok,Sentence,関係節
5191,Perlman played “Tzigane” the most beautifully ［that I've ever heard it played].,ok,Sentence,関係節
5192,It is the purpose of this book to explain the many other features［that these expressions share］ ［which are not so apparent at first glance］.,ok,Sentence,関係節
5193,"… we could never exhaustively list all the sentences of a language, because no matter how many sentences we had on the list, there would always be other sentences [that were longer] [that we had not put on the list].",ok,Sentence,関係節
5194,"There is, obviously, some information ［that is available to some language users in the linguistic community］ ［that is not available to others］",ok,Sentence,関係節
5195,He recalled a woman ［who worked for him］ ［who was aghast when he acted on a complaint she had made］.,ok,Noun Phrase,関係節
5196,Any suspicion ［that John was red-headed in his youth］ ［that you might be harboring］ is certainly false.],ok,Sentence,関係節
5197,"However, I reject the position ［that I once subscribed to］ ［that surface combinatoric restrictions are only a reflection of semantic combinatoric restrictions and lead no life of their own］.",ok,Sentence,関係節
5198,"Strictly, the speaker is appealing to the knowledge ［the hearer shares with him］ ［that the referent is part of such a set］， but there is also a looser usage, in which the definite description actually informs the hearer that the referent is part of a particular shared set.",ok,Sentence,関係節
5199,It is the only occasion ［I can recall］ ［that the company was divided in this way］.,ok,Sentence,関係節
5200,He's been in jail for 13 months and there is no suggestion ［I know of］ ［that he's a threat to anyone in Britain］.,ok,Sentence,関係節
5201, Aren't there a lot of other such hidden shady deals going on between you and industry? Not ［that I know of］.,ok,Sentence,関係節
5202,"Did he hit him？ ""I don't know，” Gretzky said, giggling and shaking his head. Hill wasn't sure either, saying： ""Not ［that I know of］.”",ok,Sentence,関係節
5203,But that's the only instance II know of directly］ where there's been an impact.,ok,Sentence,関係節
5204,here have been six recent offences of indecent assault or indecent exposure ［that we now know of］.,ok,Sentence,関係節
5205,“Where would anybody obtain ricin？””The doctor shook his head. “Nowhere ［that I know ofj”,ok,Sentence,関係節
5206,“Have there been abductions of children from the area？” “None ［that Iknow ofj.”,ok,Sentence,関係節
5207,What have I lost? Very little ［that I know of］.,ok,Sentence,関係節
5208,"""She spoke to you about me？” “Not ［that I remember］” Rudolph said.",ok,Sentence,関係節
5209,"“You did not change gloves between the collection of each sample, did you？” Scheck asked. ""Not ［that I can recall］， no."" Fung said.",ok,Sentence,関係節
5210,Is there anyone outside the government who believes for a nanosecond that this will make the slightest difference? Not ［that I can discover］.,ok,Sentence,関係節
5211,"Is Katzenberg owed an additional payment？ ""Not that I see，” Eisner says.",ok,Sentence,関係節
5212,Has Gott been involved with him? Not ［so far as we know］.,ok,Sentence,関係節
5213,"The cleric shrugged. 'No, not ［as far as I know］”",ok,Sentence,関係節
5214,"Never, never ［as far as I know］.",ok,Sentence,関係節
5215,"“And they didn't know about the kidnap, what was in the bag，why Cruba was there？” “Not ［so far as I know］”""",ok,Sentence,関係節
5216,"I mean, animals don't laugh or smile， ［that I know of］.",ok,Sentence,関係節
5217,"Another advocate, Alexander Murray, later Lord Henderland，“did not venture to say any thing， ［that I remember］， observed Boswell，…",ok,Sentence,関係節
5218,This is one of the first attempts， 「that I'm aware of］， that seeks to globalize the kind of care these people need.,ok,Sentence,関係節
5219,That's not written［that I know of］ -in any institution.,ok,Sentence,関係節
5220,［As far as I know］， our relations are still sound.,ok,Sentence,関係節
5221,"We're a clean company doing a clean business, as far as I know",ok,Sentence,関係節
5222,"（The rock group） Genesis, as far as I know, are not interested in putting out this material.",ok,Sentence,関係節
5223," “This has never been done ［that I know off，' Irvin's attorney， KEVIN CLANCY, said.",ok,Sentence,関係節
5224,He doesn't get rattled by very much ［that I can see］.,ok,Sentence,関係節
5225,"He has been revived twice ［that I know of］， brought back from the brink of death after inhaling his vomit, a common cause of death among heroin addicts.",ok,Sentence,関係節
5226,"In the 34 years I have lived in a section of La Crescenta that is now part of the city of Glendale, our stretch of Foothill Boulevard has been repaved or resurfaced four times ［that I can recall］.",ok,Sentence,関係節
5227,Not that I know of.,ok,Sentence,関係節
5228,Not I know of.,*,Sentence,関係節
5229,Not that I can recall.,ok,Sentence,関係節
5230,Not I can recall.,*,Sentence,関係節
5231,Not that I can think of.,ok,Sentence,関係節
5232,Not I can think of.,*,Sentence,関係節
5233,"""[As far as I know］ Mr. Boone has never given New Era any money，” Maureen Marta said.",ok,Sentence,関係節
5234,The Second Amendment， 【as far as I know］， has never been about duck hunting or legitimate sporting purposes only.,ok,Sentence,関係節
5235,There could be pink elephants out there on the field ［as far as I know］,ok,Sentence,関係節
5236,"There's no spot like it on the West Coast， ［that I know of］，where you can come, park your car at no charge, and stay as long as you want and do something good，” he says.",ok,Sentence,関係節
5237,"I mean, animals don't laugh or smile， ［that I know of］.",ok,Sentence,関係節
5238,He doesn't have any enemies in Baltimore ［that I know of］.,ok,Sentence,関係節
5239,There hasn't been an emergency declared ［that I know of］”spokesman Vincent Moreno said.,ok,Sentence,関係節
5240, I was dead tired and slept soundly， ［as far as I know］ dreamlessly.,ok,Sentence,関係節
5241,"As for the pipes, he played， ［so far as I know］， no musical instrument；...",ok,Sentence,関係節
5242,"Though my hypothesis has not ［so far as I know］ been explicitly announced in the literature of linguistics, there are a few hints of it.",ok,Sentence,関係節
5243,But none of these names， 【as far as I can ascertain］， had appeared in the language before this date.,ok,Sentence,関係節
5244,But there is no non-ad hoc way，［that I can see］， to analyze such examples as （58） in terms of the Nom S analysis.,ok,Sentence,関係節
5245,"Timothy Singer also testified that he saw King hit six times, and “all of the blows except one， ［that I can recall］， struck him in the head.”",ok,Sentence,関係節
5246,"I knew Brian for nearly 50 years, and never， ［that I can remember］， spent an unhappy day in his company，…..",ok,Sentence,関係節
5247, For the first time ［that clerks to the House of Commons can recall］，a petition is being disseminated by newspapers in order to reach the widest possible audience.,ok,Sentence,関係節
5248,"For the first time， ［so far as one can recall］， a simple hand-starter is provided in the pilot's cockpit, and when I went up with Mr. Hubert Broad, the pilot merely pulled a lever twice in his cockpit and the engine began to tick over gently.",ok,Sentence,関係節
5249,For the first time ［people can remember］， farmers and factories cannot sell everything they produce.,ok,Sentence,関係節
5250,"Lindsay said： ""I think he was feeling a bit of tiredness and strain, and, for the first time ［I can remember］， he was actually admiting to it.""",ok,Sentence,関係節
5251,"When my parents were gone on vacation, he came to help me move the trash can to the street， she said. He's a Christian boy， ［that I know］. He's quite religious.",ok,Sentence,関係節
5252,"I like music that sticks to me， ［that I remember］， Hargrove says， ""….. the kind of song I hear everyday, all day, whether I'm playing or just walking around.”",ok,Sentence,関係節
5253,［As far as could be checked］， he was telling the truth.,ok,Sentence,関係節
5254,"It isn't merely that hers is an airport novel whereas his is not， nor that his won the Booker Prize whereas hers did not: it's the fact, as everybody must know by now, that she did not write Swan whereas，[as far as anybody knows］， he did write How Late lt Was, How Late.",ok,Sentence,関係節
5255,"The only people ［I can think of］ ［who change height that quickly in the course of their work］ are RAF pilots, who shrink noticeably each time they eject through the canopy.",ok,Sentence,関係節
5256,"Although there are a few things ［I can think of］ ［that I would enjoy doing］，
there are not many as much as golf.",ok,Sentence,関係節
5257,"Too bad, because this show→the first time II am aware of］ ［that an art museum has taken on the subject of air trayel］ presented an uncommon opportunity to examine the infrequent attempts made in the last generation to design better airports.",ok,Sentence,関係節
5258,"It is the only seaside town ［that I know］ ［where you can paddle, stretch out on golden sands, listen to a brass band, waste an hour or two on the putting green, have a beer followed by an ice-cream dessert so big you need a degree in advanced mountaineering to tackle it and not have to walk more than 100yds］.",ok,Sentence,関係節
5259,"Barbara Cartland, Raine's mother, is the only woman ［I know］ ［who stuffs her handbag full of press releases before she leaves home］.",ok,Sentence,関係節
5260,"It was the only version ［we could find］ ［that was completely neutral］， Nick Moon,the polling director of NOP, says.",ok,Sentence,関係節
5261,"He is the only manager ［I know］ ［who can pull off a player 20 minutes into a match, then substitute the substitute］",ok,Sentence,関係節
5262,"Of the three, Brookside seems easily the most depressing; it's the only soap opera lI know］［in which you can tell the really posh ones by their Led Zeppelin T-shirts］",ok,Sentence,関係節
5263,"Indeed, it is the only hotel ［I know］ ［which looks notably better in real life than in the artist's impressions in the brochure］",ok,Sentence,関係節
5264,She is also the only person ［I can think of during my time as a reporter］ ［who shamelessly bribed me and I didn't even notice T'd been had］.,ok,Sentence,関係節
5265,"While several of his little-Englandist contemporaries traded on the Movement tag, Gunn is the only one ［I can think of］ ［who did move on any meaningful levels, and of his own accord］",ok,Sentence,関係節
5266,I'm the only dad ［I know］ ［who kept my girlfriend's name for our daughter］.,ok,Sentence,関係節
5267,"Lady Blemley replied that your lack of brain power was the precise quality which had earned you your invitation, as you were the only person ［she
could think of］ ［who might be idiotic enough to buy their old car］.",ok,Sentence,関係節
5268,George is the only guy [Iknow］ ［who went to Brazil for a day］， he says.,ok,Sentence,関係節
5269,"The Aga Khan is the only man ［I know］ ［who has fewer friends than, say，
James Hewitt］.",ok,Sentence,関係節
5270,"Well, in my opinion they're not and we're not; the only people ［I can think of］ ［who find vampirism at all interesting］ are locked safely away in Laughing Academies or shut up in their bedrooms listening to Cure records.",ok,Sentence,関係節
5271,And his wit shines from every page： “Mr Heseltine is the only politician ［I know］ ［whose peroration starts in the third sentence］”,ok,Sentence,関係節
5272,"Christopher Jowett, group solicitor at the Halifax, said the Mildenhall case was the only criminal prosecution ［he knew of］ ［that had resulted from claims of phantom withdrawals at a Halifax ATM］.",ok,Sentence,関係節
5273,Marks and Spencer said： “At the time the German supplier was the only one ［we could find］ ［that was able to provide fish fingers made from cod that was filleted and frozen on board ship within hours of being caught］.”,ok,Sentence,関係節
5274,Skinner is the only guy ［I know］ ［who showed up at the White House mess just to hang out］，” cracked a senior official.,ok,Sentence,関係節
5275,There isn't a judge ［I can think of］ ［who is held in great public esteem］.okok,ok,Sentence,関係節
5276,"Ingrams, from the very beginning, has always had a superb eye for the  correct target to aim at and there is nobody ［I can think of］ ［whom he has aimed at undeservedly］",ok,Sentence,関係節
5277,The North Tipperary society is the only one ［I know of］ ［that has come out and said their members support fox-hunting］” he said,ok,Sentence,関係節
5278,"All churches ［I know of］ ［that require people to show public evidence of faith before a baptism］ offer an alterative service of blessing and thanksgiving to those who will not make this commitment.""",ok,Sentence,関係節
5279,"It might have been a moment for a smug look back at how liberal we've become and how hypocritically righteous we were, except that I was nagged by the thought that this is the last bill 【I can remember］［that actually freed people to do something they hadn't been allowed to do before］， and it reminded me that we are now living under a regime that boasts its freedomloving liberality to the rafters but is using its mandate to bring in legislation against pursuits it deems immoral.",ok,Sentence,関係節
5280,"Best of all, there were no trees in which to lose your ball and no bunkers to trap it-it was the only round ［I can remember］ ［where I didn't lose a ball］！",ok,Sentence,関係節
5281,This is the first serious restaurant ［I can remember］ ［that has a photo of a girl's naked bottom covered with sand on the inside of the gents' lavatory door］.,ok,Sentence,関係節
5282,We will be obtaining information from the only source ［I am aware of］ ［that is reliable］ーthe police national computer towards the end of the month when I think we can get a much better picture.,ok,Sentence,関係節
5283,"There is no information ［that I am aware of］ ［that suggests that anyone was authorized to occupy the structure in question for legal or illegal purposes］， said Mr. Brafiman, who is representing Glencord's owner, Joseph Cincotta.",ok,Sentence,関係節
5284,There are at least two journalists ［I know of］ ［whose wives have given birth back in Japan to children the journalists themselves have yet to see］ Mari Amano said.,ok,Sentence,関係節
5285,There's no research ［I know of］ ［that supports this］.,ok,Sentence,関係節
5286,"There's no law ［that I know of］ ［that says， “Well, in this particular instance， you may forget the Immigration Act for six months while this guy gives you some help'］”",ok,Sentence,関係節
5287,"The Internaional Astronoical Union, of which I am a member, is the only organisation ［I know］ ［that always has been totally international］.",ok,Sentence,関係節
5288,(Obviously I try to avoid politics with Rowena: she's the only person ［I know］［who voted Conservative］， except for the （black） man with the peaked cap on the door of the building name forgotten-but what can you expect？）,ok,Sentence,関係節
5289,"When he joined Sky, Michael Grade said, Kelvin is the only person l know］ ［who could take Sky downmarket］”",ok,Sentence,関係節
5290,"Here is a non-conformist whose distaste for convention goes well beyond the political: he's the only man II know］ ［who will whip out a camera， photograph the person he's having lunch with, and then point it at diners on nearby tables］.",ok,Sentence,関係節
5291,"Te only serial narrative II know］ ［that currently aspires to the same dizzying scope］ is a monthly American comic strip called Cerebus, which recounts the saga of a sword-and-sorcery aardvark, part Conan-style barbarian, part Balzacian social climber",ok,Sentence,関係節
5292,"The only other person ［I know］ ［who does that］， someone mutters, is the
window-cleaner.？",ok,Sentence,関係節
5293,He's the only man ［I know］ ［who has to shield his eyes when it's down to 50 yards visibility］.,ok,Sentence,関係節
5294,The only other people ［I know］ ［who have been evicted over drugs］ were heroin and cocaine dealers who had been to prison， said Mrs Wakeman.,ok,Sentence,関係節
5295,"Besides, there isn't one person ［I know］ ［who hasn't experienced chaos at one point in their life］.",ok,Sentence,関係節
5296,He's the only one ［I know］［who has survived more than 30 novels and 18  screen adaptations］.,ok,Sentence,関係節
5297,"In fact, the Philippines is the only country II know of］ ［where being a half-caste is considered as a step-up from being indigenous］",ok,Sentence,関係節
5298,"The only residential premises ［I know of］ ［that fall within 353］ are rent- controlled flats on the top floors of chambers buildings, occupied by eminent judges and senior barristers, which cannot be bought or rented by outsiders.",ok,Sentence,関係節
5299,Its news section is the only electronic football fanzine ［I know of］ ［that is written by a professional journalist］， and it carries up-to-date commentary on all Gunners matters as covered in the national media.,ok,Sentence,関係節
5300,He is the first chairman of selectors ［that I can recall］［who is not an establishment manj.,ok,Sentence,関係節
5301,"Van Gogh is the only other painter ［I can think of］ ［who fills portraits with
yellow, thus making them artificial suns］.",ok,Sentence,関係節
5302,About the only word ［I can think of］ ［that can be used only for men］ is the word manly.,ok,Sentence,関係節
5303,"The only thing ［I can think of］ ［that's left］ is for a hurricane to blow right through here, and everybody will probably call it Hurricane Bud.”",ok,Sentence,関係節
5304,That's the only motive ［I can think of］ ［that would fit］.,ok,Sentence,関係節
5305,It's the only profession lI can think of］［that is virtually ungoverned in terms of power］.,ok,Sentence,関係節
5306,But this is the only method ［I know of］ ［that seems to work］.,ok,Sentence,関係節
5307,"There isn't a school II know of］ ［that would have the ability to repay something like this」， said Reid Wagner, Palmdale athletic director.",ok,Sentence,関係節
5308,This is the first time II know of］ ［that a （junior） tennis tournament is considered an incentive for tourism］.,ok,Sentence,関係節
5309,"It's the only award ［I know of］ ［that says something for your whole athletic program, girls and boys, top to bottom］.",ok,Sentence,関係節
5310,"This is the first time ［I'm aware of］ ［that the dread scenario has occurred］，aid Victor Dricks, a spokesman for the commission， 「that a region is now going to be hard pressed to provide electricity for millions of people. This is a scenario that everybody's always talked about for last 20 years but has never really come to pass.",ok,Sentence,関係節
5311,Los Angeles defense lawyer Gigi Gordon agreed： “There are no circumstances II know ofj［that would allow this］. To grant this request would be to grant O.J. Simpson a privilege no other criminal defendant I know of has gotten. I'm sure they would all love it.”L,ok,Sentence,関係節
5312," Of course, there are a few others ［I know of］ ［who might have been killed］，it is a small place， Sawamatsu said, visibly upset and speaking slowly.",ok,Sentence,関係節
5313,I'm thrilled to be a part of something so important because this is the first time ［that I know of］ ［where a Latino family has been portrayed so nicely， as just a regular family with ups and downs］，” she said.ok?,ok,Sentence,関係節
5314,There's no one in the valley ［that I know of］ ［that discriminates against any color whatsoever］,ok,Sentence,関係節
5315,Without1732（reimbursement） we need to probably come up with different options， he said. There's no decision II know of］ ［that's supporting the project without 1732］,ok,Sentence,関係節
5316,He's the only Irish writer [I know of］ ［who's actually read by the kids he writes about in Dublin］.,ok,Sentence,関係節
5317,"It's the only situation ［I'm aware of ［where classical music is presented to such a mass audience], so it has to have a positive effect, Mr.Cossette said.",ok,Sentence,関係節
5318,"This is the only industry ［I know of］ ［where they say you must subsidize your tenants］ said Jim Murdock, a board member of the Western",ok,Sentence,関係節
5319,This is the only government progran II know of］ ［that lets you be creative］，” he says.,ok,Sentence,関係節
5320,Everybody's seen the movies，” he said. “Hammett made it in all media. He had radio shows. All were successful. The only thing II know of］ ［that lopped］ was a Nick and Nora musical that bombed.”,ok,Sentence,関係節
5321,"The only girl ［I can think of］ ［who had sex at 11］ was Lolita and she was dead by the time she was 17, so it is probably not an advisable approach.",ok,Sentence,関係節
5322,"However, no chimneys ［I know of］ ［that were properly braced］ failed last January, and, given the small investment of time and money relative to the possible pay back, most building inspectors, architects and engineers would agree that it makes sense.",ok,Sentence,関係節
5323,"Whether or not it's traditional or on the cutting edge, it's the only talk show ［that I know of］ ［which is hosted by two people who are still basically in their 20s and are minorities］.",ok,Sentence,関係節
5324,This is the first set of psychological variables ［that I know of］ ［where heritability plays such a small role］.,ok,Sentence,関係節
5325,"This is a very important breakthrough and the first publication ［I know of］［that has agreed to systematically pay writers］ Paul Aiken, executive director of the Authors Guild, said of the move by Harper's, which is owned by the Harper's Magazine Foundation.",ok,Sentence,関係節
5326,Connecticut's program is the only one ［I know of］ ［that asks these men to renounce their membership in gangs in writing］,ok,Sentence,関係節
5327,"There isn't a seasoned airline official lI know of］ ［who doesn't tell you
that］",ok,Sentence,関係節
5328,"PK （= the Promise Keepers, the all-male, all-Christian movement-T. K.） is the only movement II know of］ ［where blacks, whites, Hispanic and Asian-Americans come together to keep the Rev. Dr. Martin Luther King Jr.'s message alive］.",ok,Sentence,関係節
5329,This is the first time［that I know of］［that four churches were recommended to be disfellowshipped at once］ he added.,ok,Sentence,関係節
5330,About the only Hollywood stars ［I can remember］ ［who didn't smoke or drink alcohol in their films］ had names like Bambi， Willy or Old Yelle,ok,Sentence,関係節
5331,It's the first time [l can remember］ ［that （a politician） said he would get something done and then he did it］,ok,Sentence,関係節
5332,"However, there was no time ［I can remember］ ［that she was not conscious］.",ok,Sentence,関係節
5333,"This is the first time ［that I can remember］ ［that the Mets are going into spring training with a couple guys who can steal bases, with Lance Johnson and Bernard Gilkey in the front part of our lineup］， Green said.",ok,Sentence,関係節
5334,This is the frst time [l can remember］ ［when so many cycles have peaked simultaneously］， he said.,ok,Sentence,関係節
5335,"There were no lawsuits probably until into the 70's and John R. Williams in New Haven was the first attomey ll can remember］ 【that sued the Madison
police department, for improper searches］.",ok,Sentence,関係節
5336,"Many actors of that generation had been in World War Il and they'd seen life, and most actors today can't fill their shoes-Harvey Keitel, Sean Penn and Larry Fishburne are the only ones ［I can think of］ ［who have that kind of weight］， and Michael has it in spades.",ok,Sentence,関係節
5337,"In the ”70s this same dish （under the Russian name sedlo） was the specialty of a now-departed San Francisco restaurant named Bali's, and the tender rack at Zov's is the only one lI can think of］［that comes close to that standard］.",ok,Sentence,関係節
5338,The only guy ［I can think of］ ［that has those kind of hands］ is Largent.,ok,Sentence,関係節
5339,The only person ［I can think of］ ［who makes films at all like this］ is Eric Rohmer.,ok,Sentence,関係節
5340,"The only woman ［I can think of］ ［who might have accurately made such a claim, had she been singing at a key moment］， is Lorena Bobbitt.",ok,Sentence,関係節
5341,"“T've spoken to about everybody II can think of］ ［who was close to this
case］， because we need to do our own soul-searching，” Bessada said.",ok,Sentence,関係節
5342,“The only thing LI can think of］ ［that would be driving this］ is （Proposition） 187，” Bradley said Tuesday night.,ok,Sentence,関係節
5343,"To care is the only thing II can think of］ ［that separates us from any other assemblage of molecules, atoms and cells that happens to be in some unified whole］.",ok,Sentence,関係節
5344,"“There's nothing II can think of］ ［that would link the water supply to
something like that］，” said Tim Freeman, a city environmental specialist.",ok,Sentence,関係節
5345," There just aren't any other topics ［that I can think of］ ［where we care so much, get bombarded so heavily and know so little］.",ok,Sentence,関係節
5346,"“The only thing ［that I can think of］ ［that might have affected the stock］ was
that he said the PC business was weak in North America-but all the large
computer stocks seemed to reverse.”",ok,Sentence,関係節
5347,"His novel “The Manticore， for instance， is the only work of fiction ［I can think of］ ［that presents an entirely believable dramatization of the internal process of analysis→and what's more, within the context of a rippingly good yarn］",ok,Sentence,関係節
5348,There are other large pieces of property but none ［that I can think of］ ［where the estate house has always been lived in and is in such good condition］”,ok,Sentence,関係節
5349,"Birdsall, who runs a UFO magazine, has made himself into an expert on aviation- “so when something doesn't correlate, I can justifiably say that's nothing ［I'm aware of］ ［that can be explained］”",ok,Sentence,関係節
5350,This is the first thing ［I'm aware of］ ［that she's done this well］.,ok,Sentence,関係節
5351,The Fulfillment Fund is the only local effort II am aware of］ ［that sticks with kids long-term］.,ok,Sentence,関係節
5352,"“There was nothing II am aware of］ ［that could have prevented the
landslide］，” she said.",ok,Sentence,関係節
5353,"“There are just no cases ［that I know of］ ［that can be attributed to the sport itself］... I think there have been a few suspected cases, but none really demonstrated.”",ok,Sentence,関係節
5354,"“Baseball is the only business ［that I'm aware of］ ［that sets its budget,"" Brown said， “before it knows its cost］",ok,Sentence,関係節
5355,Who is coming to the interview tomorrow?,ok,Sentence,関係節
5356,Who is coming to dinner tonight?,ok,Sentence,関係節
5357,Who are coming to dinner tonight?,*,Sentence,関係節
5358,Who is running for re-election in the Senate?,ok,Sentence,関係節
5359,Who are running for re-election in the Senate?,*,Sentence,関係節
5360,Who are these people?,ok,Sentence,関係節
5361,"Who controls the Senate, the Democrats or the Republicans?",ok,Sentence,関係節
5362,"Who control the Senate, the Democrats or the Republicans?",*,Sentence,関係節
5363,John is gathering in the park,*,Sentence,関係節
5364,Demonstrators are gathering in the park.,ok,Sentence,関係節
5365,John is assembling in the hall.,*,Sentence,関係節
5366,The Representatives are assembling in the hall.,ok,Sentence,関係節
5367,John is alike.,*,Sentence,関係節
5368,These people are alike.,ok,Sentence,関係節
5369,Who is gathering in the park?,ok,Sentence,関係節
5370,Who are gathering in the park?,*,Sentence,関係節
5371,Who is assembling in the hall?,ok,Sentence,関係節
5372,Who are assembling in the hall?,*,Sentence,関係節
5373,Who is alike?,*,Sentence,関係節
5374,Who are alike?,*,Sentence,関係節
5375,My class is gathering in the park now.,ok,Sentence,関係節
5376,A group of demonstrators is gathering in the park now.,ok,Sentence,関係節
5377,The committee is assembling in the hall now.,ok,Sentence,関係節
5378,My class is alike.,*,Sentence,関係節
5379,This group of students is alike.,*,Sentence,関係節
5380,The committee is alike.,*,Sentence,関係節
5381,John is always fighting with each other.,*,Sentence,関係節
5382,John and Mary are always fighting with each other.,ok,Sentence,関係節
5383,The couple is waiting for the arrival of an adopted child born in Rumania.,ok,Sentence,関係節
5384,The couple are waiting for the arrival of an adopted child born in Rumania.,ok,Sentence,関係節
5385,The couple is always fighting with each other.,*,Sentence,関係節
5386,The couple are always fighting with each other.,ok,Sentence,関係節
5387,Who is fighting with each other?,*,Sentence,関係節
5388,John hates one another.,*,Sentence,関係節
5389,"John, Bill and Mary hate one another.",ok,Sentence,関係節
5390,The committee hates one another.,*,Sentence,関係節
5391,Who hates one another?,*,Sentence,関係節
5392,"Which is going to win, the Democrats or the Republicans?",ok,Sentence,関係節
5393,The Democrats are.,ok,Sentence,関係節
5394,"Which are going to win, the Democrats or the Republicans?",*,Sentence,関係節
5395,The Democrats is.,*,Sentence,関係節
5396,"Between the Smiths and the Johnsons, which is friendlier to you?",ok,Sentence,関係節
5397,The Johnsons are.,ok,Sentence,関係節
5398,"Between the Smiths and the Johnsons, which are friendlier to you?",*,Sentence,関係節
5399,The Johnsons is.,*,Sentence,関係節
5400,What is troubling you?,ok,Sentence,関係節
5401,What are troubling you?,*,Sentence,関係節
5402,Who and John did you see today?,*,Sentence,関係節
5403,John and who did you see today?,*,Sentence,関係節
5404,Who and who did you see today?,*,Sentence,関係節
5405,Which paper will you talk with the student who wrote?,*,Sentence,関係節
5406,You will talk with [the student who wrote which paper]?,ok,Sentence,関係節
5407,I saw John and Mary today. You saw John and who?,ok,Sentence,関係節
5408,I saw John and Mary today. You saw who and Mary ? ,ok,Sentence,関係節
5409,I saw John and Mary today. You saw who and who?,ok,Sentence,関係節
5410,I think the graduating seniors are gathering in the park now.,ok,Sentence,関係節
5411,You think who are gathering in the park now?,?,Sentence,関係節
5412,I think the graduating seniors are gathering in the park now.,ok,Sentence,関係節
5413,You think who is gathering in the park now?,ok,Sentence,関係節
5414,I think these two girls are very much alike.,ok,Sentence,関係節
5415,You think who are alike?,?,Sentence,関係節
5416,I think these two girls are very much alike.,ok,Sentence,関係節
5417,You think who is alike?,*,Sentence,関係節
5418,Whom did you go out with?,ok,Sentence,関係節
5419,Who did you go out with?,ok,Sentence,関係節
5420,John married a girl whom he met at a party a month ago.,ok,Sentence,関係節
5421,John married a girl who he met at a party a month ago.,ok,Sentence,関係節
5422,Who met whom?,ok,Sentence,関係節
5423,Who met who?,ok,Sentence,関係節
5424,Who worked with whom?,ok,Sentence,関係節
5425,Who worked with who?,ok,Sentence,関係節
5426,What happened to whom?,ok,Sentence,関係節
5427,What happened to who?,ok,Sentence,関係節
5428,With whom did you work on this?,ok,Sentence,関係節
5429,With who did you work on this?,??,Sentence,関係節
5430,From whom did you hear about this?,ok,Sentence,関係節
5431,From who did you hear about this?,??,Sentence,関係節
5432,"John went to Florida, but I don't know with whom he went.",ok,Sentence,関係節
5433,"John went to Florida, but I don't know with whom.",ok,Sentence,関係節
5434,"John went to Florida, but I don't know with who.",??,Sentence,関係節
5435,"John went to Florida, but I don't know who he went with.",ok,Sentence,関係節
5436,"John went to Florida, but I don't know who with.",ok,Sentence,関係節
5437,"John went to Florida, but I don't know whom with.",*,Sentence,関係節
5438,Speaker A: John complained to his boss. Speaker B: What about?,ok,Sentence,関係節
5439,Speaker A: I want to go to New York this weekend. Speaker B: What for?,ok,Sentence,関係節
5440,Speaker A: John called while you were out. Speaker B: Where from?,ok,Sentence,関係節
5441,"John went out after dinner, but I don't know where to.",ok,Sentence,関係節
5442,"""What for did you kill Ferguson?"" O'Brien demanded. I haven't any patience for these unprovoked killings. And they've got to stop...",ok,Sentence,関係節
5443,"So the libraries ""began"" shredding records. What for did they need to keep any of this information after the books/video/ materials were returned to the library anyway?,ok,,?",ok,Sentence,関係節
5444,Where did it come from and where to did it disappear?,ok,Sentence,関係節
5445,Hmmm... what kind of fonts? How & where to did you install them?,ok,Sentence,関係節
5446,Why and where to did you go?,ok,Sentence,関係節
5447,When and where to did you send your request?,ok,Sentence,関係節
5448,When and where from did he arrive in Bangkok?,ok,Sentence,関係節
5449,"As a result of working at the newspaper company, I met my future husband, when was also working there.",*,Sentence,関係節
5450,"As a result of working at the newspaper company, I met my future husband, which was also working there.",ok,Sentence,関係節
5451,"As a result of working at the newspaper company, I met my future husband, that was also working there.",*,Sentence,関係節
5452,"As a result of working at the newspaper company, I met my future husband, when was also working there.",*,Sentence,関係節
5453,"As a result of working at the newspaper company, I found my future plant, when was placed there.",*,Sentence,関係節
5454,"As a result of working at the newspaper company, I found my future plant, which was placed there.",ok,Sentence,関係節
5455,"As a result of working at the newspaper company, I found my future plant, that was placed there.",*,Sentence,関係節
5456,"As a result of working at the newspaper company, I found my future plant, who was placed there.",*,Sentence,関係節
5457,John married a blonde who he had met at a party only a month before.,ok,Sentence,関係節
5458,John married a blonde which he had met at a party only a month before.,*,Sentence,関係節
5459,John married a blonde that he had met at a party only a month before.,ok,Sentence,関係節
5460,"John married a blonde, who divorced him a month later.",ok,Sentence,関係節
5461,"John married a blonde, which divorced him a month later.",*,Sentence,関係節
5462,"John married a blonde, that he had met at a party only a month before.",*,Sentence,関係節
5463,John liked the sweater which Mary gave him on his birthday.,ok,Sentence,関係節
5464,"John liked the sweater who Mary gave him, which he wore every day.",*,Sentence,関係節
5465,"John liked the sweater that Mary gave him, who he wore every day.",ok,Sentence,関係節
5466,"John liked the sweater that Mary gave him, which he wore every day.",ok,Sentence,関係節
5467,"John liked the sweater that Mary gave him, who he wore every day.",*,Sentence,関係節
5468,"John liked the sweater that Mary gave him, that he wore every day.",*,Sentence,関係節
5469,"I hear that John married a blonde, who Mary is not. Therefore, he couldn't have married Mary.",*,Sentence,関係節
5470,"I hear that John married a blonde, which Mary is not. Therefore, he couldn't have married Mary.",ok,Sentence,関係節
5471,"I hear that John married a blonde, that Mary is not. Therefore, he couldn't have married Mary.",*,Sentence,関係節
5472,"This loan program is for first-time buyers, who you don't seem to be.",*,Sentence,関係節
5473,"This loan program is for first-time buyers, which you don't seem to be.",ok,Sentence,関係節
5474,"This loan program is for first-time buyers, that you don't seem to be.",*,Sentence,関係節
5475,"I was looking for a doctor, but he was nowhere to be found.",ok,Sentence,関係節
5476,"I was looking for a doctor, and one was found in the neighboring town.",ok,Sentence,関係節
5477,"John married a blonde, but his parents didn't like her.",ok,Sentence,関係節
5478,"John married a blonde, but he couldn't find one in his town.",ok,Sentence,関係節
5479,George W. Bush is the President of the United States. He has been the President of the United States since 2001.,ok,Sentence,関係節
5480,George W. Bush is the President of the United States. He has been him since 2001.,*,Sentence,関係節
5481,George W. Bush is the President of the United States. He has been it since 2001.,ok,Sentence,関係節
5482,The President of the United States is George W. Bush. He has been him since 2001.,*,Sentence,関係節
5483,The President of the United States is George W. Bush. It has been him since 2001.,ok,Sentence,関係節
5484,Speaker A: Who is the President of the United States? Speaker B: It is George W. Bush.,ok,Sentence,関係節
5485,Speaker A: Who is the President of the United States? Speaker B: He is George W. Bush.,*,Sentence,関係節
5486,"The President of the United States is George W. Bush, isn't it ?",ok,Sentence,関係節
5487,"The President of the United States is George W. Bush, isn't he?",*,Sentence,関係節
5488,"The President of the United States is a conservative Republican, isn't he ?",ok,Sentence,関係節
5489,"The President of the United States is a conservative Republican, isn't it?",*,Sentence,関係節
5490,Who are you? I am John Smith.,ok,Sentence,関係節
5491,Who are you? I am a doctor.,*,Sentence,関係節
5492,What are you? I am a doctor.,ok,Sentence,関係節
5493,What are you? I am John Smith.,*,Sentence,関係節
5494,"We are looking for experienced language teachers, but this applicant is not an experienced language teacher.",ok,Sentence,関係節
5495,"We are looking for experienced language teachers, which this applicant is not.",ok,Sentence,関係節
5496,"We are looking for experienced language teachers, who this applicant is not.",*,Sentence,関係節
5497,"My father is a college teacher, but I don't want to become a college teacher.",ok,Sentence,関係節
5498,"My father is a college teacher, which I don't want to become.",ok,Sentence,関係節
5499,"My father is a college teacher, who I don't want to become.",*,Sentence,関係節
5500,What I hope you will cook is roast duck.,ok,Sentence,関係節
5501,The Bible is what I read every day.,ok,Sentence,関係節
5502,What I am doing now is yoga.,ok,Sentence,関係節
5503,What I married was a blonde.,*,Sentence,関係節
5504,Who I married was a blonde.,ok,Sentence,関係節
5505,Which I married was a blonde.,*,Sentence,関係節
5506,What they appointed to the position was a mechanical engineer.,*,Sentence,関係節
5507,Who they appointed to the position was a mechanical engineer.,ok,Sentence,関係節
5508,Which they appointed to the position was a mechanical engineer.,*,Sentence,関係節
5509,What I met yesterday was a policeman.,*,Sentence,関係節
5510,Who I met yesterday was a policeman.,ok,Sentence,関係節
5511,Which I met yesterday was a policeman.,*,Sentence,関係節
5512,What I saw in the yard was a little boy wearing a baseball cap.,ok,Sentence,関係節
5513,Who I saw in the yard was a little boy wearing a baseball cap.,*,Sentence,関係節
5514,Which I saw in the yard was a little boy wearing a baseball cap.,*,Sentence,関係節
5515,What you need is a caring wife.,ok,Sentence,関係節
5516,Who you need is a caring wife.,*,Sentence,関係節
5517,Which you need is a caring wife.,*,Sentence,関係節
5518,What I care most about is you.,ok,Sentence,関係節
5519,Who I care most about is you.,*,Sentence,関係節
5520,Which I care most about is you.,*,Sentence,関係節
5521,What I saw in the yard was a red soccer ball.,ok,Sentence,関係節
5522,Who I saw in the yard was a red soccer ball.,*,Sentence,関係節
5523,Which I saw in the yard was a red soccer ball.,*,Sentence,関係節
5524,What you need is some rest.,ok,Sentence,関係節
5525,Who you need is some rest.,*,Sentence,関係節
5526,Which you need is some rest.,*,Sentence,関係節
5527,What I care about is the future of our country.,ok,Sentence,関係節
5528,Who I care about is the future of our country.,*,Sentence,関係節
5529,Which I care about is the future of our country.,*,Sentence,関係節
5530,"I care about Mary. I care about Jane. I care about Tom, too. But what I care most about is you.",??,Sentence,関係節
5531,"I care about Mary. I care about Jane. I care about Tom, too. But who I care most about is you.",ok,Sentence,関係節
5532,"I care about Mary. I care about Jane. I care about Tom, too. But which I care most about is you.",*,Sentence,関係節
5533,"I care about Mary. I care about Jane. I care about Tom, too. The person that I care most about is you.",ok,Sentence,関係節
5534,"I care about Mary. I care about Jane. I care about Tom, too. I care most about you.",ok,Sentence,関係節
5535,"I didn't see Jane in the park. I didn't see Tom there, either. What I saw there was only Bill.",??,Sentence,関係節
5536,"I didn't see Jane in the park. I didn't see Tom there, either. The person that I saw there was only Bill.",ok,Sentence,関係節
5537,"I didn't see Jane in the park. I didn't see Tom there, either. I saw there was only Bill.",ok,Sentence,関係節
5538,"Mary wanted to marry a medical doctor, but what she ended up marrying was a linguist.",ok,Sentence,関係節
5539,"Mary wanted to marry a medical doctor, but who she ended up marrying was a linguist.",*,Sentence,関係節
5540,"Mary wanted to marry a medical doctor, but which she ended up marrying was a linguist.",*,Sentence,関係節
5541,"They were looking for a nuclear physicist, but what they ended up appointing to the position was a mechanical engineer.",?,Sentence,関係節
5542,"They were looking for a nuclear physicist, but who they ended up appointing to the position was a mechanical engineer.",*,Sentence,関係節
5543,"They were looking for a nuclear physicist, but which they ended up appointing to the position was a mechanical engineer.",*,Sentence,関係節
5544,The boy is sleeping in the bed is our son.,*,Sentence,関係節
5545,We like the woman she works at the restaurant.,*,Sentence,関係節
5546,The piano which is sold at the store is very expensive.,ok,Sentence,関係節
5547,The dress that I bought it wasn`t expensive.,*,Sentence,関係節
5548,He is a singer that we love him.,*,Sentence,関係節
5549,My mother likes the singer who he sings well.,*,Sentence,関係節
5550,I read the long letter that I received yesterday.,*,Sentence,関係節
5551,I think that he must be busy with a part-time job.,ok,Sentence,関係節
5552,The old man that he lives near my house is very kind.,*,Sentence,関係節
5553,I received a letter that my mother wrote it yesterday.,*,Sentence,関係節
5554,The students who they study at the famous school are very good.,*,Sentence,関係節
5555,The boy that I watched him on TV played the piano very well. ,*,Sentence,関係節
5556,We met the man worked for our company last year.,*,Sentence,関係節
5557,The news that he was hit by a car yesterday was true.,ok,Sentence,関係節
5558,The girl who you met in the town yesterday was my sister.,ok,Sentence,関係節
5559,The table it was made of stone was very heavy.,*,Sentence,関係節
5560,The book I read it was very interesting.,*,Sentence,関係節
5561,I want to buy a book it is written in English.,*,Sentence,関係節
5562,This is a book I bought it yesterday.,*,Sentence,関係節
5563,I don`t know who he is.,ok,Sentence,関係節
5564,I want to but the dress which is the most expensive in the shop.,ok,Sentence,関係節
5565,The TV show I watched it last night was fun.,ok,Sentence,関係節
5566,We didn`t believe that Tom passed the exams.,ok,Sentence,関係節
5567,I like the woman I often see her at that restaurant.,ok,Sentence,関係節
5568,The man who lives in that house is very tall.,ok,Sentence,関係節
5569,The cake that she baked was delicious.,ok,Sentence,関係節
5570,The dress that she bought it is beautiful.,*,Sentence,関係節
5571,The woman works in that cafﾃｩ is very kind.,*,Sentence,関係節